run_name,run_timestamp,sample,description,tags,measurement_note,raw_file_count,raw_total_gb,modes,artifact_count,run_folder
20260526_162112,2026-05-26T16:25:33,Vacuum,"highpass filter, without SHG, manual",Alignment,"Vacuum; highpass filter, without SHG, manual; tags: Alignment; highpass filter; 1600 nm; detector PDB230C (InGaAs); scan rate 0.1 mm/s; motor1 159; motor2 -656; shot noise 0.79 urad^2/rtHz; 4 interleaved channels; raw-backed: 2 Data_*.bin files, 16.38 GB",2,16.376,"raw_fft_candidate, raw_std",3,D:\Quantum Squeezing Project\DataFiles\20260526_162112
20260526_150209,2026-05-26T15:06:35,Vacuum,"highpass filter, without SHG, manual mode",Alignment,"Vacuum; highpass filter, without SHG, manual mode; tags: Alignment; highpass filter; 1600 nm; detector PDB230C (InGaAs); scan rate 0.1 mm/s; motor1 -162; motor2 -282; shot noise 1.12 urad^2/rtHz; 4 interleaved channels; raw-backed: 2 Data_*.bin files, 16.38 GB",2,16.376,"low_frequency, raw_fft_candidate, raw_std",5,D:\Quantum Squeezing Project\DataFiles\20260526_150209
20260526_143329,2026-05-26T14:39:27,Vacuum,"highpass filter, without SHG, manual mode",Alignment,"Vacuum; highpass filter, without SHG, manual mode; tags: Alignment; highpass filter; 1560 nm; detector PDB230C (InGaAs); scan rate 0.1 mm/s; motor1 -106; motor2 -221; shot noise 1.12 urad^2/rtHz; 4 interleaved channels; raw-backed: 2 Data_*.bin files, 16.38 GB",2,16.376,"raw_fft_candidate, raw_std",3,D:\Quantum Squeezing Project\DataFiles\20260526_143329
20260526_143004,2026-05-26T14:32:04,Vacuum,"highpass filter, without SHG, manual mode",Alignment,"Vacuum; highpass filter, without SHG, manual mode; tags: Alignment; highpass filter; 1560 nm; detector PDB230C (InGaAs); scan rate 0.1 mm/s; motor1 202; motor2 -149; shot noise 1.2 urad^2/rtHz; 4 interleaved channels; raw-backed: 2 Data_*.bin files, 7.50 GB",2,7.5,"raw_fft_candidate, raw_std",3,D:\Quantum Squeezing Project\DataFiles\20260526_143004
20260526_142458,2026-05-26T14:29:31,Vacuum,"highpass filter, without SHG, manual mode",Alignment,"Vacuum; highpass filter, without SHG, manual mode; tags: Alignment; highpass filter; 1560 nm; detector PDB230C (InGaAs); scan rate 0.1 mm/s; motor1 146; motor2 -53; shot noise 1.16 urad^2/rtHz; 4 interleaved channels; raw-backed: 2 Data_*.bin files, 16.38 GB",2,16.376,"low_frequency, raw_fft_candidate, raw_std",5,D:\Quantum Squeezing Project\DataFiles\20260526_142458
20260526_141535,2026-05-26T14:22:04,Vacuum,"highpass filter, without SHG, automatic mode",Alignment,"Vacuum; highpass filter, without SHG, automatic mode; tags: Alignment; highpass filter; 1560 nm; detector PDB230C (InGaAs); scan rate 0.1 mm/s; motor1 96; motor2 -7; shot noise 1.11 urad^2/rtHz; 4 interleaved channels; raw-backed: 2 Data_*.bin files, 16.31 GB",2,16.313,"low_frequency, raw_fft_candidate, raw_std",5,D:\Quantum Squeezing Project\DataFiles\20260526_141535
20260522_135524,2026-05-22T14:01:15,Vacuum,highpass filter,Alignment,"Vacuum; highpass filter; tags: Alignment; 780 nm; detector Si; scan rate 1 mm/s; motor1 -2808; motor2 1006; shot noise 3.8 urad^2/rtHz; 4 interleaved channels; raw-backed: 2 Data_*.bin files, 16.38 GB",2,16.376,"low_frequency, raw_fft_candidate, raw_std",5,D:\Quantum Squeezing Project\DataFiles\20260522_135524
20260522_135429,2026-05-22T13:54:31,Vacuum,highpass filter,Alignment,"Vacuum; highpass filter; tags: Alignment; 780 nm; detector Si; scan rate 1 mm/s; 4 interleaved channels; raw-backed: 2 Data_*.bin files, 0.00 GB",2,0.0,raw_fft_candidate,1,D:\Quantum Squeezing Project\DataFiles\20260522_135429
20260521_162959,2026-05-21T16:36:27,Vacuum,highpass filter,Alignment,"Vacuum; highpass filter; tags: Alignment; 780 nm; detector Si; scan rate 1 mm/s; motor1 -2888; motor2 1100; shot noise 1.4 urad^2/rtHz; 4 interleaved channels; raw-backed: 2 Data_*.bin files, 16.31 GB",2,16.313,"low_frequency, raw_fft_candidate, raw_std",5,D:\Quantum Squeezing Project\DataFiles\20260521_162959
20260515_140509,2026-05-15T14:11:23,Vacuum,"scanning OPO @800 nm, 0.7 urad^2/vHz",Alignment,"Vacuum; scanning OPO @800 nm, 0.7 urad^2/vHz; tags: Alignment; scan measurement; OPO involved; 800 nm; detector PDB230C (InGaAs); scan range 5 mm; scan rate 1 mm/s; motor1 -714; motor2 1603; shot noise 0.7 urad^2/rtHz; 4 interleaved channels; raw-backed: 2 Data_*.bin files, 16.38 GB",2,16.376,"high_frequency, low_frequency, raw_fft_candidate, raw_std",7,D:\Quantum Squeezing Project\DataFiles\20260515_140509
20260515_134951,2026-05-15T13:54:12,Vacuum,"single point position OPO @800 nm, 0.66 urad^2/vHz",Alignment,"Vacuum; single point position OPO @800 nm, 0.66 urad^2/vHz; tags: Alignment; single-point measurement; OPO involved; 800 nm; detector PDB230C (InGaAs); scan rate 1 mm/s; motor1 180; motor2 705; shot noise 0.66 urad^2/rtHz; 4 interleaved channels; raw-backed: 2 Data_*.bin files, 16.38 GB",2,16.376,"high_frequency, low_frequency, raw_fft_candidate, raw_std",7,D:\Quantum Squeezing Project\DataFiles\20260515_134951
20260515_134613,2026-05-15T13:46:45,Vacuum,single point position,Alignment,"Vacuum; single point position; tags: Alignment; single-point measurement; 800 nm; detector PDB230C (InGaAs); scan rate 1 mm/s; motor1 180; motor2 345; shot noise 0.27 urad^2/rtHz; 4 interleaved channels; raw-backed: 2 Data_*.bin files, 0.69 GB",2,0.688,"raw_fft_candidate, raw_std",3,D:\Quantum Squeezing Project\DataFiles\20260515_134613
20260515_133100,2026-05-15T13:41:53,Vacuum,"single point position flint2 @1030 nm, 1.65 urad^2/vHz",Alignment,"Vacuum; single point position flint2 @1030 nm, 1.65 urad^2/vHz; tags: Alignment; single-point measurement; 1030 nm; detector PDB230C (InGaAs); scan rate 1 mm/s; motor1 180; motor2 345; shot noise 1.65 urad^2/rtHz; 4 interleaved channels; raw-backed: 2 Data_*.bin files, 16.38 GB",2,16.376,"high_frequency, low_frequency, raw_fft_candidate, raw_std",7,D:\Quantum Squeezing Project\DataFiles\20260515_133100
20260515_131246,2026-05-15T13:26:06,Vacuum,single point position,Dark Noise,"Vacuum; single point position; tags: Dark Noise; dark-noise reference; single-point measurement; 1030 nm; detector PDB230C (InGaAs); scan rate 1 mm/s; motor1 176; motor2 337; shot noise 3.12268e+10 urad^2/rtHz; 4 interleaved channels; raw-backed: 2 Data_*.bin files, 16.31 GB",2,16.313,"raw_fft_candidate, raw_std",3,D:\Quantum Squeezing Project\DataFiles\20260515_131246
20260515_131116,2026-05-15T13:12:43,Vacuum,single point position,Dark Noise,"Vacuum; single point position; tags: Dark Noise; dark-noise reference; single-point measurement; 1030 nm; detector PDB230C (InGaAs); scan rate 1 mm/s; motor1 66; motor2 230; shot noise 3.0855e+10 urad^2/rtHz; 4 interleaved channels; raw-backed: 2 Data_*.bin files, 4.44 GB",2,4.438,"raw_fft_candidate, raw_std",3,D:\Quantum Squeezing Project\DataFiles\20260515_131116
20260515_130927,2026-05-15T13:10:40,Vacuum,single point position,Dark Noise,"Vacuum; single point position; tags: Dark Noise; dark-noise reference; single-point measurement; 1030 nm; detector PDB230C (InGaAs); scan rate 1 mm/s; motor1 62; motor2 216; 4 interleaved channels; raw-backed: 2 Data_*.bin files, 2.69 GB",2,2.688,"raw_fft_candidate, raw_std",3,D:\Quantum Squeezing Project\DataFiles\20260515_130927
20260515_130634,2026-05-15T13:09:19,Vacuum,single point position,Dark Noise,"Vacuum; single point position; tags: Dark Noise; dark-noise reference; single-point measurement; 1030 nm; detector PDB230C (InGaAs); scan rate 1 mm/s; motor1 62; motor2 216; shot noise 3.10409e+10 urad^2/rtHz; 4 interleaved channels; raw-backed: 2 Data_*.bin files, 9.50 GB",2,9.501,"raw_fft_candidate, raw_std",3,D:\Quantum Squeezing Project\DataFiles\20260515_130634
20260515_092941,2026-05-15T09:33:54,Vacuum,Dark noise,Dark Noise,"Vacuum; Dark noise; tags: Dark Noise; dark-noise reference; 1030 nm; detector PDB230C (InGaAs); scan rate 1 mm/s; motor1 289; motor2 496; shot noise 8.45752e+14 urad^2/rtHz; 4 interleaved channels; raw-backed: 2 Data_*.bin files, 16.38 GB",2,16.376,"high_frequency, low_frequency, raw_fft_candidate, raw_std",7,D:\Quantum Squeezing Project\DataFiles\20260515_092941
20260515_092306,2026-05-15T09:23:06,Vacuum,Dark noise,Dark Noise,"Vacuum; Dark noise; tags: Dark Noise; dark-noise reference; 1030 nm; detector PDB230C (InGaAs); scan rate 1 mm/s; 4 interleaved channels; raw-backed: 2 Data_*.bin files, 0.44 GB",2,0.438,raw_fft_candidate,1,D:\Quantum Squeezing Project\DataFiles\20260515_092306
