wavelength_nm,dispersion_ps_per_nm_km,gdd_fiber_fs2,gdd_sf11_rod_fs2,gdd_total_fs2,tod_fiber_fs3,pulse_duration_fiber_ps,pulse_duration_fiber_sf11_rod_ps
600,-303.05670764980624,2893978.383577325,90815.00501967524,2984793.3885970004,450795.7662286046,80.23818060161999,82.75610529292413
601,-301.7993421866201,2891586.004755344,90674.0975117974,2982260.102267141,500044.6721071955,80.17184982776489,82.68586773316301
602,-300.503339991634,2888758.0397023465,90463.4313323587,2979221.471034705,583611.407458923,80.09344204869014,82.60161904797768
603,-299.17110344286397,2885513.754397141,90183.9213153013,2975697.675712442,663980.6888537304,80.00349143038967,82.50391876795867
604,-297.8050349183259,2881872.710184648,89906.23221960403,2971778.942404252,741059.2902202377,79.90254032814322,82.39526849011544
605,-296.40753679603586,2877854.7650504117,89630.34529749557,2967485.110347907,814752.8549918799,79.791139321852,82.27621827457527
606,-294.9810114540099,2873480.074895091,89356.24202856401,2962836.316923655,884965.8888724372,79.66984725137394,82.14732644772586
607,-293.52786127026394,2868769.094808967,89083.90412096995,2957852.998929937,951601.7525806373,79.53923125185942,82.00915963758462
608,-292.05048862281393,2863742.5803464414,88813.31361978012,2952555.8939662213,1014562.6545747814,79.39986678908677,81.86229281213794
609,-290.55129588967594,2858421.5888005407,88544.45263867246,2946966.0414392133,1073749.6437573626,79.25233769479772,81.70730930723833
610,-289.03268544886595,2852827.480477413,88277.30361381476,2941104.7840912277,1129062.6021591858,79.09723620203317,81.54480086897871
611,-287.49705967840003,2846981.9199708323,88011.84930121269,2934993.7692720448,1180400.237603257,78.93516298046862,81.37536768895497
612,-285.94682095629406,2840906.8774366984,87748.07254342597,2928654.9499801244,1227660.0763480624,78.76672717174989,81.19961843313342
613,-284.38437166056417,2834624.6298675383,87485.95652522416,2922110.5863927626,1270738.4557110497,78.59254642482875,81.01817028427496
614,-282.8121141692262,2828157.762367006,87225.48461813944,2915383.2469851454,1309530.5166716697,78.41324693129862,80.8316489729608
615,-281.23245086029624,2821529.169424386,86966.64032872593,2908495.809753112,1343930.1964536181,78.22946346073022,80.64068881149386
616,-279.6477841117903,2814762.056189094,86709.40752924814,2901471.463718342,1373830.2210879845,78.04183939600746,80.4459327356305
617,-278.0605163017243,2807879.939745175,86453.77016777589,2894333.709912951,1399122.0979548192,77.8510267686631,80.2480323318786
618,-276.4730498081143,2800906.6503858096,86199.71243203878,2887106.3628178486,1419696.108304963,77.65768629421473,80.04764787737642
619,-274.8877870089763,2793866.3328878097,85947.21884091725,2879813.551728727,1435441.2997620213,77.46248740750056,79.8454483777653
620,-273.3071302823264,2786783.447786124,85696.27393910564,2872479.7217252296,1446245.478803524,77.26610829801548,79.64211159405987
621,-271.7334820061804,2779682.7726483354,85446.86258385748,2865129.635232193,1451995.2032216254,77.06923594524696,79.43832408593444
622,-270.16924455855434,2772589.4033491653,85198.96977052343,2857788.3731196886,1452575.7745637363,76.87256615401135,79.23478124222206
623,-268.6168203174643,2765528.7553449734,84952.58062403122,2850481.335969005,1447871.2305535588,76.67680358979001,79.03218731601454
624,-267.07861166092624,2758526.5649482585,84707.68070625393,2843234.245654512,1437764.337490795,76.48266181406552,78.83125546852075
625,-265.55702096695615,2751608.8906021593,84464.25554724166,2836073.146149401,1422136.5826308802,76.2908633196583,78.63270779140616
626,-264.05445061357005,2744802.114154958,84222.290771385,2829024.4049263434,1400868.1665449245,76.10213956606296,78.43727534562727
627,-262.57330297878394,2738132.9421345782,83981.77240768907,2822114.7145422674,1373837.9954588711,75.91723101478505,78.24569820537094
628,-261.1159804406137,2731628.407023086,83742.68668825625,2815371.0937113427,1340923.6735721277,75.73688716467785,78.05872548780393
629,-259.68488537707555,2725315.8685311973,83505.01982346571,2808820.888354663,1302001.4953567088,75.56186658727952,77.87711538217651
630,-258.2824201661854,2719223.01487277,83268.75822216716,2802491.773094937,1257512.6721105631,75.3929369621499,77.70163519126469
631,-256.9104763326702,2713372.4686374962,83033.88861237111,2796406.357249867,1211092.926365618,75.23072552003802,77.53291177787564
632,-255.5680965312451,2707756.93108644,82800.39773489622,2790557.3288213364,1167027.027014224,75.07502989703826,77.37074241047443
633,-254.25333622568238,2702358.492236986,82568.27260681178,2784926.764843798,1126498.762216085,74.92535352336658,77.21463015929123
634,-252.9642499152502,2697158.979823694,82337.50036486179,2779496.480188556,1089598.7528942013,74.78119255723043,77.06407082586502
635,-251.69889209921675,2692139.9684205814,82108.06822814062,2774248.036648722,1056417.560122767,74.64203613775143,76.91855319493128
636,-250.45531727685014,2687282.7784089944,81879.963740151,2769162.7421491453,1027046.7671565309,74.50736635634841,76.77755901251639
637,-249.2315799474184,2682568.474945493,81653.17443003571,2764221.6493755286,1001578.9856072089,74.37665822812075,76.64056294792843
638,-248.02573461018972,2677977.8669297304,81427.68803807515,2759405.5549678057,980107.8616368808,74.24937966323165,76.50703257139257
639,-246.8358357644322,2673491.505972333,81203.4925626601,2754694.998534993,962728.0821679025,74.1249914382915,76.37642832673671
640,-245.65993790941394,2669089.685362778,80980.57597261526,2750070.2613353934,949535.3811085534,74.00294716774117,76.24820349479889
641,-244.4960955444031,2664752.4390372764,80758.92644784655,2745511.365485123,940626.5455957985,73.88269327523552,76.12180417148278
642,-243.34236316866773,2660459.5405466496,80538.53242670873,2740998.0729733584,936099.4222542399,73.76366896502681,75.99666924045462
643,-242.19679528147594,2656190.502024211,80319.38225911239,2736509.8842833233,936052.9234711445,73.64530619334829,75.8722303349088
644,-241.05744638209592,2651924.5731536467,80101.46458233419,2732026.037735981,940587.0336885457,73.52702963979797,75.74791181937123
645,-239.92237096979576,2647640.7401368935,79884.7683048514,2727525.508441745,949802.8157115602,73.40825667872211,75.62313076063468
646,-238.78962354384353,2643317.724662018,79669.2822014735,2722987.0068634916,963802.4170326092,73.28839735059917,75.49729688791749
647,-237.65725860350736,2638933.9828711,79454.99521955375,2718388.9780906537,982519.7397556498,73.16685433342366,75.36981257273719
648,-236.5234679875614,2634469.234056665,79241.89657629185,2713711.130632957,1004243.227528634,73.04306532713186,75.24011521603643
649,-235.38776651079243,2629917.730019888,79029.9756393414,2708947.7056592293,1026455.8735274447,72.91687095798456,75.10804514927528
650,-234.25040834174757,2625281.9412922543,78819.22169002771,2704101.1629822818,1048223.4217119946,72.78833972362008,74.97367057290998
651,-233.11165572638313,2620564.4636861044,78609.62426448561,2699174.08795059,1069522.7680728112,72.657543595196,74.83706316798109
652,-231.9717709106554,2615767.9287426197,78401.17315746812,2694169.1019000877,1090340.6831849096,72.5245555344825,74.69829561331213
653,-230.83101614052066,2610895.0038709505,78193.85800080474,2689088.861871755,1110663.790375076,72.38944949771965,74.55744157767953
654,-229.68965366193527,2605948.39248734,77987.6686981745,2683936.0611855146,1130478.5648599782,72.25230043947485,74.41457573572414
655,-228.5479457208555,2600930.8341542515,77782.59537251899,2678713.4295267705,1149771.3328817883,72.11318431649997,74.26977377035077
656,-227.40615456323764,2595845.104719493,77578.62806962043,2673423.7327891137,1168528.2708412812,71.97217809158886,74.12311236836686
657,-226.264542435038,2590694.0164553444,77375.75700834079,2668069.773463685,1186735.404429284,71.82935973743446,73.97466923127786
658,-225.1233715822129,2585480.4181976817,77173.97261515315,2662654.3908128347,1204378.6077555348,71.68480824048629,73.82452308010211
659,-223.9829042507187,2580207.1954851057,76973.2653254173,2657180.460810523,1221443.6024755887,71.53860360480785,73.6727536537182
660,-222.84340268651158,2574877.2706980626,76773.62570533971,2651650.896403402,1237915.956915209,71.39082685593355,73.5194417161038
661,-221.7051291355479,2569493.6031979755,76575.04448616623,2646068.647684142,1253781.085192507,71.24156004472648,73.36466906114103
662,-220.56834584378404,2564059.189466368,76377.51242205073,2640436.7018884188,1269024.2463386697,71.09088625123547,73.20851851253306
663,-219.43331505717617,2558577.0632439866,76181.02039813479,2634758.0836421214,1283630.5434152777,70.9388895885524,73.05107393065794
664,-218.30029902168067,2553050.295669933,75985.55941994002,2629035.855089873,1297584.9226300383,70.78565520666963,72.89242021613201
665,-217.16955998325383,2547481.995420784,75791.12063418838,2623273.1160549726,1310867.6379034268,70.6312692963373,72.73264331424424
666,-216.04136348326296,2541875.3476225003,75597.6951981531,2617473.0428206534,1323331.0376274278,70.47582016792911,72.57183129020005
667,-214.9160672460139,2536234.6635380727,75405.27438985417,2611639.937927927,1334685.441380295,70.31942735493438,72.41010343567002
668,-213.79413132256107,2530565.5170970904,75213.84976155912,2605779.3668586495,1344755.2816130663,70.16224539935666,72.24761405844491
669,-212.67602109506532,2524873.6117057074,75023.41263354932,2599897.024339257,1353505.2894116952,70.00443243304596,72.08452104973023
670,-211.5622019456874,2519164.7179576186,74833.95456630195,2593998.6725239204,1360907.2903364892,69.84614845068182,71.92098417022088
671,-210.4531392565882,2513444.673880953,74645.46742278182,2588090.141303735,1366932.8229057812,69.68755531661866,71.75716505867366
672,-209.3492984099286,2507719.3851851667,74457.9428766803,2582177.328061847,1371553.1370027238,69.52881677173083,71.59322722511777
673,-208.25114478786938,2501994.8255079356,74271.37283979692,2576266.1983477324,1374739.1922772278,69.3700984402579,71.42933606954973
674,-207.1591437725714,2496277.0366620477,74085.74928261191,2570362.7859446597,1376461.6565443366,69.2115678366499,71.26565888380368
675,-206.07376074619555,2490572.128882296,73901.06411726333,2564473.1929995595,1376690.9041789568,69.05339437241246,71.10236485515208
676,-204.9954610909026,2484886.281072372,73717.30955346799,2558603.5906258402,1375397.0145062853,68.89574936295207,70.93962508301921
677,-203.92471018885342,2479225.741051759,73534.47791858621,2552760.2189703453,1372549.7701883574,68.7388060344214,70.77761258083757
678,-202.86197342220885,2473596.825802624,73352.56144654055,2546949.3872491647,1368118.6556068216,68.58273953056447,70.61650227704061
679,-201.80771617312973,2468005.921716711,73171.55244982369,2541177.474166535,1362072.855241746,68.42772691956182,70.4564710266772
680,-200.76240382377694,2462459.4848422348,72991.44343243039,2535450.928274665,1354381.2520465467,68.27394720087605,70.29769762138795
681,-199.72650175631122,2456964.0411307714,72812.22703250282,2529776.268163274,1345012.4258185572,68.1215813120968,70.14036279466028
682,-198.7004753528935,2451526.1866841535,72633.89583799429,2524160.082522148,1333934.6515662074,67.97081213578619,69.98464922356281
683,-197.6847899956846,2446152.5880013634,72456.44253184744,2518609.030533211,1321117.2210842692,67.82182450632413,69.83074153961597
684,-196.67991020265615,2440849.9715006053,72279.85997296227,2513129.8314735675,1306811.324381402,67.67480491939878,69.67882604052727
685,-195.68611728366088,2435622.854051038,72104.14090093086,2507726.994951969,1291908.0492495208,67.52987860905435,69.52902775904876
686,-194.70328378704133,2430470.69433471,71929.27831954935,2502399.9726542593,1277124.127846373,67.38703056676177,69.38133149267581
687,-193.7312269530285,2425392.243573071,71755.26537214984,2497147.5089452206,1262552.996329717,67.24622616904131,69.23570242782071
688,-192.76976402185363,2420386.229812875,71582.09502971804,2491968.324842593,1248203.0079390993,67.10743014987565,69.09210510357956
689,-191.81871223374773,2415451.357829213,71409.76050634138,2486861.1183355544,1234082.6162162796,66.97060659802145,68.95050342056254
690,-190.877888828942,2410586.3090285645,71238.25502276527,2481824.5640513296,1220200.375606114,66.83571895432128,68.81086063165031
691,-189.94711104766748,2405789.7413518336,71067.57176246724,2476857.313114301,1206564.9420593516,66.70273000901533,68.67313933808785
692,-189.02619613015534,2401060.2891773963,70897.70434144088,2471957.9935188373,1193185.0736366413,66.57160189905332,68.53730149982125
693,-188.11496131663665,2396396.5632241396,70728.64616555789,2467125.2093896973,1180069.6311142838,66.44229610540609,68.40330841499204
694,-187.21322384734256,2391797.1504545105,70560.39059792073,2462357.5410524313,1167227.578591411,66.31477345037763,68.2711207218889
695,-186.32080096250417,2387260.61397755,70392.9313626873,2457653.545340237,1154667.9840989176,66.18899409491664,68.1406984074557
696,-185.4375099023526,2382785.4929519463,70226.26206476399,2453011.75501671,1142400.0202095476,66.06491753592849,68.01200079128658
697,-184.56316790711898,2378370.3024890698,70060.37643553091,2448430.6789246006,1130432.9646501832,65.94250260358693,67.88498652975059
698,-183.69759221703436,2374013.5335560185,69895.26828694131,2443908.8018429596,1118776.2009146968,65.8217074586459,67.75961361203072
699,-182.84060007232992,2369713.6528786626,69730.93138349609,2439444.5842621587,1107439.21887908,65.7024895897513,67.63583935388635
700,-181.9920087132368,2365469.1028446853,69567.3597248702,2435036.4625695557,1096431.61541853,65.58480581075273,67.51362040280078
701,-181.15163537998603,2361278.3014066266,69404.5473177634,2430682.84872439,1085763.0950246647,65.46861225801547,67.39291272896762
702,-180.31929731280877,2357139.6419849256,69242.48806347587,2426382.1300484017,1075443.470425398,65.35386438773197,67.27367161948543
703,-179.4948117519361,2353051.493370965,69081.1761245215,2422132.6694954867,1065510.5718771704,65.24051697323394,67.15585168583414
704,-178.67797969782103,2349011.9861318767,68920.60572858354,2417932.59186046,1056174.8205115634,65.12851818288289,67.03940093633
705,-177.86850281532207,2345017.9139437424,68760.77105566722,2413778.6849994096,1047689.3184714981,65.01777911859455,66.92423031151908
706,-177.06604522276407,2341065.5318358545,68601.66630530037,2409667.198141155,1040139.592154568,64.9081959478438,66.81023581804666
707,-176.27027096841198,2337151.045893105,68443.28588583501,2405594.3317789403,1033546.8609504318,64.79966348108181,66.69731211132415
708,-175.48084410053073,2333270.613996188,68285.62423047789,2401556.238226666,1027932.439033553,64.69207519225888,66.58535251095095
709,-174.69742866738534,2329420.3456433765,68128.67563275872,2397549.021276135,1023317.8576309598,64.58532321388313,66.47424899121141
710,-173.91968871724072,2325596.301772291,67972.43472181562,2393568.7364941062,1019724.8662052474,64.47929833207874,66.3638921893109
711,-173.1472882983619,2321794.494581675,67816.89614289567,2389611.390724571,1017175.4336408799,64.37388998164471,66.25417139157601
712,-172.37989145901378,2318010.8873531637,67662.05430533832,2385672.941658502,1015691.749432924,64.2689862411131,66.14497452152548
713,-171.6171622474614,2314241.3942730594,67507.90391245068,2381749.29818551,1015296.2248789183,64.16447382780777,66.03618814962024
714,-170.8587647119697,2310481.880254099,67354.43979347759,2377836.320047577,1016011.494273787,64.06023809290267,65.92769748366281
715,-170.1043629008036,2306728.1607572306,67201.65671926535,2373929.817476496,1017860.4161064642,63.9561630164805,65.81938635874518
716,-169.35362086222815,2302976.0016133846,67049.5494018385,2370025.551015223,1020866.0742609391,63.85213120259127,65.71113723229551
717,-168.60620264450827,2299221.1188452425,66898.11275753196,2366119.2316027745,1025051.7792193353,63.748023874310604,65.60283118643218
718,-167.8617722959089,2295459.1784890136,66747.34180370723,2362206.5202927208,1030441.0692672771,63.643720868798496,65.49434792015879
719,-167.11999386469506,2291685.796416203,66597.23142120872,2358283.027837412,1037057.7117031544,63.539100632357716,65.3855657378364
720,-166.3805313991317,2287896.538155389,66447.77661391272,2354344.3147693016,1044925.7040498073,63.43404021549247,65.27636155143854
721,-165.6430489474838,2284086.9187139883,66298.97253138156,2350385.89124537,1054069.2752687722,63.328415267966825,65.16661087623766
722,-164.9072105580163,2280252.402400031,66150.81425919311,2346403.216659224,1064512.88697742,63.22210003386324,65.0561878200504
723,-164.1726802789942,2276388.402643937,66003.29694620446,2342391.6995901414,1076281.2346695776,63.11496734664137,64.94496508182482
724,-163.4391221586824,2272490.281820281,65856.41583905494,2338346.697659336,1089391.0326192114,63.006888624196385,64.83281394765542
725,-162.70620449531006,2268553.410325272,65710.16619908238,2334263.5765243545,1103446.61618695,62.89773550683254,64.71960592645317
726,-161.97380772385955,2264576.073707622,65564.5433197014,2330140.617027323,1117450.5794617196,62.78746045994366,64.60529335311355
727,-161.24211856239063,2260560.8332735943,65419.542566041244,2325980.3758396357,1130749.988729101,62.67613449794549,64.48994711355061
728,-160.51134760804786,2256510.615019284,65275.159321512394,2321785.7743407968,1143282.609686803,62.56383874658902,64.37364820552128
729,-159.78170545797593,2252428.377722766,65131.389010150466,2317559.7667329162,1155032.4770748068,62.45065524053239,64.25647853681605
730,-159.05340270931936,2248317.1130558136,64988.22718587845,2313305.340241692,1165983.473646237,62.33666692643824,64.13852093083138
731,-158.32664995922278,2244179.8456956367,64845.66930291864,2309025.514998555,1176119.3293856254,62.22195766607176,64.01985912330204
732,-157.6016578048308,2240019.633436594,64703.710878236525,2304723.344314831,1185423.6207262801,62.106612239397855,63.90057776990228
733,-156.8786368432881,2235839.567301928,64562.347730156696,2300401.9150320846,1193879.7697652322,61.99071634767906,63.78076245595958
734,-156.1577976717392,2231642.7716554822,64421.5754355102,2296064.3470909926,1201471.0434763206,61.87435661657301,63.66049968450101
735,-155.43935088732871,2227432.404313433,64281.38949676163,2291713.793810195,1208180.552921493,61.75762059923011,63.539876883984704
736,-154.7235070872013,2223211.6566560105,64141.78577692316,2287353.4424329335,1213991.2524610483,61.640596779391124,63.41898242345574
737,-154.01047686850154,2218983.753739227,64002.76012258771,2282986.513861815,1218885.938961092,61.52337457448483,63.29790560519224
738,-153.30047082837407,2214751.9544066014,63864.30836443667,2278616.262771038,1222847.2509998558,61.40604433872564,63.17673666781681
739,-152.5936995639635,2210519.55140088,63726.4262267363,2274245.9776276164,1225857.6680723766,61.288697366211125,63.055566786885066
740,-151.89037367241437,2206289.8714757683,63589.10962339301,2269878.9810991613,1227899.5097924327,61.17142589401974,62.934488086191514
741,-151.19070375087134,2202066.275507654,63452.35454854774,2265518.630056202,1228954.935093654,61.054323105308484,62.81359363783399
742,-150.49490039647904,2197852.15860733,63316.15697004797,2261168.315577378,1229005.9414289782,60.93748313241042,62.69297746235752
743,-149.80317420638204,2193650.950231723,63180.51282798074,2256831.463059704,1228034.3639674343,60.821001059932414,62.57273453181144
744,-149.11573577772495,2189466.114295616,63045.418187580864,2252511.532483197,1226021.8747895625,60.70497292785267,62.452960777086446
745,-148.4327957076524,2185301.1492833747,62910.86916424391,2248212.0184476185,1222949.9820812894,60.58949573461847,62.333753088933214
746,-147.75456459330903,2181159.588360674,62776.86189068749,2243936.450251362,1218876.5636906761,60.47466744024375,62.21520932014956
747,-147.0812179111196,2177044.479641673,62643.392440327894,2239687.872082001,1214332.049947705,60.36057255627529,62.09741387342097
748,-146.41271631083308,2172955.7122661658,62510.45707695507,2235466.169343121,1209962.4996247569,60.24720800901168,61.98036357145656
749,-145.74893924273383,2168891.9623481007,62378.051987791965,2231270.0143358926,1205953.4816607414,60.134537092580324,61.86402160266872
750,-145.08976600559234,2164851.8861096683,62246.17332812569,2227098.059437794,1202313.7091780358,60.02252254959341,61.74835060306919
751,-144.4350758981792,2160834.1220539203,62114.817578469745,2222948.93963239,1199051.6473447345,59.911126631385784,61.633312726409365
752,-143.78474821926497,2156837.2909007375,61983.98090336473,2218821.271804102,1196175.8457676948,59.80031109623948,61.51886962462719
753,-143.1386622676202,2152859.995522791,61853.65970410522,2214713.655226896,1193694.9389360715,59.690037207608306,61.404982461396514
754,-142.4966973420155,2148900.820881514,61723.850466734235,2210624.671348248,1191617.646666945,59.580265732342525,61.29161190613732
755,-141.85873274122136,2144958.333963062,61594.54949798018,2206552.8834610423,1189952.774550907,59.47095693891344,61.17871812491882
756,-141.22464776400835,2141031.083714285,61465.753192253935,2202496.836906539,1188709.2143987527,59.362070595638045,61.06626078608696
757,-140.59432170914707,2137117.6009786865,61337.458228172705,2198455.059206859,1187895.9446903218,59.25356596890355,60.954199063937686
758,-139.967633875408,2133216.398432397,61209.66106706589,2194426.0594994626,1187522.0310229931,59.145401821392184,60.84249162303736
759,-139.3444635615618,2129325.970520133,61082.35805250663,2190408.3285726397,1187596.6265619558,59.037536410305584,60.73109661920686
760,-138.724690066379,2125444.7933911704,60955.54597167134,2186400.3393628416,1188128.9724916683,58.92992748558966,60.61997171331042
761,-138.10819268863008,2121571.3248353004,60829.2214762067,2182400.546311507,1189128.3984672567,58.82253228815894,60.5090740534232
762,-137.49485072708566,2117704.0042188074,60703.38102411314,2178407.3852429204,1190604.3230679915,58.715307548121494,60.3983602714448
763,-136.88454348051633,2113841.2524204263,60578.02133023187,2174419.273750658,1192566.2542519255,58.60820948300336,60.28778649381382
764,-136.2771502476926,2109981.4717673115,60453.13919104929,2170434.6109583606,1195023.7898106256,58.5011937959732,60.177308334875086
765,-135.67255032738498,2106123.045971001,60328.73125194901,2166451.77722295,1197986.617824956,58.394215674066935,60.066880888651134
766,-135.07062301836416,2102264.34006339,60204.79428301109,2162469.134346401,1201464.5171233346,58.28722978641252,59.956458734713756
767,-134.47124761940057,2098403.7003326835,60081.32506165071,2158485.025394334,1205467.3577392262,58.18019028245426,59.845995933154384
768,-133.87430342926487,2094539.4542593749,59958.320394792594,2154497.7746541677,1210003.00543623,58.07305079017776,59.73544602342385
769,-133.27967060296658,2090669.92388346,59835.77717913168,2150505.7010625917,1214868.5315796877,57.9657647867273,59.62476239662045
770,-132.68731497819155,2086794.7599942083,59713.692163306994,2146508.4521575156,1219467.9951304416,57.858322589945644,59.51393528043911
771,-132.09735993961138,2082916.0927376456,59592.06238953028,2142508.155127176,1223361.9052079811,57.75078325993868,59.40302365298292
772,-131.50994579470165,2079036.3407169115,59470.88467189208,2138507.2253888035,1226495.22380503,57.643213854528305,59.29209448374697
773,-130.92521285093795,2075157.9462998242,59350.155902855564,2134508.10220268,1228854.4366568928,57.53568209043084,59.18121540329377
774,-130.3433014157959,2071283.3756933126,59229.8732908003,2130513.248984113,1230425.9122314437,57.42825634532052,59.070454711902975
775,-129.76435179675104,2067415.1190178567,59110.03359948689,2126525.1526173437,1231195.901170679,57.32100565989351,58.95988136054885
776,-129.18850430127887,2063555.6903819165,58990.6338947686,2122546.3242766852,1231150.5357303345,57.213999739931374,58.84956497366697
777,-128.61589923685506,2059707.6279563745,58871.671322281836,2118579.2992786565,1230275.8292200668,57.10730895836512,58.73957584505458
778,-128.04667691095514,2055873.494048967,58753.142908665366,2114626.6369576324,1228557.6754415545,57.00100435733872,58.629984934422694
779,-127.4809776310547,2052055.8751787196,58635.0457834748,2110690.9209621944,1225981.8481246682,56.89515765027302,58.52086387561279
780,-126.9189417046293,2048257.3821503832,58517.37701899574,2106774.759169379,1222534.0003637136,56.78984122392938,58.41228497421917
781,-126.3607094391545,2044480.6501288705,58400.13371149379,2102880.7838403643,1218199.6640515612,56.68512814047349,58.3043212119055
782,-125.80642114210592,2040728.33871369,58283.31312774713,2099011.651841437,1212964.2493132243,56.581092139539194,58.197046252531294
783,-125.2562171209591,2037003.1320133824,58166.91249966404,2095170.0445130465,1206813.0439381711,56.47780764029217,58.090534438521296
784,-124.7102376831896,2033307.7387199542,58050.92898518129,2091358.6677051354,1199731.21281069,56.3753497434937,57.984860791845065
785,-124.16862313627301,2029644.8921833162,57935.3597913243,2087580.2519746404,1191703.7973399386,56.27379423356456,57.88010101949281
786,-123.63151378768492,2026017.350485716,57820.202281017264,2083837.5527667333,1182715.7148888628,56.17321758064862,57.776331518500484
787,-123.09904994490088,2022427.8965161757,57705.453660721374,2080133.3501768971,1172751.7582011844,56.073696942676825,57.67362936935308
788,-122.57137191539647,2018879.3380449256,57591.11119151596,2076470.4492364416,1161796.5948275644,55.97531016743085,57.5720723439009
789,-122.04862000664727,2015374.5077978398,57477.17243973277,2072851.6802375726,1149834.766550971,55.878135794606884,57.47173891437224
790,-121.53093452612883,2011916.263530873,57363.63456652474,2069279.8980973978,1136850.6888102535,55.782253057879544,57.372708235740035
791,-121.01845578131675,2008507.4881044952,57250.49491692972,2065757.9830214249,1122828.6501227973,55.68774188696558,57.27506016411792
792,-120.51132407968659,2005151.0895581257,57137.75099769598,2062288.8405558218,1107793.6572667598,55.59468290968774,57.178875258209125
793,-120.00966497475744,2001849.755077692,57025.400207915314,2058875.1552856073,1092385.8889336102,55.50315063051801,57.084227950380885
794,-119.51338325714427,1998602.5029111207,56913.44006996538,2055515.942981086,1077695.7533889862,55.41311782953144,56.99109095201264
795,-119.02221377374117,1995405.4878924664,56801.867934300695,2052207.3558267672,1064229.9226366838,55.324477896243394,56.89935757915036
796,-118.53588699989959,1992254.7483335403,56690.681235221484,2048945.4295687617,1052025.1125668683,55.23712098949433,56.808917919489375
797,-118.05413341097106,1989146.2786176845,56579.87759830439,2045726.1562159888,1041106.0969060102,55.15093605017335,56.71966084807669
798,-117.576683482307,1986076.0290567859,56469.45447895207,2042545.483535738,1031497.8719738112,55.06581079725372,56.63147401332512
799,-117.1032676892589,1983039.9057482872,56359.40948491128,2039399.3152331985,1023225.6577554091,54.98163172382844,56.544243841990735
800,-116.6336165071782,1980033.7704322017,56249.74024734461,2036283.5106795463,1016314.8989765476,54.89828409314577,56.457855531633946
801,-116.16746041141643,1977053.4403481262,56140.444142379405,2033193.8844905056,1010791.266180825,54.81565193464484,56.37219303893473
802,-115.704529877325,1974094.6880922497,56031.51885235457,2030126.2069446042,1006680.6568089321,54.733618039991086,56.287139091289106
803,-115.2445553802554,1971153.2414743714,55922.96202112804,2027076.2034954994,1004009.1962800822,54.65206395911199,56.20257517328801
804,-114.78726739555913,1968224.78337491,55814.77136540078,2024039.5547403109,1002803.23907641,54.57086999623251,56.118381525839254
805,-114.33239639858763,1965304.9516019179,55706.944497884826,2021011.8960998026,1003089.3698290839,54.489915205910776,56.03443713730041
806,-113.87967286469237,1962389.3387480935,55599.47906334089,2017988.8178114344,1004894.404406558,54.40907738907358,55.950619743286126
807,-113.42882726922481,1959473.4920477923,55492.372822254736,2014965.864870047,1008245.3910053807,54.32823308905204,55.866805825023626
808,-112.97959008753647,1956552.9132340453,55385.62341447822,2011938.5366485235,1013169.6112437691,54.24725758761729,55.78287059883531
809,-112.53169179497874,1953623.058395563,55279.22866538442,2008902.2870609474,1019694.581256299,54.1660249010159,55.69868802066247
810,-112.08486286690315,1950679.3378337559,55173.18616861412,2005852.52400237,1027848.0527916776,54.08440777600571,55.61413077053247
811,-111.63883377866115,1947717.1159197434,55067.4938405519,2002784.6097602954,1037658.0143129283,54.002277685891364,55.529070263967604
812,-111.19333500560423,1944731.7109513679,54962.14949799439,1999693.8604493623,1049152.6920992865,53.919504826560015,55.443376636311214
813,-110.74809702308382,1941718.3950102052,54857.150840264054,1996575.5458504693,1062360.5513506,53.83595811251697,55.35691873826748
814,-110.30285030645142,1938672.3938185805,54752.4957351646,1993424.889553745,1077310.2972941066,53.751505172921384,55.26956413986546
815,-109.85732533105849,1935588.8865965789,54648.1820672576,1990237.0686638365,1094030.8762935633,53.66601234762197,55.181179122288086
816,-109.4112525722565,1932463.0059190604,54544.207646456,1987007.2135655165,1112378.0432953364,53.57934468319276,55.09162867137365
817,-108.96441810030339,1929290.821919161,54440.57027832816,1983731.392197489,1131342.9770616947,53.49139322080083,55.0008037674353
818,-108.51688249334677,1926073.2397018357,54337.267987422885,1980410.5076892585,1149801.2360501816,53.40218305526469,54.90872945052157
819,-108.0687909062519,1922812.6794817068,54234.29856932153,1977046.9780510284,1167473.8857361095,53.31178128908862,54.81547276202246
820,-107.62028851759115,1919511.586915968,54131.660043156255,1973643.2469591242,1184345.7052895806,53.220255730192456,54.721101454941774
821,-107.1715205059369,1916172.43276268,54029.350310528556,1970201.7830732088,1200401.4178944258,53.12767488243748,54.62568397496623
822,-106.7226320498615,1912797.7129577904,53927.367296117285,1966725.0802539077,1215625.6158265616,53.03410794776174,54.52928946649926
823,-106.27376832793742,1909389.9486921532,53825.70901211447,1963215.6577042677,1230002.7598516722,52.93962482831541,54.43198777658295
824,-105.82507451873695,1905951.6864885467,53724.373449778934,1959676.0599383255,1243517.178620773,52.844296128596106,54.33384945402657
825,-105.37669580083255,1902485.4982786973,53623.358552804304,1956108.8568315015,1256153.0680647523,52.748193157584325,54.23494575080361
826,-104.92877735279659,1898993.9814802932,53522.66233659878,1952516.643816892,1267894.490788577,52.65138793087869,54.13534862749418
827,-104.48146435320145,1895479.7590740095,53422.28293116712,1948902.0420051767,1278725.3754629341,52.553953172831356,54.03513075660939
828,-104.03490198061952,1891945.4796805251,53322.218356036465,1945267.6980365617,1288629.5162156064,52.455962318683426,53.93436551848632
829,-103.58923541362319,1888393.8176375418,53222.4666088415,1941616.2842463832,1297590.5720211726,52.35748951670016,53.83312700587938
830,-103.14460983078483,1884827.4730768055,53123.02573822401,1937950.4988150294,1305592.0660895177,52.25860963030645,53.73149002811708
831,-102.70117041067687,1881249.1720011262,53023.894005768896,1934273.0660068952,1312617.3852536364,52.1593982402222,53.62953011772704
832,-102.25906233187165,1877661.6663613946,52925.06942242687,1930586.7357838214,1318649.7793554175,52.05993164659754,53.5273235197183
833,-101.81843077294157,1874067.7341336054,52826.550005185985,1926894.2841387913,1323672.3606304233,51.96028687114837,53.424947200833216
834,-101.37942091245904,1870470.179395875,52728.33401060944,1923198.5134064844,1327668.1030920711,51.86054165929161,53.32247885815777
835,-100.94217792899644,1866871.832405461,52630.419585234165,1919502.2519906953,1330619.841913976,51.76077448228058,53.219996911564
836,-100.50684700112615,1863275.5496757822,52532.80488439921,1915808.3545601815,1332510.2728109562,51.66106453934044,53.117580509139984
837,-100.07357330742053,1859684.2140534383,52435.48809447664,1912119.702147915,1333321.9514190154,51.56149175980346,53.015309529941526
838,-99.64250202645202,1856100.734795231,52338.46729299717,1908439.202088228,1333037.292674569,51.46213680524455,52.91326458224959
839,-99.21377833679298,1852528.0476451798,52241.74078008313,1904769.788425263,1331638.570191937,51.36308107161645,52.811527014894715
840,-98.78754741701579,1848969.114911544,52145.30681867359,1901114.4217302175,1329108.2330439328,51.264406691385275,52.71017891219002
841,-98.36395435508652,1845426.92384396,52049.163540635316,1897476.0873845953,1325517.1677092747,51.16619648853515,52.60930304633282
842,-97.94311907514474,1841904.0151669106,51953.30923175901,1893857.3243986696,1321147.973550748,51.068520906765436,52.50896981350216
843,-97.5251021054624,1838401.8322402746,51857.742238716564,1890259.574478991,1316230.83666006,50.97141996442471,52.40921918621125
844,-97.10995540822233,1834921.6682772774,51762.46063226785,1886684.1289095453,1310788.5328735206,50.8749295169192,52.31008696638067
845,-96.69773094560749,1831464.8267003053,51667.46278616814,1883132.2894864734,1304813.6316615127,50.779085702711555,52.2116092473883
846,-96.28848067980073,1828032.6211684686,51572.74713471539,1879605.368303184,1298298.6470780743,50.68392494408501,52.11382240811132
847,-95.88225657298496,1824626.3756051725,51478.31179121296,1876104.6873963855,1291236.037528321,50.58948394790782,52.01676310311218
848,-95.47911058734304,1821247.4242256794,51384.15514899516,1872631.5793746745,1283618.2055357904,50.49579970639751,51.92046828006675
849,-95.07909468505791,1817897.1115646795,51290.2754955454,1869187.387060225,1275437.4975092993,50.402909497885204,51.8249751698298
850,-94.68226082831245,1814576.7925038564,51196.671159931386,1865773.4636637878,1266686.2035096681,50.31085088757991,51.73032129128706
851,-94.28866097928955,1811287.8322994518,51103.34068320475,1862391.1729826566,1257356.5570154553,50.21966172833285,51.636544456843936
852,-93.89834710017205,1808031.6066098348,51010.28235572651,1859041.8889655613,1247440.7346880604,50.12938016140175,51.54368276036188
853,-93.5113711531429,1804809.5015230686,50917.49441278812,1855726.9959358568,1236930.856137409,50.04004461721523,51.451774583346435
854,-93.127785100385,1801622.9135844773,50824.975353067006,1852447.8889375443,1225818.983686933,49.951693816137066,51.36085860454101
855,-92.74764090408118,1798473.2498242091,50732.72352233228,1849205.9733465414,1214097.1221367372,49.86436676923045,51.27097378914896
856,-92.37099052641439,1795361.9277848087,50640.737311999874,1846002.6650968085,1201757.2185280714,49.778102779022426,51.18215939510325
857,-91.9978859295675,1792290.3755487816,50549.01538020065,1842839.3909289823,1188791.1619068896,49.69294144026822,51.09445497995994
858,-91.6283790757234,1789260.0317661585,50457.555961097605,1839717.5877272561,1175190.7830861234,49.60892264071542,51.00790038251268
859,-91.262521927065,1786272.3456820666,50366.35751031684,1836638.7031923835,1160947.8544086756,49.52608656186847,50.92253574145232
860,-90.90036644577513,1783328.7771642918,50275.418502499284,1833604.1956667912,1146054.089508919,49.44447367975287,50.838401490518045
861,-90.54196459403678,1780430.7967308501,50184.73738858788,1830615.534119438,1130501.1430749896,49.36412476567964,50.75553835807759
862,-90.18736833403275,1777579.8855775513,50094.312715050946,1827674.1982926023,1114280.6106094518,49.28508088700956,50.673987371197036
863,-89.836629627946,1774777.5356055656,50004.14295466742,1824781.678560233,1097384.0281898978,49.20738340791755,50.593789851713545
864,-89.48980043795936,1772025.2494489928,49914.226653228536,1821939.4761022213,1079802.872229667,49.13107399015698,50.5149874210672
865,-89.14693272625578,1769324.5405024271,49824.56220649484,1819149.102708922,1061528.559237405,49.05619459382407,50.437621994881226
866,-88.80807845501812,1766676.932948524,49735.14821154672,1816412.0811600706,1042560.9828168683,48.982787478122205,50.36173579346781
867,-88.47328742914105,1764083.9187710318,49645.98316497395,1813729.9019360058,1023358.0417321358,48.91089400951258,50.28737014161074
868,-88.14249428703398,1761544.698775405,49557.065539781135,1811101.7643151863,1005061.7020097208,48.84049202963793,50.21450283861421
869,-87.81546291428504,1759055.0426187674,49468.394115692296,1808523.4367344596,988431.5222015736,48.771464248710124,50.14301656084477
870,-87.49194337851678,1756610.4002357144,49379.96739420605,1805990.3676299204,973552.8362538323,48.70368451237211,50.07278511238487
871,-87.17168574735173,1754206.1765892801,49291.7837788694,1803497.9603681494,960456.2900495201,48.637025419396196,50.00368104773021
872,-86.85444008841249,1751837.7315383495,49203.84195596867,1801041.5734943182,949172.778653404,48.571358318007945,49.93557567866863
873,-86.53995646932154,1749500.3797050577,49116.140590574876,1798616.5202956325,939733.4474032562,48.50655330220963,49.868339062176176
874,-86.22798495770148,1747189.3903422046,49028.678197559035,1796218.0685397636,932169.6930036319,48.442479208104196,49.80183999316487
875,-85.91827562117481,1744899.9872006539,48941.453348272335,1793841.4405489261,926513.1646218784,48.37900361021874,49.73594600653654
876,-85.61057852736413,1742627.3483967471,48854.4647991358,1791481.8131958828,922795.7649857688,48.315992817828416,49.67052337707204
877,-85.30464374389194,1740366.6062797052,48767.71105339716,1789134.3173331022,921049.6514839166,48.25331187128014,49.605437103604224
878,-85.00022133838084,1738112.8472990384,48681.19085466926,1786794.0381537077,921307.2372678078,48.19082453831629,49.54055091902549
879,-84.69706137845331,1735861.11187195,48594.902873270505,1784456.0147452205,923601.1923558449,48.12839331039855,49.475727277915055
880,-84.39491393173195,1733606.3942507464,48508.84568450173,1782115.2399352482,927964.444739896,48.06587939903165,49.41082735226056
881,-84.09352906583926,1731343.6423902404,48423.01789424545,1779766.660284486,934430.1814938487,48.00314273208721,49.34571103126404
882,-83.79265684839784,1729067.7578151615,48337.41827505987,1777405.1760902214,943031.8498841487,47.940041950127565,49.28023692143922
883,-83.4920473470302,1726773.5954875604,48252.04560616119,1775025.6410937216,953803.1584825756,47.876434402729636,49.21426233849871
884,-83.1914506293589,1724455.963674216,48166.8984933755,1772622.8621675915,966778.0782808799,47.81217614480876,49.14764329868582
885,-82.89061676300648,1722109.623814043,48081.9756022816,1770191.5994163244,981990.843807898,47.74712193294255,49.08023452156258
886,-82.5892958155955,1719729.2903854977,47997.27571525544,1767726.5661007531,999475.9542486527,47.68112522169492,49.01188942791521
887,-82.28723785474848,1717309.6307739844,47912.79751643922,1765222.4282904235,1019268.1745651455,47.61403815993993,48.94246013011612
888,-81.98419294808801,1714845.2651392662,47828.53962260524,1762673.8047618715,1041402.5366199153,47.545711587185835,48.87179742930371
889,-81.6799111632366,1712330.7662828637,47744.50103206304,1760075.2673149267,1065914.340301545,47.47599502989892,48.79975082415246
890,-81.37414256781682,1709760.6595154707,47660.6803285206,1757421.3398439912,1092839.154651827,47.40473669782774,48.726168485123516
891,-81.06663722945119,1707129.4225243535,47577.07632194505,1754706.4988462985,1122136.5726734977,47.33178348032694,48.65089726855698
892,-80.75716240950089,1704431.8481256745,47493.68777834945,1751925.535904024,1152572.0964631285,47.25699100396521,48.57379276678898
893,-80.44575311032602,1701668.3480265103,47410.51342543514,1749078.8614519455,1182013.4574413942,47.18037068370234,48.49486635950306
894,-80.13265593240774,1698843.8259071095,47327.55200010052,1746171.37790721,1209463.1600899904,47.10205847816015,48.41425397031461
895,-79.81812324609484,1695963.354238633,47244.80239017747,1743208.1566288106,1234861.2061133208,47.022195025824786,48.332096206888856
896,-79.50240742173614,1693032.0529131645,47162.26341336318,1740194.3163265276,1258173.0298462035,46.94092227996342,48.24853498972778
897,-79.18576082968043,1690055.0893775956,47079.93379656905,1737135.0231741646,1279363.7953449152,46.85838351233598,48.16371355530933
898,-78.86843584027653,1687037.678767513,46997.8124403223,1734035.4912078353,1298398.3952456492,46.774723316907014,48.07777646713009
899,-78.55068482387324,1683985.0840410853,46915.89796297509,1730900.9820040604,1315241.4496208436,46.690087613557566,47.99086960677995
900,-78.23276015081942,1680902.616112951,46834.1894330845,1727736.8055460355,1329857.304834274,46.604623651797084,47.903140197959864
901,-77.91491419146382,1677795.6339880999,46752.68568916807,1724548.319677268,1342210.0323927533,46.51848001447507,47.81473679133325
902,-77.5973993161553,1674669.544895766,46671.38542230814,1721340.9303180743,1352263.4277961669,46.43180662149326,47.72580927052841
903,-77.28046789524265,1671529.8044233117,46590.28750340948,1718120.0919267212,1359981.0093859504,46.34475473351734,47.63650886492373
904,-76.96437229907468,1668381.9166501125,46509.39084778232,1714891.3074978949,1365326.017190483,46.257476955688965,47.54698814960519
905,-76.6493648980002,1665231.4342814458,46428.69436024207,1711660.1286416878,1368261.4117690285,46.170127241337596,47.457401047556054
906,-76.33569806236804,1662083.958782379,46348.19674236591,1708432.155524745,1368749.8730534029,46.08286089569263,47.367902828025066
907,-76.023624162527,1658945.140511651,46267.89704578378,1705213.0375574348,1366753.7991875838,45.995834579595126,47.27865012557861
908,-75.71339556882587,1655820.6788555642,46187.794228800805,1702008.473084365,1362235.305364526,45.909206313210056,47.18980093151993
909,-75.40526465161349,1652716.3223618688,46107.88690813286,1698824.2092700016,1355156.2226617613,45.82313547973822,47.10151459071778
910,-75.09948378123866,1649637.868873649,46028.17419228502,1695666.043065934,1345478.0968744932,45.73778282912831,47.0139518284245
911,-74.79630532805021,1646591.1656632107,45948.65506895916,1692539.8207321698,1333162.1873465404,45.65331048178896,46.927274737003614
912,-74.49598166239693,1643582.1095659668,45869.328295591935,1689451.4378615587,1318169.4657990988,45.56988193230092,46.84164677660685
913,-74.19876515462764,1640616.6471143258,45790.1927321419,1686406.8398464676,1300460.615157218,45.487662053129206,46.75723278811321
914,-73.90490817509115,1637700.7746715765,45711.247371614765,1683412.0220431911,1279996.0283749055,45.40681709833521,46.674198997687434
915,-73.61466309413625,1634840.5385657744,45632.49134057121,1680473.0299063458,1256735.8072568078,45.32751470728893,46.59271302050625
916,-73.32828228211179,1632042.0352236326,45553.92344886552,1677595.9586724981,1230860.0862554703,45.24992390838133,46.51294385198685
917,-73.04597363148693,1629310.4192131327,45475.542584442424,1674785.9617975752,1204040.1722679185,45.174187616193244,46.43503437589827
918,-72.76764622658439,1626644.2072669817,45397.34771237789,1672041.5549793595,1178376.1223386917,45.1002647058816,46.35894343870009
919,-72.49308609494008,1624039.142892197,45319.33787837739,1669358.4807705744,1154509.7109538573,45.02803716265223,46.28455299912607
920,-72.22207888192,1621490.9205316422,45241.5120927123,1666732.4326243545,1132473.4178244164,44.95738561137144,46.21174365458757
921,-71.95441023289007,1618995.1939561241,45163.86921861374,1664159.0631747379,1112298.058396489,44.88818954924374,46.140394870756914
922,-71.68986579321628,1616547.5761506832,45086.40825608399,1661633.9844067672,1094014.686230271,44.820327342658935,46.07038498628353
923,-71.42823120826458,1614143.6392008667,45009.12817110177,1659152.7673719684,1077654.5939887334,44.753676224039,46.0015912049052
924,-71.16929212340094,1611778.9141790154,44932.02798313553,1656710.942162151,1063249.3144278137,44.68811228868512,45.93388959472172
925,-70.91283418399135,1609448.891030545,44855.106908911075,1654303.9979394563,1050830.6213897548,44.623510491624714,45.86715508902781
926,-70.65864303540172,1607149.0184602214,44778.36372758817,1651927.3821878096,1040430.5307961333,44.55974464445827,45.80126146555905
927,-70.40650432299803,1604874.703818448,44701.797389685475,1649576.5012081333,1032081.3016435507,44.496687412206505,45.736081360222
928,-70.15620369214628,1602621.3129875478,44625.40709974124,1647246.720087289,1025815.4370027726,44.434210310157454,45.67148626623307
929,-69.90752678821238,1600384.1702680388,44549.1918003748,1644933.3620684135,1021665.6850172521,44.3721837007133,45.60734651666059
930,-69.66025925656233,1598158.5582649207,44473.150487808016,1642631.7087527288,1019665.0399044789,44.31047679023764,45.54353129002012
931,-69.41418674256207,1595939.7177739535,44397.282302651074,1640337.0000766045,1019846.7429595939,44.2489576259024,45.47990860963856
932,-69.16909489157757,1593722.8476679402,44321.586323222364,1638044.4339911626,1022244.283559917,44.18749309253512,45.41634533477092
933,-68.92476934897482,1591503.1047830083,44246.061392666175,1635749.1661756744,1026891.4001722621,44.12594890946596,45.35270715265409
934,-68.68099576011976,1589275.6038048882,44170.706644370446,1633446.3104492587,1033822.0813612303,44.06418962737475,45.288858589921624
935,-68.43755977037833,1587035.417155198,44095.52135802987,1631130.938513228,1043070.5667993205,44.002078625138346,45.224663005460144
936,-68.19424702511651,1584777.574877724,44020.504487548504,1628798.0793652725,1054671.3482793616,43.939478106677704,45.159982574167216
937,-67.95084316970029,1582497.064524702,43945.654867550664,1626442.7193922526,1068659.170729154,43.87624909780514,45.094678289524296
938,-67.70713384949559,1580188.8310430958,43870.97177547406,1624059.8028185698,1085069.0332263934,43.81225144307147,45.02860997602828
939,-67.46290470986841,1577847.7766608847,43796.45433900786,1621644.2309998926,1103936.1900166932,43.74734380261347,44.96163626960977
940,-67.21794139618468,1575468.7607733374,43722.101657911466,1619190.8624312489,1125296.1515332027,43.68138364900093,44.89361461785756
941,-66.9720295538104,1573046.5998293003,43647.91277032957,1616694.5125996298,1149184.6854175495,43.61422726408422,44.82440127593226
942,-66.7249548281115,1570576.067217473,43573.886686307844,1614149.9539037808,1175359.8792363547,43.54572973584146,44.75385130434277
943,-66.47655303017214,1568053.0764647806,43500.02271409138,1611553.099178872,1202388.630034096,43.475777763516746,44.68185138313583
944,-66.22687304521952,1565478.5445260229,43426.319803013925,1608904.8643290368,1228772.3883663279,43.40439677046786,44.60842690654019
945,-65.97602031936981,1562854.7375586003,43352.77711461887,1606207.514673219,1254181.350068595,43.33164958779243,44.53364068241331
946,-65.72410029916554,1560183.9424800235,43279.3938099982,1603463.3362900217,1278598.956983867,43.25759962217781,44.45755609419005
947,-65.47121843114924,1557468.4670138208,43206.16890230091,1600674.6359161218,1302008.5287522885,43.18231085717386,44.38023709806605
948,-65.21748016186345,1554710.639745477,43133.10176832692,1597843.7415138038,1324393.259937296,43.10584785474373,44.30174823873285
949,-64.96299093785072,1551912.8101783753,43060.19154541383,1594973.0017237891,1345736.2195233966,43.02827575681473,44.222154634207065
950,-64.70785620565358,1549077.3487897385,42987.43691640611,1592064.7857061445,1366020.3504126517,42.94966028682924,44.141521971419344
951,-64.45218141181455,1546206.64708657,42914.83738900674,1589121.4844755768,1385228.4689196148,42.870067751295586,44.05991654323631
952,-64.1960720028762,1543303.1176615958,42842.392257693406,1586145.5099192893,1403343.264267043,42.789565041338925,43.97740522122975
953,-63.939633425381054,1540369.194249203,42770.10036577966,1583139.2946149826,1420347.2980796346,42.70821963425205,43.894055450630404
954,-63.68297112587164,1537407.3317813843,42697.96104582923,1580105.2928272136,1436223.0038763685,42.62609959504642,43.80993527795271
955,-63.426190550890496,1534420.006443677,42625.97345176829,1577045.9798954453,1450952.6865632625,42.54327357800287,43.72511333402784
956,-63.169397146980174,1531409.715731105,42554.13683270987,1573963.852563815,1464518.521924407,42.459810828222636,43.63965884314672
957,-62.912696360683206,1528378.978504119,42482.4501641683,1570861.4286682873,1476902.5561123975,42.375781183178155,43.55364161438595
958,-62.65619363854212,1525330.3350445388,42410.91267296924,1567741.247717508,1488086.7051374111,42.291255074264015,43.46713205771231
959,-62.39999442709947,1522266.347111494,42339.523681745835,1564605.87079324,1498052.7543561691,42.206303528347796,43.380201181222176
960,-62.14420417289778,1519189.597997364,42268.28242731072,1561457.8804246746,1506782.3579593438,42.12099816932098,43.292920587656646
961,-61.88892832247961,1516102.6925837216,42197.188024883384,1558299.880608605,1514257.0384584898,42.03541121964987,43.205362474960616
962,-61.63427232238747,1513008.2573972712,42126.239471306384,1555134.4968685776,1520458.1861719326,41.94961550192649,43.11759963792283
963,-61.3803416191639,1509908.9406657927,42055.436172776375,1551964.376838569,1525367.058709367,41.86368444041943,43.029705484358665
964,-61.12724165935145,1506807.41237408,41984.77757374534,1548792.1899478252,1528964.7804563683,41.777692062624844,42.94175402637188
965,-60.87507788949266,1503706.3643198847,41914.26259087767,1545620.6269107624,1531232.3420576667,41.69171300081734,42.85381986621172
966,-60.62395575613005,1500608.5101698553,41843.890242118374,1542452.4004119737,1532150.5998990983,41.60582249360085,42.76597821526509
967,-60.37398070580618,1497516.585515479,41773.66008346912,1539290.245598948,1531700.275589208,41.520096387459596,42.6783049077176
968,-60.12525818506358,1494433.3479290232,41703.57139569665,1536136.9193247198,1529861.9554399278,41.434611138309066,42.59087637955525
969,-59.87789364044478,1491361.5770194756,41633.62334085215,1532995.2003603277,1526616.0899459391,41.34944381304688,42.50376967445504
970,-59.631992518492325,1488304.0744884866,41563.81508606498,1529867.8895745515,1521942.9932636234,41.26467209110379,42.4170624487682
971,-59.38766026574875,1485263.6641863098,41494.14583784822,1526757.810024158,1515822.8426888706,41.18037426599461,42.330832974022314
972,-59.14500232875659,1482243.1921677426,41424.614840575305,1523667.807008318,1508235.678134049,41.09662924686919,42.245160138429995
973,-58.90412415405839,1479245.5267480684,41355.22147482655,1520600.748222895,1499161.401604059,41.013516560063415,42.160123451166676
974,-58.66513118819668,1476273.558558997,41285.96512851732,1517559.5236875142,1488579.776671647,40.93111635065015,42.07580304034848
975,-58.42812887771401,1473330.2006046062,41216.84458932739,1514547.0451939336,1476470.42795167,40.849509383990295,41.992279637737845
976,-58.193222669152895,1470418.3883172814,41147.85939125319,1511566.2477085346,1462812.840574245,40.76877704728369,41.90963461762871
977,-57.960518009055896,1467541.0796136605,41079.0090739335,1508620.088687594,1447586.3596576154,40.689001351120325,41.82794997786193
978,-57.73012034396554,1464701.25495057,41010.29254607699,1505711.5474966469,1430770.1897797477,40.61026493103112,41.747308323726564
979,-57.50213512042436,1461901.9173809697,40941.70910870652,1502843.6264896763,1412343.3944488533,40.532651049039195,41.66779289788144
980,-57.276667784974904,1459146.092609893,40873.258104767745,1500019.3507146607,1392284.8955733646,40.456243595210836,41.589487572191125
981,-57.05382378415971,1456436.8290503873,40804.938919242035,1497241.7679696293,1370573.4729309874,40.381127089206565,41.512476849280254
982,-56.83370856452131,1453777.197879456,40736.75084954111,1494513.948728997,1347187.763636694,40.30738668183228,41.43684586049122
983,-56.61642757260224,1451170.2930939987,40668.693039604164,1491838.986133603,1322106.2616097487,40.2351081565903,41.362680365607915
984,-56.40208625494505,1448619.2315667542,40600.764871534935,1489219.996438289,1295307.3170403298,40.1643779312306,41.290066765265486
985,-56.190790058092254,1446127.153102238,40532.9654742639,1486660.118576502,1266769.1358546065,40.09528305930183,41.219092088878604
986,-55.98264442858641,1443697.2204926882,40465.294316900196,1484162.5148095884,1236469.7791794287,40.02791123170259,41.14984401264383
987,-55.777754812970045,1441332.6195740027,40397.75090895235,1481730.3704829551,1204387.162805807,39.96235077823253,41.08241085277916
988,-55.57622665778572,1439036.5592816821,40330.334248165665,1479366.8935298477,1170499.0566519746,39.89869066914365,41.01688155176605
989,-55.378165409575935,1436812.2717067704,40263.043636465765,1477075.315343236,1134783.0842248937,39.837020516691396,40.953345702523315
990,-55.18367651488325,1434663.012151797,40195.878652310974,1474858.890804108,1097216.7220810573,39.777430576686065,40.891893549191835
991,-54.992865420250205,1432592.0591867163,40145.58444771478,1472737.643634431,1057777.2992871227,39.720011750043966,40.83308026551022
992,-54.805837572219325,1430602.7147048495,40112.09818503738,1470714.812889887,1042938.4733969246,39.664855584338696,40.776995656834906
