wavelength_nm,dispersion_ps_per_nm_km,gdd_fiber_fs2,gdd_sf11_rod_fs2,gdd_total_fs2,tod_fiber_fs3,pulse_duration_fiber_ps,pulse_duration_fiber_sf11_rod_ps,best_grating_l_eff_cm,best_pulse_duration_grating_fiber_ps
750.0,-167.0,2551769.577782487,0.0,2551769.577782487,843413.3427977469,58.95851839583693,58.95851839583693,74.0,7.3778934595175825
751.0,-166.365245871445,2548922.429454273,0.0,2548922.429454273,852848.4689757129,58.89273543770007,58.89273543770007,74.0,7.052874721072605
752.0,-165.73285682538335,2546069.0049224957,0.0,2546069.0049224957,856205.9288048551,58.8268074690765,58.8268074690765,74.0,6.726582768459465
753.0,-165.10317546659297,2543214.6393212024,0.0,2543214.6393212024,857958.9931381958,58.760857757482995,58.760857757482995,74.0,6.399136659184846
754.0,-164.47654439985172,2540364.723318976,0.0,2540364.723318976,858078.0337992236,58.69501085355161,58.69501085355161,74.0,6.0706568620733306
755.0,-163.85330622993757,2537524.7033006903,0.0,2537524.7033006903,856533.1553817778,58.62939259522896,58.62939259522896,74.0,5.741265305447277
756.0,-163.23380356162846,2534700.081549268,0.0,2534700.081549268,853294.1939320567,58.56413011197582,58.56413011197582,74.0,5.41108544146571
757.0,-162.6183789997022,2531896.4164274335,0.0,2531896.4164274335,848330.7156259323,58.4993518289664,58.4993518289664,74.0,5.080242333972162
758.0,-162.00737514893677,2529119.3225594824,0.0,2529119.3225594824,841612.0154449817,58.435187471288074,58.435187471288074,74.0,4.748862781287687
759.0,-161.40113461411005,2526374.471013024,0.0,2526374.471013024,833107.1158492415,58.37176806814057,58.37176806814057,74.0,4.417075492213492
760.0,-160.8,2523667.5894807507,0.0,2523667.5894807507,823124.7962607648,58.3092259570357,58.3092259570357,74.0,4.085011345299895
761.0,-160.20416905883505,2521002.237286337,0.0,2521002.237286337,813349.8262507772,58.24764337562691,58.24764337562691,74.0,3.7527523963455103
762.0,-159.61326013264582,2518373.0832236577,0.0,2518373.0832236577,805509.990024766,58.18689714714762,58.18689714714762,74.0,3.4201773003379565
763.0,-159.02674671091356,2515772.499132387,0.0,2515772.499132387,799989.4236371685,58.12681102403572,58.12681102403572,74.0,3.0871147099923024
764.0,-158.44410228311935,2513192.7731138263,0.0,2513192.7731138263,796832.6380126848,58.06720682396915,58.06720682396915,74.0,2.753396290680671
765.0,-157.8648003387444,2510626.109251593,0.0,2510626.109251593,796084.5517799816,58.007904423412455,58.007904423412455,74.0,2.4188602132920867
766.0,-157.2883143672699,2508064.627332288,0.0,2508064.627332288,797790.4932964979,57.94872175116283,57.94872175116283,74.0,2.083358082365584
767.0,-156.71411785817702,2505500.362566182,0.0,2505500.362566182,801996.202677019,57.889474781896745,57.889474781896745,74.0,1.7467699979726155
768.0,-156.14168430094696,2502925.2653078837,0.0,2502925.2653078837,808747.833826906,57.82997752971602,57.82997752971602,74.0,1.40904156117049
769.0,-155.57048718506093,2500331.2007770278,0.0,2500331.2007770278,818091.9564799577,57.77004204169441,57.77004204169441,74.0,1.0702918996681494
770.0,-155.0,2497709.948778939,0.0,2497709.948778939,829626.2388937369,57.70947839142382,57.70947839142382,74.0,0.7312248776395113
771.0,-154.42987789321478,2495056.067814953,0.0,2495056.067814953,841130.4392055615,57.64816085387081,57.64816085387081,74.0,0.39572738441912464
772.0,-153.86050264403332,2492375.547453106,0.0,2492375.547453106,850328.2809495821,57.586227817152775,57.586227817152775,74.0,0.12394600998548644
773.0,-153.29243768975292,2489677.319232118,0.0,2489677.319232118,856719.3500748866,57.52388564319297,57.52388564319297,73.54621848739495,0.12587151613311465
774.0,-152.726246467671,2486970.407412055,0.0,2486970.407412055,860252.0964126616,57.46134283622417,57.46134283622417,73.09243697478993,0.12888762852792054
775.0,-152.16249241508487,2484263.9292732375,0.0,2484263.9292732375,860874.5121195421,57.398810049694774,57.398810049694774,72.63865546218489,0.13344082800428803
776.0,-151.601738969292,2481567.095415157,0.0,2481567.095415157,858534.1294625818,57.33650009317515,57.33650009317515,72.18487394957984,0.1400581409425808
777.0,-151.04454956758968,2478889.2100553843,0.0,2478889.2100553843,853178.0185991282,57.274627939263816,57.274627939263816,71.73109243697479,0.14930797824612693
778.0,-150.49148764727536,2476239.671328485,0.0,2476239.671328485,844752.7853522858,57.21341073049375,57.21341073049375,71.27731092436976,0.16174744299207025
779.0,-149.9431166456463,2473627.971584931,0.0,2473627.971584931,833204.5689812592,57.153067786238765,57.153067786238765,70.82352941176471,0.1778733667276968
780.0,-149.4,2471063.697690017,0.0,2471063.697690017,818952.475280488,57.093820609619975,57.093820609619975,70.36974789915966,0.19809419863371985
781.0,-148.86251936830575,2468553.5901844944,0.0,2468553.5901844944,804330.7779360871,57.03582493983902,57.03582493983902,70.36974789915966,0.21749601764139107
782.0,-148.33032929122092,2466092.659876302,0.0,2466092.659876302,791731.9955785914,56.9789655023218,56.9789655023218,69.91596638655463,0.19186683600027418
783.0,-147.8029025300748,2463672.905782273,0.0,2463672.905782273,781677.1349536114,56.92305743550066,56.92305743550066,69.4621848739496,0.16596520185023808
784.0,-147.27971184619676,2461286.240942538,0.0,2461286.240942538,774214.1947768024,56.867913891332094,56.867913891332094,69.00840336134455,0.14224814494577215
785.0,-146.76023000091607,2458924.4921408147,0.0,2458924.4921408147,769391.6031415424,56.8133460288341,56.8133460288341,68.5546218487395,0.1250236107193955
786.0,-146.2439297555621,2456579.399624703,0.0,2456579.399624703,767258.2195981831,56.759163007623485,56.759163007623485,68.10084033613447,0.12034290940384247
787.0,-145.7302838714642,2454242.6168259718,0.0,2454242.6168259718,767863.3372385156,56.705171981453276,56.705171981453276,67.64705882352942,0.13239376336298184
788.0,-145.21876510995165,2451905.7100808527,0.0,2451905.7100808527,771256.6847832466,56.65117809175009,56.65117809175009,67.19327731092437,0.1596455382481106
789.0,-144.7088462323538,2449560.1583503303,0.0,2449560.1583503303,777488.4286750582,56.59698446115147,56.59698446115147,66.73949579831933,0.19760198233251428
790.0,-144.2,2447197.3529404337,0.0,2447197.3529404337,786210.5288658171,56.54239218704351,56.54239218704351,66.73949579831933,0.21201766959665705
791.0,-143.6918446335622,2444811.01136818,0.0,2444811.01136818,795462.5974668988,56.48725611358072,56.48725611358072,66.28571428571429,0.17027192452414733
792.0,-143.18458019108303,2442404.4683819693,0.0,2442404.4683819693,803235.8787562947,56.43165328964516,56.43165328964516,65.83193277310926,0.13632689309111584
793.0,-142.6785521899479,2439983.518963775,0.0,2439983.518963775,809097.7811752083,56.375717607454376,56.375717607454376,65.37815126050421,0.12016594796106878
794.0,-142.1741061475421,2437554.016559422,0.0,2437554.016559422,813014.0648808954,56.31958431002222,56.31958431002222,64.92436974789916,0.13179264509023236
795.0,-141.67158758125083,2435121.8732618974,0.0,2435121.8732618974,814950.194043512,56.26338999539433,56.26338999539433,64.47058823529413,0.1682116517035971
796.0,-141.17134200845953,2432693.0599946487,0.0,2432693.0599946487,814871.3354523319,56.207272620882954,56.207272620882954,64.01680672268908,0.21967586606441097
797.0,-140.6737149465535,2430273.606694888,0.0,2430273.606694888,812742.3571182834,56.151371507302265,56.151371507302265,64.01680672268908,0.18901172451224382
798.0,-140.179051912918,2427869.602496892,0.0,2427869.602496892,808527.8268721106,56.09582734320336,56.09582734320336,63.563025210084035,0.14198800299782177
799.0,-139.6876984249384,2425487.19591531,0.0,2425487.19591531,802192.0109613058,56.040782189109564,56.040782189109564,63.10924369747899,0.12002711497211269
800.0,-139.2,2423132.595028462,0.0,2423132.595028462,793987.2424021536,55.98637948175155,55.98637948175155,62.655462184873954,0.14107353783782647
801.0,-138.71620209744546,2420810.364774304,0.0,2420810.364774304,785332.0325433966,55.932724693341136,55.932724693341136,62.20168067226892,0.195550428598551
802.0,-138.2361499444468,2418518.2844352536,0.0,2418518.2844352536,777679.4514116914,55.8797665145164,55.8797665145164,62.20168067226892,0.2087433731685009
803.0,-137.75958871013347,2416252.3967763865,0.0,2416252.3967763865,771342.2539048474,55.82741351393908,55.82741351393908,61.74789915966387,0.14745750428081503
804.0,-137.28626356363495,2414008.7023043814,0.0,2414008.7023043814,766345.0404609774,55.77557328389848,55.77557328389848,61.29411764705883,0.12003114008023102
805.0,-136.8159196740805,2411783.159132334,0.0,2411783.159132334,762712.6278398609,55.724152437188124,55.724152437188124,60.840336134453786,0.1526883059741182
806.0,-136.34830221059963,2409571.682844565,0.0,2409571.682844565,760470.050149976,55.67305660398204,55.67305660398204,60.386554621848745,0.22410244506750945
807.0,-135.88315634232177,2407370.146361428,0.0,2407370.146361428,759642.5598788972,55.622190428711235,55.622190428711235,60.386554621848745,0.17820468689690777
808.0,-135.42022723837624,2405174.379804115,0.0,2405174.379804115,760255.6289228238,55.57145756694001,55.57145756694001,59.9327731092437,0.1244025181499768
809.0,-134.95926006789253,2402980.170359467,0.0,2402980.170359467,762334.9496203277,55.520760682242525,55.520760682242525,59.47899159663865,0.13846457216278804
810.0,-134.5,2400783.2621447826,0.0,2400783.2621447826,765740.5370808304,55.47000144307913,55.47000144307913,59.02521008403362,0.21122933200855504
811.0,-134.042246976656,2398580.3116717706,0.0,2398580.3116717706,769661.645638028,55.419102598649594,55.419102598649594,59.02521008403362,0.18882136857313772
812.0,-133.5860200311297,2396371.773373188,0.0,2396371.773373188,773267.9451423347,55.3680746485578,55.3680746485578,58.571428571428584,0.12571098644850587
813.0,-133.13139296951806,2394159.065761321,0.0,2394159.065761321,776385.2741122965,55.31695036732199,55.31695036732199,58.11764705882354,0.1408527759706025
814.0,-132.67843959791816,2391943.620575375,0.0,2391943.620575375,779005.301421479,55.26576283506581,55.26576283506581,57.663865546218496,0.22295632714807087
815.0,-132.22723372242706,2389726.8828206253,0.0,2389726.8828206253,781119.6272824686,55.21454543842296,55.21454543842296,57.663865546218496,0.17726448629165156
816.0,-131.7778491491418,2387510.310807577,0.0,2387510.310807577,782719.7829364869,55.16333187144188,55.16333187144188,57.21008403361345,0.12063647430363494
817.0,-131.33035968415942,2385295.376191116,0.0,2385295.376191116,783797.2303429871,55.1121561364904,55.1121561364904,56.75630252100841,0.16199358439182066
818.0,-130.88483913357695,2383083.5640096664,0.0,2383083.5640096664,784343.3618682863,55.061052545160365,55.061052545160365,56.75630252100841,0.24075763951120274
819.0,-130.44136130349145,2380876.372724347,0.0,2380876.372724347,784349.4999735622,55.0100557191724,55.0100557191724,56.30252100840336,0.14607307575537246
820.0,-130.0,2378675.314258126,0.0,2378675.314258126,783867.4458453528,54.95920059128054,54.95920059128054,55.84873949579831,0.12830196423424187
821.0,-129.5608099959305,2376481.5737297744,0.0,2376481.5737297744,783193.7895623716,54.90851454347596,54.90851454347596,55.39495798319328,0.214182640014836
822.0,-129.12376993103445,2374294.981941378,0.0,2374294.981941378,782632.1909979662,54.857993666464495,54.857993666464495,55.39495798319328,0.1826962973704399
823.0,-128.6888394117943,2372115.0246927314,0.0,2372115.0246927314,782246.8001585568,54.80762607972562,54.80762607972562,54.941176470588246,0.12000654628590675
824.0,-128.25597804469243,2369941.1814091215,0.0,2369941.1814091215,782041.2513223729,54.75739975545701,54.75739975545701,54.487394957983206,0.18332989654990064
825.0,-127.82514543621124,2367772.9251199006,0.0,2367772.9251199006,782019.2121426051,54.7073025180794,54.7073025180794,54.487394957983206,0.21240660152280458
826.0,-127.39630119283318,2365609.7224370553,0.0,2365609.7224370553,782184.3838097904,54.65732204374147,54.65732204374147,54.03361344537816,0.12391169998636023
827.0,-126.96940492104059,2363451.033533777,0.0,2363451.033533777,782540.5012129649,54.60744585982471,54.60744585982471,53.57983193277312,0.16749607514520914
828.0,-126.54441622731593,2361296.312123036,0.0,2361296.312123036,783091.3331022158,54.557661344448405,54.557661344448405,53.57983193277312,0.2295963472298855
829.0,-126.12129471814161,2359145.0054361466,0.0,2359145.0054361466,783840.6822517315,54.50795572597435,54.50795572597435,53.12605042016807,0.1276272212229971
830.0,-125.7,2356996.5542013403,0.0,2356996.5542013403,784721.0582156554,54.458316082511836,54.458316082511836,52.67226890756302,0.16429404421625396
831.0,-125.28051303962202,2354850.7838929496,0.0,2354850.7838929496,785376.5953358304,54.408738381671235,54.408738381671235,52.67226890756302,0.23250923139634952
832.0,-124.86290024473251,2352709.086059834,0.0,2352709.086059834,785443.1527833418,54.359254774979604,54.359254774979604,52.21848739495798,0.12613333328938675
833.0,-124.44724938330478,2350573.2577142515,0.0,2350573.2577142515,784838.7267048252,54.3099067821343,54.3099067821343,51.76470588235295,0.17325488696358893
834.0,-124.03364822331214,2348445.1119889133,0.0,2348445.1119889133,783552.5551390081,54.260736295292524,54.260736295292524,51.76470588235295,0.2204239329003721
835.0,-123.62218453272796,2346326.4781835517,0.0,2346326.4781835517,781573.7902337622,54.21178558014738,54.21178558014738,51.31092436974791,0.12107717036616121
836.0,-123.21294607952555,2344219.201811476,0.0,2344219.201811476,778891.497868434,54.16309727700346,54.16309727700346,50.85714285714287,0.19712035313818146
837.0,-122.80602063167822,2342125.144646137,0.0,2342125.144646137,775494.6572750391,54.114714401852694,54.114714401852694,50.85714285714287,0.19328804872781535
838.0,-122.4014959571593,2340046.1847676914,0.0,2340046.1847676914,771372.1606591447,54.06668034745029,54.06668034745029,50.40336134453782,0.12284595281813292
839.0,-121.99945982394212,2337984.2166095614,0.0,2337984.2166095614,766512.8128203166,54.0190388843904,54.0190388843904,49.94957983193278,0.24014988060453937
840.0,-121.6,2335941.1510049975,0.0,2335941.1510049975,761137.9649426319,53.97183416218202,53.97183416218202,49.94957983193278,0.15460034857108332
841.0,-121.20313784558142,2333917.6693442934,0.0,2333917.6693442934,756409.4065623942,53.92508192423972,53.92508192423972,49.49579831932774,0.14994451105831633
842.0,-120.80862909003554,2331909.4622361828,0.0,2331909.4622361828,753515.6157420898,53.87868260272496,53.87868260272496,49.49579831932774,0.24596021306341506
843.0,-120.41616305498661,2329910.9256224185,0.0,2329910.9256224185,752724.7767054162,53.832506716716296,53.832506716716296,49.04201680672269,0.1219852114553517
844.0,-120.02542906205896,2327916.400583598,0.0,2327916.400583598,754072.733397287,53.78642351773583,53.78642351773583,48.58823529411765,0.21185099170282937
845.0,-119.63611643287688,2325920.1731743375,0.0,2325920.1731743375,757595.6249750247,53.74030098594094,53.74030098594094,48.58823529411765,0.17573566067423732
846.0,-119.24791448906463,2323916.474258459,0.0,2323916.474258459,763329.8871301832,53.694005826316314,53.694005826316314,48.13445378151261,0.14037509643434565
847.0,-118.86051255224653,2321899.479344169,0.0,2321899.479344169,771312.2534137948,53.647403464865846,53.647403464865846,48.13445378151261,0.259843595173898
848.0,-118.47359994404687,2319863.308419234,0.0,2319863.308419234,781579.7565638913,53.60035804480452,53.60035804480452,47.68067226890757,0.12257841650395107
849.0,-118.08686598608992,2317802.025786164,0.0,2317802.025786164,794169.7298352865,53.55273242275035,53.55273242275035,47.226890756302524,0.21935214678704051
850.0,-117.7,2315709.639897395,0.0,2315709.639897395,808589.9113380704,53.504388164916456,53.504388164916456,47.226890756302524,0.16967475731192252
851.0,-117.31283557805226,2313582.874633727,0.0,2313582.874633727,822206.2676489508,53.45524957707774,53.45524957707774,46.77310924369748,0.15136582284191846
852.0,-116.92578339512535,2311429.5356069654,0.0,2311429.5356069654,832324.7993292446,53.40549700671775,53.40549700671775,46.77310924369748,0.2440558808175178
853.0,-116.53939839674872,2309260.2871128493,0.0,2309260.2871128493,838348.1534199668,53.355376850773425,53.355376850773425,46.31932773109244,0.120062817596512
854.0,-116.15423552845195,2307085.893993651,0.0,2307085.893993651,840208.3287914908,53.305137829289414,53.305137829289414,45.8655462184874,0.2541362608131284
855.0,-115.77084973576453,2304917.2219325816,0.0,2304917.2219325816,837836.7767496755,53.2550309922202,53.2550309922202,45.8655462184874,0.14394645989262805
856.0,-115.3897959642159,2302765.2377481996,0.0,2302765.2377481996,831164.3986298516,53.20530972623216,53.20530972623216,45.411764705882355,0.1893198413051371
857.0,-115.01162915933566,2300641.009688819,0.0,2300641.009688819,820121.5433884398,53.156229761505934,53.156229761505934,45.411764705882355,0.19664818332594777
858.0,-114.63690426665325,2298555.7077269154,0.0,2298555.7077269154,804638.0051891794,53.10804917853859,53.10804917853859,44.957983193277315,0.14259573798470385
859.0,-114.2661762316982,2296520.6038535354,0.0,2296520.6038535354,784643.0209838252,53.06102841494599,53.06102841494599,44.957983193277315,0.2530905609875575
860.0,-113.9,2294547.0723727043,0.0,2294547.0723727043,760876.1251819811,53.01543027226524,53.01543027226524,44.504201680672274,0.12133993165514362
861.0,-113.53871984220955,2292642.4474533624,0.0,2292642.4474533624,737353.7271928474,52.971424205327374,52.971424205327374,44.05042016806723,0.2903680993301776
862.0,-113.18183732946314,2290797.5181668974,0.0,2290797.5181668974,718182.8190317614,52.92879739701954,52.92879739701954,44.05042016806723,0.1235185346952143
863.0,-112.82864335801847,2288998.821905622,0.0,2288998.821905622,704261.5430450405,52.88723879584036,52.88723879584036,43.596638655462186,0.2551195918994538
864.0,-112.47842882413322,2287232.767525215,0.0,2287232.767525215,695677.8891387392,52.84643438047465,52.84643438047465,43.596638655462186,0.13712406021340162
865.0,-112.13048462406508,2285485.6349685327,0.0,2285485.6349685327,692520.5549584688,52.806067151101395,52.806067151101395,43.14285714285715,0.22883293781047337
866.0,-111.78410165407173,2283743.5748894135,0.0,2283743.5748894135,694878.9489826374,52.7658171207018,52.7658171207018,43.14285714285715,0.15348530275357553
867.0,-111.43857081041088,2281992.6082764906,0.0,2281992.6082764906,702843.1936216456,52.72536130636747,52.72536130636747,42.689075630252105,0.20897681153202816
868.0,-111.09318298934018,2280218.6260769977,0.0,2280218.6260769977,716504.1283227719,52.6843737206087,52.6843737206087,42.689075630252105,0.16954241985588753
869.0,-110.74722908711732,2278407.38882058,0.0,2278407.38882058,735953.3126812085,52.64252536266274,52.64252536266274,42.23529411764706,0.19316457549152746
870.0,-110.4,2276544.526243103,0.0,2276544.526243103,760483.159170914,52.599484209802434,52.599484209802434,42.23529411764706,0.18522416418986482
871.0,-110.05098505310959,2274619.530009081,0.0,2274619.530009081,786154.1635625943,52.55500746857255,52.55500746857255,41.78151260504202,0.17930735587653834
872.0,-109.70046728702215,2272637.8060254487,0.0,2272637.8060254487,808938.6796198706,52.50922004163805,52.50922004163805,41.78151260504202,0.20120572566866585
873.0,-109.34892817117742,2270608.823493389,0.0,2270608.823493389,827975.017918106,52.46234071344845,52.46234071344845,41.327731092436984,0.1671207211490129
874.0,-108.9968491750152,2268542.140382082,0.0,2268542.140382082,843200.8672954811,52.414590319420505,52.414590319420505,41.327731092436984,0.21623795049272163
875.0,-108.64471176797518,2266447.4036841295,0.0,2266447.4036841295,854553.422340442,52.366191751839466,52.366191751839466,40.87394957983194,0.15774220629481514
876.0,-108.29299741949717,2264334.3496709866,0.0,2264334.3496709866,861969.3812620833,52.31736996576062,52.31736996576062,40.87394957983194,0.22842139852646753
877.0,-107.94218759902088,2262212.8041483853,0.0,2262212.8041483853,865384.9437568075,52.26835198491055,52.26835198491055,40.42016806722689,0.15202437972633176
878.0,-107.59276377598611,2260092.6827117647,0.0,2260092.6827117647,864735.8088704781,52.21936690758863,52.21936690758863,40.42016806722689,0.23583271465027353
879.0,-107.24520741983255,2257983.991001697,0.0,2257983.991001697,859957.1728564026,52.17064591256862,52.17064591256862,39.96638655462185,0.15066020117528298
880.0,-106.9,2255896.8249593144,0.0,2255896.8249593144,851334.1227589252,52.122422265000075,52.122422265000075,39.96638655462185,0.2366035671323296
881.0,-106.55753994535215,2253839.66141662,0.0,2253839.66141662,840567.1829945676,52.0748918207631,52.0748918207631,39.512605042016816,0.15467483069291593
882.0,-106.2178935224483,2251814.198289392,0.0,2251814.198289392,829394.8548857649,52.028093809928414,52.028093809928414,39.512605042016816,0.2292901850798979
883.0,-105.88104395727184,2249820.4293415025,0.0,2249820.4293415025,818168.3761558238,51.98202808840135,51.98202808840135,39.05882352941177,0.16542811995935933
884.0,-105.54697447580605,2247858.3460875596,0.0,2247858.3460875596,806888.6009383253,51.93669446011844,51.93669446011844,39.05882352941177,0.21384283684532218
885.0,-105.21566830403421,2245927.93778401,0.0,2245927.93778401,795556.3955712364,51.89209267684193,51.89209267684193,38.60504201680672,0.1844491412258062
886.0,-104.88710866793961,2244029.191420244,0.0,2244029.191420244,784172.6386626795,51.84822243795412,51.84822243795412,38.60504201680672,0.1910491611709345
887.0,-104.56127879350561,2242162.091709691,0.0,2242162.091709691,772738.2211575306,51.80508339025178,51.80508339025178,38.15126050420169,0.2132808837810904
888.0,-104.23816190671546,2240326.621080924,0.0,2240326.621080924,761254.0464030524,51.76267512774051,51.76267512774051,38.15126050420169,0.1629606533611399
889.0,-103.91774123355248,2238522.759668759,0.0,2238522.759668759,749721.0302144826,51.720997191429156,51.720997191429156,37.69747899159665,0.25298106967160383
890.0,-103.6,2236750.485305359,0.0,2236750.485305359,738432.6456266723,51.68004906912426,51.68004906912426,37.69747899159665,0.13492166418050833
891.0,-103.2848551654819,2235008.3780470914,0.0,2235008.3780470914,728864.4124593624,51.63979795324127,51.63979795324127,37.2436974789916,0.3040079886824466
892.0,-102.9719586231846,2233289.408700012,0.0,2233289.408700012,722523.6317459936,51.60008143534553,51.60008143534553,37.2436974789916,0.1200392559440913
893.0,-102.66089599973517,2231585.0812311796,0.0,2231585.0812311796,719759.676904622,51.56070321591972,51.56070321591972,37.2436974789916,0.3103538294844235
894.0,-102.35125292176065,2229886.8217553855,0.0,2229886.8217553855,720629.8185291191,51.52146519668541,51.52146519668541,36.78991596638655,0.13617489642711933
895.0,-102.042615015888,2228185.97831532,0.0,2228185.97831532,725191.7709406036,51.48216747552375,51.48216747552375,36.78991596638655,0.24875723380377965
896.0,-101.73456790874434,2226473.8206617427,0.0,2226473.8206617427,733503.694059707,51.442608341396436,51.442608341396436,36.33613445378152,0.18376257448322536
897.0,-101.42669722695668,2224741.5400336487,0.0,2224741.5400336487,745624.1952821142,51.402584269266576,51.402584269266576,36.33613445378152,0.1866769914908912
898.0,-101.11858859715204,2222980.248938437,0.0,2222980.248938437,761612.331356293,51.361889915019624,51.361889915019624,35.88235294117648,0.25045012843296294
899.0,-100.80982764595745,2221180.9809320797,0.0,2221180.9809320797,781527.6102656352,51.32031811038445,51.32031811038445,35.88235294117648,0.13554446496309167
900.0,-100.5,2219334.69039929,0.0,2219334.69039929,798592.7214066583,51.277659857854346,51.277659857854346,35.42857142857143,0.32758754812138896
