pair,averaging_frames,tau_s,allan_variance,allan_deviation,overlapping_terms,variance_unit
"(7,2)-(8,3)",1,0.013783172186776937,64.19324234169325,8.01206854324732,120321,urad^4
"(1,3)-(6,8)",1,0.013783172186776937,285.7144971970559,16.90309135031388,120321,urad^4
"(2,3)-(7,8)",1,0.013783172186776937,244.82788588500603,15.64697689283799,120321,urad^4
"(6,1)-(8,3)",1,0.013783172186776937,173.73228237710893,13.18075424158682,120321,urad^4
"(2,2)-(8,8)",1,0.013783172186776937,175.35435959033865,13.242143315579192,120321,urad^4
"(1,2)-(7,8)",1,0.013783172186776937,195.9852603222423,13.999473573039891,120321,urad^4
"(7,1)-(8,2)",1,0.013783172186776937,77.04839522618592,8.777721528174947,120321,urad^4
"(3,1)-(8,6)",1,0.013783172186776937,292.46811870049333,17.10169929277478,120321,urad^4
"(3,2)-(8,7)",1,0.013783172186776937,254.80266477257365,15.962539421175242,120321,urad^4
"(7,2)-(8,3)",2,0.027566344373553875,34.665485555808694,5.887740275845114,120319,urad^4
"(1,3)-(6,8)",2,0.027566344373553875,171.07242420180867,13.079465746039043,120319,urad^4
"(2,3)-(7,8)",2,0.027566344373553875,147.95634242787213,12.163730613092026,120319,urad^4
"(6,1)-(8,3)",2,0.027566344373553875,100.86261189017857,10.043037981117992,120319,urad^4
"(2,2)-(8,8)",2,0.027566344373553875,107.00335100257983,10.344242408343872,120319,urad^4
"(1,2)-(7,8)",2,0.027566344373553875,119.8233812890458,10.946386677303419,120319,urad^4
"(7,1)-(8,2)",2,0.027566344373553875,42.50785948234707,6.519805172115734,120319,urad^4
"(3,1)-(8,6)",2,0.027566344373553875,184.24206833875897,13.573579790856904,120319,urad^4
"(3,2)-(8,7)",2,0.027566344373553875,163.62151508506886,12.79146258584486,120319,urad^4
"(7,2)-(8,3)",3,0.04134951656033081,27.14360478508473,5.209952474359505,120317,urad^4
"(1,3)-(6,8)",3,0.04134951656033081,148.94134583104218,12.204152810869019,120317,urad^4
"(2,3)-(7,8)",3,0.04134951656033081,129.5126397960517,11.380362023945095,120317,urad^4
"(6,1)-(8,3)",3,0.04134951656033081,84.32063352591616,9.18262672256235,120317,urad^4
"(2,2)-(8,8)",3,0.04134951656033081,92.79838445050143,9.633191810116802,120317,urad^4
"(1,2)-(7,8)",3,0.04134951656033081,104.99402338233651,10.246659132728897,120317,urad^4
"(7,1)-(8,2)",3,0.04134951656033081,32.39214371034828,5.6914096417626,120317,urad^4
"(3,1)-(8,6)",3,0.04134951656033081,163.30909513451178,12.779244701253349,120317,urad^4
"(3,2)-(8,7)",3,0.04134951656033081,147.57402412914746,12.148004944399203,120317,urad^4
"(7,2)-(8,3)",4,0.05513268874710775,24.716720153241916,4.971591309957197,120315,urad^4
"(1,3)-(6,8)",4,0.05513268874710775,151.63736032916916,12.31411224283623,120315,urad^4
"(2,3)-(7,8)",4,0.05513268874710775,133.69597190115198,11.562697431877735,120315,urad^4
"(6,1)-(8,3)",4,0.05513268874710775,82.39465015862982,9.077149891823414,120315,urad^4
"(2,2)-(8,8)",4,0.05513268874710775,96.26530277947138,9.811488306035502,120315,urad^4
"(1,2)-(7,8)",4,0.05513268874710775,108.33283101472772,10.40830586669741,120315,urad^4
"(7,1)-(8,2)",4,0.05513268874710775,29.423584276467384,5.424351046573902,120315,urad^4
"(3,1)-(8,6)",4,0.05513268874710775,168.74767770701075,12.990291671360222,120315,urad^4
"(3,2)-(8,7)",4,0.05513268874710775,155.09972106014186,12.453903848197234,120315,urad^4
"(7,2)-(8,3)",5,0.06891586093388469,24.32341795484353,4.931877731132792,120313,urad^4
"(1,3)-(6,8)",5,0.06891586093388469,160.70322414709156,12.676877539326929,120313,urad^4
"(2,3)-(7,8)",5,0.06891586093388469,143.81607086425217,11.992333837258375,120313,urad^4
"(6,1)-(8,3)",5,0.06891586093388469,84.92025268526466,9.215218537032351,120313,urad^4
"(2,2)-(8,8)",5,0.06891586093388469,103.62964315874719,10.179864594322813,120313,urad^4
"(1,2)-(7,8)",5,0.06891586093388469,115.06223429025806,10.726706591039864,120313,urad^4
"(7,1)-(8,2)",5,0.06891586093388469,28.443873552583216,5.333279811952793,120313,urad^4
"(3,1)-(8,6)",5,0.06891586093388469,179.90625701322708,13.41291381517182,120313,urad^4
"(3,2)-(8,7)",5,0.06891586093388469,167.58032755274036,12.945282057674152,120313,urad^4
"(7,2)-(8,3)",6,0.08269903312066162,24.902557995958702,4.990246286102391,120311,urad^4
"(1,3)-(6,8)",6,0.08269903312066162,170.7965130039274,13.068913994817144,120311,urad^4
"(2,3)-(7,8)",6,0.08269903312066162,155.02853045482163,12.45104535590573,120311,urad^4
"(6,1)-(8,3)",6,0.08269903312066162,88.54886423826582,9.410040607684211,120311,urad^4
"(2,2)-(8,8)",6,0.08269903312066162,110.78807441002431,10.525591404288136,120311,urad^4
"(1,2)-(7,8)",6,0.08269903312066162,121.67922376515654,11.030830601779567,120311,urad^4
"(7,1)-(8,2)",6,0.08269903312066162,27.944825941457644,5.2862865928227585,120311,urad^4
"(3,1)-(8,6)",6,0.08269903312066162,191.37340887516913,13.833777823688262,120311,urad^4
"(3,2)-(8,7)",6,0.08269903312066162,179.38167558589848,13.39334445110326,120311,urad^4
"(7,2)-(8,3)",7,0.09648220530743856,25.99586873740743,5.098614393872852,120309,urad^4
"(1,3)-(6,8)",7,0.09648220530743856,181.9440810465381,13.488664909713567,120309,urad^4
"(2,3)-(7,8)",7,0.09648220530743856,167.03421751253416,12.924171830818954,120309,urad^4
"(6,1)-(8,3)",7,0.09648220530743856,93.05270993630586,9.646383256760322,120309,urad^4
"(2,2)-(8,8)",7,0.09648220530743856,118.31926865257046,10.877466095215855,120309,urad^4
"(1,2)-(7,8)",7,0.09648220530743856,128.75711446344772,11.347119214296098,120309,urad^4
"(7,1)-(8,2)",7,0.09648220530743856,27.836360055670163,5.276017442699575,120309,urad^4
"(3,1)-(8,6)",7,0.09648220530743856,203.43376580910947,14.263020921568806,120309,urad^4
"(3,2)-(8,7)",7,0.09648220530743856,191.37525113218604,13.833844408991524,120309,urad^4
"(7,2)-(8,3)",8,0.1102653774942155,27.39335922303531,5.2338665652684835,120307,urad^4
"(1,3)-(6,8)",8,0.1102653774942155,193.78293571122373,13.920593942473278,120307,urad^4
"(2,3)-(7,8)",8,0.1102653774942155,180.15221516170854,13.422079390381676,120307,urad^4
"(6,1)-(8,3)",8,0.1102653774942155,98.07694752651176,9.90338061100914,120307,urad^4
"(2,2)-(8,8)",8,0.1102653774942155,126.80423089354588,11.26073847016908,120307,urad^4
"(1,2)-(7,8)",8,0.1102653774942155,136.45083237745104,11.681217076034972,120307,urad^4
"(7,1)-(8,2)",8,0.1102653774942155,28.165344407021426,5.307103202974427,120307,urad^4
"(3,1)-(8,6)",8,0.1102653774942155,216.1705017364647,14.702737899332378,120307,urad^4
"(3,2)-(8,7)",8,0.1102653774942155,204.91931673741465,14.31500320424046,120307,urad^4
"(7,2)-(8,3)",9,0.12404854968099244,28.896331909725724,5.375530849109297,120305,urad^4
"(1,3)-(6,8)",9,0.12404854968099244,206.0234834632461,14.35351815630043,120305,urad^4
"(2,3)-(7,8)",9,0.12404854968099244,193.9331894630333,13.92598971215451,120305,urad^4
"(6,1)-(8,3)",9,0.12404854968099244,103.5386199050195,10.175392862441209,120305,urad^4
"(2,2)-(8,8)",9,0.12404854968099244,136.06294999941662,11.664602436406335,120305,urad^4
"(1,2)-(7,8)",9,0.12404854968099244,144.81669108722593,12.033980683349377,120305,urad^4
"(7,1)-(8,2)",9,0.12404854968099244,28.933745519924546,5.379009715544726,120305,urad^4
"(3,1)-(8,6)",9,0.12404854968099244,229.28937312383673,15.142304089002991,120305,urad^4
"(3,2)-(8,7)",9,0.12404854968099244,220.30870481126482,14.842799763227449,120305,urad^4
"(7,2)-(8,3)",10,0.13783172186776937,30.537754882300643,5.526097617876529,120303,urad^4
"(1,3)-(6,8)",10,0.13783172186776937,219.39144519686718,14.811868389803738,120303,urad^4
"(2,3)-(7,8)",10,0.13783172186776937,208.43796830899316,14.437380936617041,120303,urad^4
"(6,1)-(8,3)",10,0.13783172186776937,109.70153142646933,10.473849885618437,120303,urad^4
"(2,2)-(8,8)",10,0.13783172186776937,145.95932684747635,12.081362789332847,120303,urad^4
"(1,2)-(7,8)",10,0.13783172186776937,154.05257772174008,12.411791881986263,120303,urad^4
"(7,1)-(8,2)",10,0.13783172186776937,30.045299565775,5.481359280851329,120303,urad^4
"(3,1)-(8,6)",10,0.13783172186776937,243.84134412643894,15.615420075247382,120303,urad^4
"(3,2)-(8,7)",10,0.13783172186776937,237.31830151402434,15.405138802166773,120303,urad^4
"(7,2)-(8,3)",12,0.16539806624132325,34.03610351590066,5.834046924382822,120299,urad^4
"(1,3)-(6,8)",12,0.16539806624132325,247.5352705078857,15.733253652944317,120299,urad^4
"(2,3)-(7,8)",12,0.16539806624132325,238.5377200238515,15.444666394061462,120299,urad^4
"(6,1)-(8,3)",12,0.16539806624132325,123.035146412721,11.092120915889847,120299,urad^4
"(2,2)-(8,8)",12,0.16539806624132325,166.82986230506634,12.916263480785236,120299,urad^4
"(1,2)-(7,8)",12,0.16539806624132325,173.90960823809405,13.187479222281036,120299,urad^4
"(7,1)-(8,2)",12,0.16539806624132325,32.92580266981548,5.738100963717481,120299,urad^4
"(3,1)-(8,6)",12,0.16539806624132325,274.7102230206272,16.57438454424861,120299,urad^4
"(3,2)-(8,7)",12,0.16539806624132325,273.48172340435394,16.537282830149394,120299,urad^4
"(7,2)-(8,3)",13,0.1791812384281002,35.94420773730382,5.995348842002759,120297,urad^4
"(1,3)-(6,8)",13,0.1791812384281002,262.29196490551834,16.195430371111424,120297,urad^4
"(2,3)-(7,8)",13,0.1791812384281002,254.2659804401926,15.945719815680715,120297,urad^4
"(6,1)-(8,3)",13,0.1791812384281002,130.12772983454326,11.407354199574206,120297,urad^4
"(2,2)-(8,8)",13,0.1791812384281002,177.67101249738968,13.329329034028294,120297,urad^4
"(1,2)-(7,8)",13,0.1791812384281002,184.26002968695565,13.574241403738025,120297,urad^4
"(7,1)-(8,2)",13,0.1791812384281002,34.53292488735117,5.876472146394567,120297,urad^4
"(3,1)-(8,6)",13,0.1791812384281002,290.8524313709212,17.054396247622524,120297,urad^4
"(3,2)-(8,7)",13,0.1791812384281002,292.2735085716176,17.096008556725092,120297,urad^4
"(7,2)-(8,3)",15,0.20674758280165406,40.00809754431521,6.32519545502866,120293,urad^4
"(1,3)-(6,8)",15,0.20674758280165406,294.11698704106016,17.149839271580948,120293,urad^4
"(2,3)-(7,8)",15,0.20674758280165406,287.2131683265555,16.947364642520544,120293,urad^4
"(6,1)-(8,3)",15,0.20674758280165406,145.50297062922178,12.062461217729231,120293,urad^4
"(2,2)-(8,8)",15,0.20674758280165406,200.54978457146052,14.161560103726584,120293,urad^4
"(1,2)-(7,8)",15,0.20674758280165406,206.77704286015145,14.379744186186048,120293,urad^4
"(7,1)-(8,2)",15,0.20674758280165406,38.159662594431325,6.177350774760272,120293,urad^4
"(3,1)-(8,6)",15,0.20674758280165406,325.7747460616092,18.049231176468687,120293,urad^4
"(3,2)-(8,7)",15,0.20674758280165406,331.5686759378773,18.20902731992781,120293,urad^4
"(7,2)-(8,3)",17,0.23431392717520794,44.044968238808934,6.636638323640135,120289,urad^4
"(1,3)-(6,8)",17,0.23431392717520794,326.7327277159376,18.07574971379991,120289,urad^4
"(2,3)-(7,8)",17,0.23431392717520794,319.8393427769149,17.884052750339194,120289,urad^4
"(6,1)-(8,3)",17,0.23431392717520794,161.19625067292887,12.696308545121644,120289,urad^4
"(2,2)-(8,8)",17,0.23431392717520794,223.38917566420574,14.946209407880172,120289,urad^4
"(1,2)-(7,8)",17,0.23431392717520794,229.96687898067626,15.164658881118172,120289,urad^4
"(7,1)-(8,2)",17,0.23431392717520794,41.909418625021516,6.473748421511413,120289,urad^4
"(3,1)-(8,6)",17,0.23431392717520794,362.23973976456534,19.032596768821783,120289,urad^4
"(3,2)-(8,7)",17,0.23431392717520794,370.2948332928849,19.243046362072842,120289,urad^4
"(7,2)-(8,3)",19,0.2618802715487618,47.55713091749634,6.896167842903502,120285,urad^4
"(1,3)-(6,8)",19,0.2618802715487618,355.7088783498228,18.860245977977666,120285,urad^4
"(2,3)-(7,8)",19,0.2618802715487618,348.18922625579563,18.659829212932138,120285,urad^4
"(6,1)-(8,3)",19,0.2618802715487618,175.06208518934454,13.231102946819837,120285,urad^4
"(2,2)-(8,8)",19,0.2618802715487618,243.2861917793042,15.597634172505272,120285,urad^4
"(1,2)-(7,8)",19,0.2618802715487618,250.52994699189256,15.828137824516583,120285,urad^4
"(7,1)-(8,2)",19,0.2618802715487618,45.16270846033711,6.72032056231971,120285,urad^4
"(3,1)-(8,6)",19,0.2618802715487618,395.0358339245105,19.875508394114362,120285,urad^4
"(3,2)-(8,7)",19,0.2618802715487618,403.63181793946995,20.090590283500134,120285,urad^4
"(7,2)-(8,3)",22,0.3032297881090926,51.537113096934064,7.178935373503098,120279,urad^4
"(1,3)-(6,8)",22,0.3032297881090926,389.2304743949988,19.72892481599032,120279,urad^4
"(2,3)-(7,8)",22,0.3032297881090926,380.47482906044974,19.505763995815435,120279,urad^4
"(6,1)-(8,3)",22,0.3032297881090926,191.0349374544948,13.82153889603089,120279,urad^4
"(2,2)-(8,8)",22,0.3032297881090926,266.0103709015477,16.3098243675874,120279,urad^4
"(1,2)-(7,8)",22,0.3032297881090926,274.3861611830298,16.564605675446362,120279,urad^4
"(7,1)-(8,2)",22,0.3032297881090926,48.92463420264027,6.99461465719451,120279,urad^4
"(3,1)-(8,6)",22,0.3032297881090926,433.3618878699029,20.817345841146583,120279,urad^4
"(3,2)-(8,7)",22,0.3032297881090926,441.49989621741514,21.011898919836234,120279,urad^4
"(7,2)-(8,3)",24,0.3307961324826465,53.30059696594855,7.300725783505949,120275,urad^4
"(1,3)-(6,8)",24,0.3307961324826465,404.87346584532105,20.121467785559805,120275,urad^4
"(2,3)-(7,8)",24,0.3307961324826465,395.1578804908154,19.87857843234308,120275,urad^4
"(6,1)-(8,3)",24,0.3307961324826465,198.4417710138074,14.086936182641256,120275,urad^4
"(2,2)-(8,8)",24,0.3307961324826465,276.4350553311744,16.62633619686473,120275,urad^4
"(1,2)-(7,8)",24,0.3307961324826465,285.603094454474,16.899795692684393,120275,urad^4
"(7,1)-(8,2)",24,0.3307961324826465,50.67704331826857,7.118781027554406,120275,urad^4
"(3,1)-(8,6)",24,0.3307961324826465,451.61806068397885,21.251307270000563,120275,urad^4
"(3,2)-(8,7)",24,0.3307961324826465,458.9244606614476,21.42252227590037,120275,urad^4
"(7,2)-(8,3)",27,0.3721456490429773,54.69657869230123,7.39571353503509,120269,urad^4
"(1,3)-(6,8)",27,0.3721456490429773,418.72583628762686,20.462791507700675,120269,urad^4
"(2,3)-(7,8)",27,0.3721456490429773,407.7397150687157,20.19256583668147,120269,urad^4
"(6,1)-(8,3)",27,0.3721456490429773,204.85789645631732,14.31285773199459,120269,urad^4
"(2,2)-(8,8)",27,0.3721456490429773,285.6031131747131,16.89979624654431,120269,urad^4
"(1,2)-(7,8)",27,0.3721456490429773,295.74584742154525,17.197262788640092,120269,urad^4
"(7,1)-(8,2)",27,0.3721456490429773,52.207751491604355,7.225493165978662,120269,urad^4
"(3,1)-(8,6)",27,0.3721456490429773,468.45547717711344,21.643832312626927,120269,urad^4
"(3,2)-(8,7)",27,0.3721456490429773,474.2919136677085,21.77824404463566,120269,urad^4
"(7,2)-(8,3)",31,0.42727833779008506,54.64359190156552,7.392130403447001,120261,urad^4
"(1,3)-(6,8)",31,0.42727833779008506,421.22081612201896,20.523664782928485,120261,urad^4
"(2,3)-(7,8)",31,0.42727833779008506,409.410297555725,20.233889827606678,120261,urad^4
"(6,1)-(8,3)",31,0.42727833779008506,205.67489247185105,14.3413699649598,120261,urad^4
"(2,2)-(8,8)",31,0.42727833779008506,287.1743223710633,16.946218527183674,120261,urad^4
"(1,2)-(7,8)",31,0.42727833779008506,297.9129707441652,17.26015558284934,120261,urad^4
"(7,1)-(8,2)",31,0.42727833779008506,52.35960003808871,7.23599336912968,120261,urad^4
"(3,1)-(8,6)",31,0.42727833779008506,472.7796244196661,21.743496140677703,120261,urad^4
"(3,2)-(8,7)",31,0.42727833779008506,476.9828663555033,21.83993741647405,120261,urad^4
"(7,2)-(8,3)",35,0.4824110265371928,53.23353690425937,7.296131639729327,120253,urad^4
"(1,3)-(6,8)",35,0.4824110265371928,411.9271355217586,20.295988163224735,120253,urad^4
"(2,3)-(7,8)",35,0.4824110265371928,399.9975960115953,19.999939900199582,120253,urad^4
"(6,1)-(8,3)",35,0.4824110265371928,200.85663402104743,14.172389848612246,120253,urad^4
"(2,2)-(8,8)",35,0.4824110265371928,280.8265866893045,16.757881330565166,120253,urad^4
"(1,2)-(7,8)",35,0.4824110265371928,291.6251284476727,17.077035118769086,120253,urad^4
"(7,1)-(8,2)",35,0.4824110265371928,51.11775280289433,7.149668020467407,120253,urad^4
"(3,1)-(8,6)",35,0.4824110265371928,463.34080983405886,21.525352722639852,120253,urad^4
"(3,2)-(8,7)",35,0.4824110265371928,466.4007108947966,21.596312437423123,120253,urad^4
"(7,2)-(8,3)",39,0.5375437152843006,51.243030820325835,7.158423766467436,120245,urad^4
"(1,3)-(6,8)",39,0.5375437152843006,397.3101959468162,19.93264146937922,120245,urad^4
"(2,3)-(7,8)",39,0.5375437152843006,385.6262447692909,19.637368580573387,120245,urad^4
"(6,1)-(8,3)",39,0.5375437152843006,193.54658244911698,13.912102014042198,120245,urad^4
"(2,2)-(8,8)",39,0.5375437152843006,270.88070943735715,16.458454041536136,120245,urad^4
"(1,2)-(7,8)",39,0.5375437152843006,281.4763758222319,16.777257696722426,120245,urad^4
"(7,1)-(8,2)",39,0.5375437152843006,49.261726403454965,7.018669845736795,120245,urad^4
"(3,1)-(8,6)",39,0.5375437152843006,447.57643403748386,21.156002317013577,120245,urad^4
"(3,2)-(8,7)",39,0.5375437152843006,449.82133116576415,21.208991752692164,120245,urad^4
"(7,2)-(8,3)",44,0.6064595762181852,48.491324915496016,6.963571275968676,120235,urad^4
"(1,3)-(6,8)",44,0.6064595762181852,376.44866990244486,19.402285172176107,120235,urad^4
"(2,3)-(7,8)",44,0.6064595762181852,365.2872155194877,19.112488470094302,120235,urad^4
"(6,1)-(8,3)",44,0.6064595762181852,183.23618081585315,13.53647593784487,120235,urad^4
"(2,2)-(8,8)",44,0.6064595762181852,256.69148993189697,16.021594487812283,120235,urad^4
"(1,2)-(7,8)",44,0.6064595762181852,266.8459315665238,16.335419540572683,120235,urad^4
"(7,1)-(8,2)",44,0.6064595762181852,46.6328895801698,6.82882783354287,120235,urad^4
"(3,1)-(8,6)",44,0.6064595762181852,424.64769145282975,20.606981619170472,120235,urad^4
"(3,2)-(8,7)",44,0.6064595762181852,426.1822327795109,20.644181572043752,120235,urad^4
"(7,2)-(8,3)",50,0.6891586093388469,45.22454411630848,6.724919636420087,120223,urad^4
"(1,3)-(6,8)",50,0.6891586093388469,351.2220521369706,18.740919191356934,120223,urad^4
"(2,3)-(7,8)",50,0.6891586093388469,340.7862725160199,18.460397409482276,120223,urad^4
"(6,1)-(8,3)",50,0.6891586093388469,170.87767414037057,13.07201874770575,120223,urad^4
"(2,2)-(8,8)",50,0.6891586093388469,239.53581736624335,15.476944703856875,120223,urad^4
"(1,2)-(7,8)",50,0.6891586093388469,249.06081925165213,15.781660852129985,120223,urad^4
"(7,1)-(8,2)",50,0.6891586093388469,43.46642616263217,6.592907261795221,120223,urad^4
"(3,1)-(8,6)",50,0.6891586093388469,396.61910582571466,19.915298286134572,120223,urad^4
"(3,2)-(8,7)",50,0.6891586093388469,397.62286997173044,19.94048319303548,120223,urad^4
"(7,2)-(8,3)",57,0.7856408146462854,41.70925380338314,6.4582701866198775,120209,urad^4
"(1,3)-(6,8)",57,0.7856408146462854,323.8296932828422,17.99526863602881,120209,urad^4
"(2,3)-(7,8)",57,0.7856408146462854,314.21924596761085,17.72623045003113,120209,urad^4
"(6,1)-(8,3)",57,0.7856408146462854,157.53034219341438,12.55110920171657,120209,urad^4
"(2,2)-(8,8)",57,0.7856408146462854,220.91251590953328,14.863126047690415,120209,urad^4
"(1,2)-(7,8)",57,0.7856408146462854,229.68859177879128,15.155480585543676,120209,urad^4
"(7,1)-(8,2)",57,0.7856408146462854,40.01280858603632,6.32556784692381,120209,urad^4
"(3,1)-(8,6)",57,0.7856408146462854,365.9729246349343,19.130418830619845,120209,urad^4
"(3,2)-(8,7)",57,0.7856408146462854,366.6536535694049,19.148202358691663,120209,urad^4
"(7,2)-(8,3)",64,0.882123019953724,38.57345385676252,6.210753082900859,120195,urad^4
"(1,3)-(6,8)",64,0.882123019953724,299.38191244870393,17.30265622523617,120195,urad^4
"(2,3)-(7,8)",64,0.882123019953724,290.5403629490364,17.04524458460589,120195,urad^4
"(6,1)-(8,3)",64,0.882123019953724,145.65758890821178,12.068868584428774,120195,urad^4
"(2,2)-(8,8)",64,0.882123019953724,204.29974813992743,14.293346289092957,120195,urad^4
"(1,2)-(7,8)",64,0.882123019953724,212.35500277060996,14.572405524504523,120195,urad^4
"(7,1)-(8,2)",64,0.882123019953724,36.928617519868965,6.076892093814812,120195,urad^4
"(3,1)-(8,6)",64,0.882123019953724,338.5302788151437,18.399192341381283,120195,urad^4
"(3,2)-(8,7)",64,0.882123019953724,339.05735315815264,18.413510071633617,120195,urad^4
"(7,2)-(8,3)",72,0.9923883974479395,35.41671545458811,5.951194456122914,120179,urad^4
"(1,3)-(6,8)",72,0.9923883974479395,274.9409938870282,16.581344755086306,120179,urad^4
"(2,3)-(7,8)",72,0.9923883974479395,266.8974943469231,16.33699771521448,120179,urad^4
"(6,1)-(8,3)",72,0.9923883974479395,133.77307586932906,11.566031120022506,120179,urad^4
"(2,2)-(8,8)",72,0.9923883974479395,187.73813724109013,13.701756720986186,120179,urad^4
"(1,2)-(7,8)",72,0.9923883974479395,195.0056184529213,13.964441215205186,120179,urad^4
"(7,1)-(8,2)",72,0.9923883974479395,33.83327679069467,5.8166379284509935,120179,urad^4
"(3,1)-(8,6)",72,0.9923883974479395,311.0574647348524,17.636821276376658,120179,urad^4
"(3,2)-(8,7)",72,0.9923883974479395,311.56010872364374,17.651065370782685,120179,urad^4
"(7,2)-(8,3)",81,1.116436947128932,32.34688501031554,5.68743219830492,120161,urad^4
"(1,3)-(6,8)",81,1.116436947128932,251.34075024511148,15.853729852785793,120161,urad^4
"(2,3)-(7,8)",81,1.116436947128932,244.05344710325434,15.622210058223335,120161,urad^4
"(6,1)-(8,3)",81,1.116436947128932,122.27283302017878,11.057704690403826,120161,urad^4
"(2,2)-(8,8)",81,1.116436947128932,171.76039503277408,13.105739011317679,120161,urad^4
"(1,2)-(7,8)",81,1.116436947128932,178.25013158783977,13.351034850821106,120161,urad^4
"(7,1)-(8,2)",81,1.116436947128932,30.83967497683406,5.553348087130327,120161,urad^4
"(3,1)-(8,6)",81,1.116436947128932,284.4902683921633,16.86683931245458,120161,urad^4
"(3,2)-(8,7)",81,1.116436947128932,284.99654898730023,16.881840805649727,120161,urad^4
"(7,2)-(8,3)",91,1.2542686689967013,29.436208014487082,5.425514539146226,120141,urad^4
"(1,3)-(6,8)",91,1.2542686689967013,229.12034704730675,15.136721806497825,120141,urad^4
"(2,3)-(7,8)",91,1.2542686689967013,222.49761045348765,14.916353792180168,120141,urad^4
"(6,1)-(8,3)",91,1.2542686689967013,111.42844498309505,10.555967268947695,120141,urad^4
"(2,2)-(8,8)",91,1.2542686689967013,156.6991528547371,12.517953221463047,120141,urad^4
"(1,2)-(7,8)",91,1.2542686689967013,162.49668448931965,12.747418738290495,120141,urad^4
"(7,1)-(8,2)",91,1.2542686689967013,28.03772091360722,5.295065713813873,120141,urad^4
"(3,1)-(8,6)",91,1.2542686689967013,259.47632567693046,16.108268860337862,120141,urad^4
"(3,2)-(8,7)",91,1.2542686689967013,259.94493193935983,16.122807818099172,120141,urad^4
"(7,2)-(8,3)",103,1.4196667352380246,26.52622997800613,5.150362121055774,120117,urad^4
"(1,3)-(6,8)",103,1.4196667352380246,206.8667792460041,14.382864083554573,120117,urad^4
"(2,3)-(7,8)",103,1.4196667352380246,200.8856311858938,14.173412827752312,120117,urad^4
"(6,1)-(8,3)",103,1.4196667352380246,100.57708930005796,10.028812955682142,120117,urad^4
"(2,2)-(8,8)",103,1.4196667352380246,141.56403650581413,11.8980686040136,120117,urad^4
"(1,2)-(7,8)",103,1.4196667352380246,146.7505440484667,12.11406389484828,120117,urad^4
"(7,1)-(8,2)",103,1.4196667352380246,25.270231834338983,5.026950550218192,120117,urad^4
"(3,1)-(8,6)",103,1.4196667352380246,234.4201703103021,15.310786077478259,120117,urad^4
"(3,2)-(8,7)",103,1.4196667352380246,234.8119659909217,15.323575496303782,120117,urad^4
"(7,2)-(8,3)",116,1.5988479736661247,23.925999599540695,4.891421020474592,120091,urad^4
"(1,3)-(6,8)",116,1.5988479736661247,186.93503811044766,13.67241888293537,120091,urad^4
"(2,3)-(7,8)",116,1.5988479736661247,181.49134053054712,13.471872198419458,120091,urad^4
"(6,1)-(8,3)",116,1.5988479736661247,90.88668705385827,9.533450951982617,120091,urad^4
"(2,2)-(8,8)",116,1.5988479736661247,127.95031891140383,11.31151267123031,120091,urad^4
"(1,2)-(7,8)",116,1.5988479736661247,132.63657990088234,11.516795556962984,120091,urad^4
"(7,1)-(8,2)",116,1.5988479736661247,22.824770773363486,4.777527684206915,120091,urad^4
"(3,1)-(8,6)",116,1.5988479736661247,211.97549831779023,14.559378363027394,120091,urad^4
"(3,2)-(8,7)",116,1.5988479736661247,212.25999662897297,14.569145363712073,120091,urad^4
"(7,2)-(8,3)",131,1.8055955564677788,21.471768699031923,4.633763988274751,120061,urad^4
"(1,3)-(6,8)",131,1.8055955564677788,167.98622740981256,12.960950096725647,120061,urad^4
"(2,3)-(7,8)",131,1.8055955564677788,163.00608261556113,12.767383546191487,120061,urad^4
"(6,1)-(8,3)",131,1.8055955564677788,81.70013029211711,9.038812438153428,120061,urad^4
"(2,2)-(8,8)",131,1.8055955564677788,114.96126351591447,10.721999044763736,120061,urad^4
"(1,2)-(7,8)",131,1.8055955564677788,119.21749254471527,10.918676318341673,120061,urad^4
"(7,1)-(8,2)",131,1.8055955564677788,20.50916787408125,4.528704878227466,120061,urad^4
"(3,1)-(8,6)",131,1.8055955564677788,190.59591100744754,13.805647793835954,120061,urad^4
"(3,2)-(8,7)",131,1.8055955564677788,190.74716099394874,13.811124537630842,120061,urad^4
"(7,2)-(8,3)",147,2.02612631145621,19.375363556911307,4.401745512511066,120029,urad^4
"(1,3)-(6,8)",147,2.02612631145621,151.543079525434,12.310283486802161,120029,urad^4
"(2,3)-(7,8)",147,2.02612631145621,146.95959415596022,12.122689229538148,120029,urad^4
"(6,1)-(8,3)",147,2.02612631145621,73.78604204636606,8.58988021140959,120029,urad^4
"(2,2)-(8,8)",147,2.02612631145621,103.66301255332539,10.18150345250275,120029,urad^4
"(1,2)-(7,8)",147,2.02612631145621,107.60504449576082,10.373285135180698,120029,urad^4
"(7,1)-(8,2)",147,2.02612631145621,18.53473691390361,4.305198823968948,120029,urad^4
"(3,1)-(8,6)",147,2.02612631145621,172.03411804907094,13.116177722533,120029,urad^4
"(3,2)-(8,7)",147,2.02612631145621,172.06665231110162,13.117417898012611,120029,urad^4
"(7,2)-(8,3)",166,2.2880065830049716,17.36224530839724,4.16680276811817,119991,urad^4
"(1,3)-(6,8)",166,2.2880065830049716,135.69768077445335,11.64893474848466,119991,urad^4
"(2,3)-(7,8)",166,2.2880065830049716,131.5165240956582,11.468065403356322,119991,urad^4
"(6,1)-(8,3)",166,2.2880065830049716,66.16017585420855,8.133890573041203,119991,urad^4
"(2,2)-(8,8)",166,2.2880065830049716,92.7651428502061,9.631466287653511,119991,urad^4
"(1,2)-(7,8)",166,2.2880065830049716,96.4333888736237,9.820050349851762,119991,urad^4
"(7,1)-(8,2)",166,2.2880065830049716,16.65198766687684,4.080684705643997,119991,urad^4
"(3,1)-(8,6)",166,2.2880065830049716,154.12543630768755,12.41472659013027,119991,urad^4
"(3,2)-(8,7)",166,2.2880065830049716,154.0880593621776,12.413221151746939,119991,urad^4
"(7,2)-(8,3)",187,2.5774531989272873,15.575617714726153,3.9465957120949384,119949,urad^4
"(1,3)-(6,8)",187,2.5774531989272873,121.7168346102201,11.032535275729696,119949,urad^4
"(2,3)-(7,8)",187,2.5774531989272873,117.87493459697585,10.857022363289847,119949,urad^4
"(6,1)-(8,3)",187,2.5774531989272873,59.43870577094915,7.709650171761956,119949,urad^4
"(2,2)-(8,8)",187,2.5774531989272873,83.1445080525584,9.118361039822803,119949,urad^4
"(1,2)-(7,8)",187,2.5774531989272873,86.55190411265004,9.303327582787249,119949,urad^4
"(7,1)-(8,2)",187,2.5774531989272873,14.995115064464406,3.8723526523890364,119949,urad^4
"(3,1)-(8,6)",187,2.5774531989272873,138.29952884632576,11.76008200848641,119949,urad^4
"(3,2)-(8,7)",187,2.5774531989272873,138.20881727338295,11.75622461819197,119949,urad^4
"(7,2)-(8,3)",210,2.894466159223157,13.977031948736254,3.73858689196015,119903,urad^4
"(1,3)-(6,8)",210,2.894466159223157,109.38021834643726,10.45849981337846,119903,urad^4
"(2,3)-(7,8)",210,2.894466159223157,105.84320256815566,10.288012566485117,119903,urad^4
"(6,1)-(8,3)",210,2.894466159223157,53.4769273733644,7.312792036791721,119903,urad^4
"(2,2)-(8,8)",210,2.894466159223157,74.69949115676069,8.642886737471496,119903,urad^4
"(1,2)-(7,8)",210,2.894466159223157,77.81356894842895,8.82119997213695,119903,urad^4
"(7,1)-(8,2)",210,2.894466159223157,13.507444930158048,3.675247601204312,119903,urad^4
"(3,1)-(8,6)",210,2.894466159223157,124.36765023195342,11.152024490286658,119903,urad^4
"(3,2)-(8,7)",210,2.894466159223157,124.222537042831,11.145516454737797,119903,urad^4
"(7,2)-(8,3)",237,3.266611808266134,12.474263782728748,3.531892379833897,119849,urad^4
"(1,3)-(6,8)",237,3.266611808266134,97.79404599658353,9.88908721756379,119849,urad^4
"(2,3)-(7,8)",237,3.266611808266134,94.56624586743413,9.7245177704313,119849,urad^4
"(6,1)-(8,3)",237,3.266611808266134,47.85659401477187,6.91784605312751,119849,urad^4
"(2,2)-(8,8)",237,3.266611808266134,66.78277818030237,8.172073065036948,119849,urad^4
"(1,2)-(7,8)",237,3.266611808266134,69.62780198812317,8.344327533607677,119849,urad^4
"(7,1)-(8,2)",237,3.266611808266134,12.103908101232731,3.479067130889074,119849,urad^4
"(3,1)-(8,6)",237,3.266611808266134,111.31232778411885,10.550465761477966,119849,urad^4
"(3,2)-(8,7)",237,3.266611808266134,111.10566975347442,10.540667424479079,119849,urad^4
"(7,2)-(8,3)",267,3.6801069738694423,11.143912074168226,3.338249851968577,119789,urad^4
"(1,3)-(6,8)",267,3.6801069738694423,87.54592070668154,9.356597709994887,119789,urad^4
"(2,3)-(7,8)",267,3.6801069738694423,84.58493890164868,9.197007062172382,119789,urad^4
"(6,1)-(8,3)",267,3.6801069738694423,42.882184672392114,6.548449028005953,119789,urad^4
"(2,2)-(8,8)",267,3.6801069738694423,59.74030502062286,7.729185275345834,119789,urad^4
"(1,2)-(7,8)",267,3.6801069738694423,62.38019662323305,7.8981134850819315,119789,urad^4
"(7,1)-(8,2)",267,3.6801069738694423,10.867259693743089,3.2965526984629094,119789,urad^4
"(3,1)-(8,6)",267,3.6801069738694423,99.78267698144829,9.989127938986881,119789,urad^4
"(3,2)-(8,7)",267,3.6801069738694423,99.4598338799737,9.972955122729356,119789,urad^4
"(7,2)-(8,3)",301,4.148734828219858,9.914154146455882,3.1486749826642764,119721,urad^4
"(1,3)-(6,8)",301,4.148734828219858,78.16090386726253,8.840865560976624,119721,urad^4
"(2,3)-(7,8)",301,4.148734828219858,75.44106232072018,8.68568145402076,119721,urad^4
"(6,1)-(8,3)",301,4.148734828219858,38.31655340599718,6.190036623962509,119721,urad^4
"(2,2)-(8,8)",301,4.148734828219858,53.27822311013781,7.299193319137246,119721,urad^4
"(1,2)-(7,8)",301,4.148734828219858,55.73434469080553,7.465543830881011,119721,urad^4
"(7,1)-(8,2)",301,4.148734828219858,9.720382126355455,3.1177527365645044,119721,urad^4
"(3,1)-(8,6)",301,4.148734828219858,89.21246845155929,9.445235224787114,119721,urad^4
"(3,2)-(8,7)",301,4.148734828219858,88.72187812730529,9.41922916842484,119721,urad^4
"(7,2)-(8,3)",339,4.672495371317382,8.837495612426217,2.9727925612841233,119645,urad^4
"(1,3)-(6,8)",339,4.672495371317382,69.82204523456893,8.355958666399022,119645,urad^4
"(2,3)-(7,8)",339,4.672495371317382,67.30555556379451,8.203996316661442,119645,urad^4
"(6,1)-(8,3)",339,4.672495371317382,34.28344826850965,5.855206936437828,119645,urad^4
"(2,2)-(8,8)",339,4.672495371317382,47.55612270594363,6.896094743109583,119645,urad^4
"(1,2)-(7,8)",339,4.672495371317382,49.79527573651866,7.056576771814975,119645,urad^4
"(7,1)-(8,2)",339,4.672495371317382,8.679748837110319,2.9461413471030746,119645,urad^4
"(3,1)-(8,6)",339,4.672495371317382,79.82080331539407,8.934248894864865,119645,urad^4
"(3,2)-(8,7)",339,4.672495371317382,79.18350917675437,8.898511627050581,119645,urad^4
"(7,2)-(8,3)",382,5.26517177534879,7.87684866456678,2.806572405010564,119559,urad^4
"(1,3)-(6,8)",382,5.26517177534879,62.25670243220215,7.890291656979617,119559,urad^4
"(2,3)-(7,8)",382,5.26517177534879,59.95927565130876,7.74333750080085,119559,urad^4
"(6,1)-(8,3)",382,5.26517177534879,30.598877619977685,5.531625224107079,119559,urad^4
"(2,2)-(8,8)",382,5.26517177534879,42.37992329170964,6.50998642792054,119559,urad^4
"(1,2)-(7,8)",382,5.26517177534879,44.38200380442756,6.661981972688575,119559,urad^4
"(7,1)-(8,2)",382,5.26517177534879,7.713057189424044,2.777239130759907,119559,urad^4
"(3,1)-(8,6)",382,5.26517177534879,71.2732951509127,8.44235128094731,119559,urad^4
"(3,2)-(8,7)",382,5.26517177534879,70.5335666042361,8.398426436198397,119559,urad^4
"(7,2)-(8,3)",430,5.926764040314083,7.036157728801937,2.6525756782421754,119463,urad^4
"(1,3)-(6,8)",430,5.926764040314083,55.590673886923845,7.455915362108388,119463,urad^4
"(2,3)-(7,8)",430,5.926764040314083,53.46701553701835,7.312114300051548,119463,urad^4
"(6,1)-(8,3)",430,5.926764040314083,27.376427364691065,5.232248786582216,119463,urad^4
"(2,2)-(8,8)",430,5.926764040314083,37.80907267986858,6.148908251053075,119463,urad^4
"(1,2)-(7,8)",430,5.926764040314083,39.60508961278787,6.293257472310176,119463,urad^4
"(7,1)-(8,2)",430,5.926764040314083,6.8786043073410985,2.6227093448075975,119463,urad^4
"(3,1)-(8,6)",430,5.926764040314083,63.754389230993986,7.984634570911432,119463,urad^4
"(3,2)-(8,7)",430,5.926764040314083,62.89873064667446,7.93087199787479,119463,urad^4
"(7,2)-(8,3)",485,6.684838510586815,6.264890604578818,2.5029763491848698,119353,urad^4
"(1,3)-(6,8)",485,6.684838510586815,49.540651172082384,7.038511999853547,119353,urad^4
"(2,3)-(7,8)",485,6.684838510586815,47.56620349951077,6.896825610345006,119353,urad^4
"(6,1)-(8,3)",485,6.684838510586815,24.447135822049805,4.944404496200711,119353,urad^4
"(2,2)-(8,8)",485,6.684838510586815,33.63897617055155,5.799911738169087,119353,urad^4
"(1,2)-(7,8)",485,6.684838510586815,35.25091959007267,5.937248486468515,119353,urad^4
"(7,1)-(8,2)",485,6.684838510586815,6.12186766957402,2.4742408269152016,119353,urad^4
"(3,1)-(8,6)",485,6.684838510586815,56.874893292145,7.541544489833963,119353,urad^4
"(3,2)-(8,7)",485,6.684838510586815,55.9105656502261,7.47733680197877,119353,urad^4
"(7,2)-(8,3)",546,7.525612013980208,5.581773668173235,2.3625777591802635,119231,urad^4
"(1,3)-(6,8)",546,7.525612013980208,44.208040660306416,6.648912742720152,119231,urad^4
"(2,3)-(7,8)",546,7.525612013980208,42.37130960251129,6.509324819250557,119231,urad^4
"(6,1)-(8,3)",546,7.525612013980208,21.86123783044807,4.675600264185131,119231,urad^4
"(2,2)-(8,8)",546,7.525612013980208,29.99071720310177,5.476378109946552,119231,urad^4
"(1,2)-(7,8)",546,7.525612013980208,31.40749416168014,5.604238945805232,119231,urad^4
"(7,1)-(8,2)",546,7.525612013980208,5.4497576166591974,2.3344715926006034,119231,urad^4
"(3,1)-(8,6)",546,7.525612013980208,50.79413515393691,7.12700043173402,119231,urad^4
"(3,2)-(8,7)",546,7.525612013980208,49.78195580591494,7.05563291320594,119231,urad^4
"(7,2)-(8,3)",615,8.476650894867817,4.982463950374976,2.232143353455368,119093,urad^4
"(1,3)-(6,8)",615,8.476650894867817,39.55065402908764,6.288931072057289,119093,urad^4
"(2,3)-(7,8)",615,8.476650894867817,37.82308300079734,6.1500473982561585,119093,urad^4
"(6,1)-(8,3)",615,8.476650894867817,19.57492717863765,4.424356131533452,119093,urad^4
"(2,2)-(8,8)",615,8.476650894867817,26.785802536234783,5.175500220870905,119093,urad^4
"(1,2)-(7,8)",615,8.476650894867817,28.00997502498955,5.292445089463806,119093,urad^4
"(7,1)-(8,2)",615,8.476650894867817,4.851849524542561,2.2026914274456515,119093,urad^4
"(3,1)-(8,6)",615,8.476650894867817,45.39934628925397,6.73790370139363,119093,urad^4
"(3,2)-(8,7)",615,8.476650894867817,44.39520111223788,6.662972393176928,119093,urad^4
"(7,2)-(8,3)",693,9.551738325436418,4.4437246546772755,2.1080143867339416,118937,urad^4
"(1,3)-(6,8)",693,9.551738325436418,35.423265586490785,5.951744751456566,118937,urad^4
"(2,3)-(7,8)",693,9.551738325436418,33.778599210815734,5.811935926248304,118937,urad^4
"(6,1)-(8,3)",693,9.551738325436418,17.54567927246879,4.188756291844727,118937,urad^4
"(2,2)-(8,8)",693,9.551738325436418,23.924218365484823,4.891238939725274,118937,urad^4
"(1,2)-(7,8)",693,9.551738325436418,25.015296014106283,5.001529367514129,118937,urad^4
"(7,1)-(8,2)",693,9.551738325436418,4.336082238652732,2.0823261604880083,118937,urad^4
"(3,1)-(8,6)",693,9.551738325436418,40.650093113788394,6.375742553913889,118937,urad^4
"(3,2)-(8,7)",693,9.551738325436418,39.62366872842269,6.294733412021727,118937,urad^4
"(7,2)-(8,3)",780,10.750874305686011,3.9728310193608065,1.9931961818548636,118763,urad^4
"(1,3)-(6,8)",780,10.750874305686011,31.72578813324749,5.632564969287748,118763,urad^4
"(2,3)-(7,8)",780,10.750874305686011,30.16459495637091,5.492230417268645,118763,urad^4
"(6,1)-(8,3)",780,10.750874305686011,15.740068080816027,3.9673754650670543,118763,urad^4
"(2,2)-(8,8)",780,10.750874305686011,21.372258462231006,4.623014001950568,118763,urad^4
"(1,2)-(7,8)",780,10.750874305686011,22.361296826202764,4.728773289786979,118763,urad^4
"(7,1)-(8,2)",780,10.750874305686011,3.8853549117255235,1.9711303639601119,118763,urad^4
"(3,1)-(8,6)",780,10.750874305686011,36.398511524542904,6.033117894135909,118763,urad^4
"(3,2)-(8,7)",780,10.750874305686011,35.41673044211139,5.951195715325735,118763,urad^4
"(7,2)-(8,3)",879,12.115408352176928,3.5472488763773944,1.8834141542362355,118565,urad^4
"(1,3)-(6,8)",879,12.115408352176928,28.3789661994314,5.327191211082196,118565,urad^4
"(2,3)-(7,8)",879,12.115408352176928,26.913782947401966,5.187849549418522,118565,urad^4
"(6,1)-(8,3)",879,12.115408352176928,14.080596899426789,3.7524121441316636,118565,urad^4
"(2,2)-(8,8)",879,12.115408352176928,19.058582311057243,4.36561362365673,118565,urad^4
"(1,2)-(7,8)",879,12.115408352176928,19.95441238368866,4.467036196818721,118565,urad^4
"(7,1)-(8,2)",879,12.115408352176928,3.4664393047260096,1.861837615026082,118565,urad^4
"(3,1)-(8,6)",879,12.115408352176928,32.49194678109686,5.700170767713618,118565,urad^4
"(3,2)-(8,7)",879,12.115408352176928,31.608555354232582,5.622148642132524,118565,urad^4
"(7,2)-(8,3)",990,13.645340464909168,3.1729074135011848,1.7812656774050255,118343,urad^4
"(1,3)-(6,8)",990,13.645340464909168,25.342785389908133,5.034161835887692,118343,urad^4
"(2,3)-(7,8)",990,13.645340464909168,24.03178122598306,4.90222207024356,118343,urad^4
"(6,1)-(8,3)",990,13.645340464909168,12.561291187898473,3.5441911895238487,118343,urad^4
"(2,2)-(8,8)",990,13.645340464909168,17.008624571542168,4.124151375924769,118343,urad^4
"(1,2)-(7,8)",990,13.645340464909168,17.790725194565802,4.21790530886669,118343,urad^4
"(7,1)-(8,2)",990,13.645340464909168,3.086496434459445,1.7568427460815739,118343,urad^4
"(3,1)-(8,6)",990,13.645340464909168,28.961411171918297,5.381580731710553,118343,urad^4
"(3,2)-(8,7)",990,13.645340464909168,28.212570646550496,5.311550681914887,118343,urad^4
"(7,2)-(8,3)",1115,15.368236988256285,2.833307925657923,1.6832432758392124,118093,urad^4
"(1,3)-(6,8)",1115,15.368236988256285,22.57239970958589,4.751041960410989,118093,urad^4
"(2,3)-(7,8)",1115,15.368236988256285,21.418353454515557,4.627996699924878,118093,urad^4
"(6,1)-(8,3)",1115,15.368236988256285,11.165405290454922,3.341467535448298,118093,urad^4
"(2,2)-(8,8)",1115,15.368236988256285,15.143466346138782,3.8914606956949704,118093,urad^4
"(1,2)-(7,8)",1115,15.368236988256285,15.821798571216284,3.9776624506380984,118093,urad^4
"(7,1)-(8,2)",1115,15.368236988256285,2.735771006348095,1.6540166281957673,118093,urad^4
"(3,1)-(8,6)",1115,15.368236988256285,25.737534861057913,5.0732174072335905,118093,urad^4
"(3,2)-(8,7)",1115,15.368236988256285,25.131030537246414,5.013085929569372,118093,urad^4
"(7,2)-(8,3)",1256,17.311664266591833,2.5157565384026763,1.5861136587277334,117811,urad^4
"(1,3)-(6,8)",1256,17.311664266591833,20.006384282215713,4.4728496824972455,117811,urad^4
"(2,3)-(7,8)",1256,17.311664266591833,19.01559123204033,4.360687013767478,117811,urad^4
"(6,1)-(8,3)",1256,17.311664266591833,9.872421341826287,3.1420409516469205,117811,urad^4
"(2,2)-(8,8)",1256,17.311664266591833,13.435245132666436,3.6654120003986503,117811,urad^4
"(1,2)-(7,8)",1256,17.311664266591833,14.025977825272868,3.745127210826472,117811,urad^4
"(7,1)-(8,2)",1256,17.311664266591833,2.4139758741306725,1.5536974847539249,117811,urad^4
"(3,1)-(8,6)",1256,17.311664266591833,22.78349979854714,4.7732064483476035,117811,urad^4
"(3,2)-(8,7)",1256,17.311664266591833,22.302506662905184,4.722552981482069,117811,urad^4
"(7,2)-(8,3)",1414,19.48940547210259,2.2324163668285366,1.4941272927125508,117495,urad^4
"(1,3)-(6,8)",1414,19.48940547210259,17.68518147435767,4.2053753071940765,117495,urad^4
"(2,3)-(7,8)",1414,19.48940547210259,16.886417368242306,4.109308624116994,117495,urad^4
"(6,1)-(8,3)",1414,19.48940547210259,8.703766148607583,2.9502145936537536,117495,urad^4
"(2,2)-(8,8)",1414,19.48940547210259,11.910698564972531,3.4511879932818106,117495,urad^4
"(1,2)-(7,8)",1414,19.48940547210259,12.41209559028483,3.523080412123009,117495,urad^4
"(7,1)-(8,2)",1414,19.48940547210259,2.12412456321576,1.4574376704393777,117495,urad^4
"(3,1)-(8,6)",1414,19.48940547210259,20.113021247190495,4.48475431291286,117495,urad^4
"(3,2)-(8,7)",1414,19.48940547210259,19.756542839497683,4.444833274656957,117495,urad^4
"(7,2)-(8,3)",1593,21.95659329353566,1.9712969658062407,1.4040288336805056,117137,urad^4
"(1,3)-(6,8)",1593,21.95659329353566,15.602642815966401,3.950018077929062,117137,urad^4
"(2,3)-(7,8)",1593,21.95659329353566,14.979416090404964,3.8703250626278103,117137,urad^4
"(6,1)-(8,3)",1593,21.95659329353566,7.65243749409302,2.766303941018235,117137,urad^4
"(2,2)-(8,8)",1593,21.95659329353566,10.559180497930592,3.249489267243484,117137,urad^4
"(1,2)-(7,8)",1593,21.95659329353566,10.96825132892012,3.3118350395090816,117137,urad^4
"(7,1)-(8,2)",1593,21.95659329353566,1.865512125171992,1.365837517851956,117137,urad^4
"(3,1)-(8,6)",1593,21.95659329353566,17.73497447524253,4.211291307335855,117137,urad^4
"(3,2)-(8,7)",1593,21.95659329353566,17.46569603871856,4.179198013820183,117137,urad^4
"(7,2)-(8,3)",1794,24.727010903077826,1.742492879390145,1.3200351811183462,116735,urad^4
"(1,3)-(6,8)",1794,24.727010903077826,13.775585415608399,3.711547576902174,116735,urad^4
"(2,3)-(7,8)",1794,24.727010903077826,13.300172499104967,3.646940155679137,116735,urad^4
"(6,1)-(8,3)",1794,24.727010903077826,6.726291893160457,2.593509570670688,116735,urad^4
"(2,2)-(8,8)",1794,24.727010903077826,9.384191144045182,3.0633627183285337,116735,urad^4
"(1,2)-(7,8)",1794,24.727010903077826,9.70995550928894,3.1160801512940806,116735,urad^4
"(7,1)-(8,2)",1794,24.727010903077826,1.6325167393565794,1.277699784517701,116735,urad^4
"(3,1)-(8,6)",1794,24.727010903077826,15.674684863706222,3.9591267804537686,116735,urad^4
"(3,2)-(8,7)",1794,24.727010903077826,15.477245834930445,3.9341130938154847,116735,urad^4
"(7,2)-(8,3)",2021,27.85579098947619,1.5449724214606806,1.242969195700634,116281,urad^4
"(1,3)-(6,8)",2021,27.85579098947619,12.226469289240196,3.49663685406995,116281,urad^4
"(2,3)-(7,8)",2021,27.85579098947619,11.862642538258722,3.444218712314699,116281,urad^4
"(6,1)-(8,3)",2021,27.85579098947619,5.946120276455052,2.438466788056596,116281,urad^4
"(2,2)-(8,8)",2021,27.85579098947619,8.380190258171313,2.8948558268368587,116281,urad^4
"(1,2)-(7,8)",2021,27.85579098947619,8.635093046897996,2.9385528831208734,116281,urad^4
"(7,1)-(8,2)",2021,27.85579098947619,1.4347531286336621,1.1978118085215481,116281,urad^4
"(3,1)-(8,6)",2021,27.85579098947619,13.918132067404184,3.7307012835932314,116281,urad^4
"(3,2)-(8,7)",2021,27.85579098947619,13.78597161521156,3.7129464869846376,116281,urad^4
"(7,2)-(8,3)",2276,31.37049989710431,1.3758637744460795,1.1729721967915863,115771,urad^4
"(1,3)-(6,8)",2276,31.37049989710431,10.905812844716559,3.3023950164564746,115771,urad^4
"(2,3)-(7,8)",2276,31.37049989710431,10.626419807470642,3.259818983850275,115771,urad^4
"(6,1)-(8,3)",2276,31.37049989710431,5.2823099359416,2.298327638945675,115771,urad^4
"(2,2)-(8,8)",2276,31.37049989710431,7.517847472589865,2.741869339080523,115771,urad^4
"(1,2)-(7,8)",2276,31.37049989710431,7.717428941623573,2.778026087282762,115771,urad^4
"(7,1)-(8,2)",2276,31.37049989710431,1.2722683858868358,1.1279487514452222,115771,urad^4
"(3,1)-(8,6)",2276,31.37049989710431,12.411647713579116,3.523016848324617,115771,urad^4
"(3,2)-(8,7)",2276,31.37049989710431,12.338027081485675,3.512552787003446,115771,urad^4
"(7,2)-(8,3)",2563,35.32627031470929,1.2255619061908343,1.1070509952982448,115197,urad^4
"(1,3)-(6,8)",2563,35.32627031470929,9.71586022525621,3.117027466233849,115197,urad^4
"(2,3)-(7,8)",2563,35.32627031470929,9.491305190357965,3.0807961942260906,115197,urad^4
"(6,1)-(8,3)",2563,35.32627031470929,4.693099674933808,2.1663563130135834,115197,urad^4
"(2,2)-(8,8)",2563,35.32627031470929,6.729022954253096,2.594036035650449,115197,urad^4
"(1,2)-(7,8)",2563,35.32627031470929,6.8919435880452955,2.625251147613366,115197,urad^4
"(7,1)-(8,2)",2563,35.32627031470929,1.1277816835912589,1.0619706604192316,115197,urad^4
"(3,1)-(8,6)",2563,35.32627031470929,11.0578207073933,3.3253301651705653,115197,urad^4
"(3,2)-(8,7)",2563,35.32627031470929,11.017036317754327,3.3191921182351476,115197,urad^4
"(7,2)-(8,3)",2887,39.79201810322502,1.1017538730657002,1.0496446413266254,114549,urad^4
"(1,3)-(6,8)",2887,39.79201810322502,8.716472709088807,2.952367305923978,114549,urad^4
"(2,3)-(7,8)",2887,39.79201810322502,8.502851492044009,2.9159649332672037,114549,urad^4
"(6,1)-(8,3)",2887,39.79201810322502,4.208485463578706,2.0514593497261178,114549,urad^4
"(2,2)-(8,8)",2887,39.79201810322502,6.039936245613919,2.457628174808777,114549,urad^4
"(1,2)-(7,8)",2887,39.79201810322502,6.182755958147896,2.486514821622404,114549,urad^4
"(7,1)-(8,2)",2887,39.79201810322502,1.0079576849022387,1.0039709581966196,114549,urad^4
"(3,1)-(8,6)",2887,39.79201810322502,9.89904108693791,3.1462741595318597,114549,urad^4
"(3,2)-(8,7)",2887,39.79201810322502,9.865945862995922,3.14101032519728,114549,urad^4
"(7,2)-(8,3)",3252,44.8228759513986,0.9983790389609071,0.9991891907746536,113819,urad^4
"(1,3)-(6,8)",3252,44.8228759513986,7.841238454614839,2.8002211438768256,113819,urad^4
"(2,3)-(7,8)",3252,44.8228759513986,7.641484661892331,2.764323545081569,113819,urad^4
"(6,1)-(8,3)",3252,44.8228759513986,3.794297697441202,1.9478957101039065,113819,urad^4
"(2,2)-(8,8)",3252,44.8228759513986,5.425212304716573,2.329208514649681,113819,urad^4
"(1,2)-(7,8)",3252,44.8228759513986,5.553077347362766,2.3564968379700333,113819,urad^4
"(7,1)-(8,2)",3252,44.8228759513986,0.9073029405824282,0.9525245091767603,113819,urad^4
"(3,1)-(8,6)",3252,44.8228759513986,8.894682072986132,2.9823953582625715,113819,urad^4
"(3,2)-(8,7)",3252,44.8228759513986,8.86258514565413,2.9770094298900247,113819,urad^4
"(7,2)-(8,3)",3663,50.48775972016392,0.9026580551968091,0.9500831833038669,112997,urad^4
"(1,3)-(6,8)",3663,50.48775972016392,7.036099845750244,2.6525647674939523,112997,urad^4
"(2,3)-(7,8)",3663,50.48775972016392,6.8493181813996715,2.6171202076709568,112997,urad^4
"(6,1)-(8,3)",3663,50.48775972016392,3.428004012719463,1.8514869734133867,112997,urad^4
"(2,2)-(8,8)",3663,50.48775972016392,4.858290653475124,2.2041530467449677,112997,urad^4
"(1,2)-(7,8)",3663,50.48775972016392,4.980815297921421,2.2317740248334776,112997,urad^4
"(7,1)-(8,2)",3663,50.48775972016392,0.8255432497634294,0.9085941061681114,112997,urad^4
"(3,1)-(8,6)",3663,50.48775972016392,7.995783429239189,2.827681635057099,112997,urad^4
"(3,2)-(8,7)",3663,50.48775972016392,7.937542089464348,2.8173643870582925,112997,urad^4
"(7,2)-(8,3)",4125,56.85558527045487,0.8128684400923817,0.9015921694937139,112073,urad^4
"(1,3)-(6,8)",4125,56.85558527045487,6.293129962171105,2.5086111620119818,112073,urad^4
"(2,3)-(7,8)",4125,56.85558527045487,6.1031591316255085,2.4704572717668096,112073,urad^4
"(6,1)-(8,3)",4125,56.85558527045487,3.0947360815603906,1.7591861986612989,112073,urad^4
"(2,2)-(8,8)",4125,56.85558527045487,4.335037239714562,2.08207522431697,112073,urad^4
"(1,2)-(7,8)",4125,56.85558527045487,4.458505615587047,2.111517372788357,112073,urad^4
"(7,1)-(8,2)",4125,56.85558527045487,0.7484433811769582,0.8651262226848508,112073,urad^4
"(3,1)-(8,6)",4125,56.85558527045487,7.180116009191317,2.679573848430253,112073,urad^4
"(3,2)-(8,7)",4125,56.85558527045487,7.0848473761193045,2.6617376610250876,112073,urad^4
"(7,2)-(8,3)",4646,64.03661797976565,0.7349683472835862,0.8573029495362687,111031,urad^4
"(1,3)-(6,8)",4646,64.03661797976565,5.674192097954122,2.382056275144255,111031,urad^4
"(2,3)-(7,8)",4646,64.03661797976565,5.469762225397,2.3387522796134266,111031,urad^4
"(6,1)-(8,3)",4646,64.03661797976565,2.8240959031346513,1.680504657278477,111031,urad^4
"(2,2)-(8,8)",4646,64.03661797976565,3.892441129842311,1.9729270462544506,111031,urad^4
"(1,2)-(7,8)",4646,64.03661797976565,4.013671995392544,2.0034150831499056,111031,urad^4
"(7,1)-(8,2)",4646,64.03661797976565,0.6829008355750965,0.826378143209933,111031,urad^4
"(3,1)-(8,6)",4646,64.03661797976565,6.504965915081411,2.5504834669296352,111031,urad^4
"(3,2)-(8,7)",4646,64.03661797976565,6.356888636810967,2.521287099243354,111031,urad^4
"(7,2)-(8,3)",5233,72.12734005340371,0.6652229705045107,0.8156120220451086,109857,urad^4
"(1,3)-(6,8)",5233,72.12734005340371,5.136416510215351,2.266366367164707,109857,urad^4
"(2,3)-(7,8)",5233,72.12734005340371,4.92308662470162,2.2188029711314208,109857,urad^4
"(6,1)-(8,3)",5233,72.12734005340371,2.576575155797592,1.6051713789491737,109857,urad^4
"(2,2)-(8,8)",5233,72.12734005340371,3.5121616359171646,1.8740762086738,109857,urad^4
"(1,2)-(7,8)",5233,72.12734005340371,3.6172604887078816,1.9019096952031875,109857,urad^4
"(7,1)-(8,2)",5233,72.12734005340371,0.6213760439783855,0.7882740919111737,109857,urad^4
"(3,1)-(8,6)",5233,72.12734005340371,5.9089664519081255,2.4308365744961393,109857,urad^4
"(3,2)-(8,7)",5233,72.12734005340371,5.742148095192718,2.396277967013159,109857,urad^4
"(7,2)-(8,3)",5894,81.23801686886327,0.5992992355369632,0.7741441955714473,108535,urad^4
"(1,3)-(6,8)",5894,81.23801686886327,4.653429482804744,2.1571809110050886,108535,urad^4
"(2,3)-(7,8)",5894,81.23801686886327,4.439817177773719,2.1070873683294953,108535,urad^4
"(6,1)-(8,3)",5894,81.23801686886327,2.3396140906932104,1.5295797104738316,108535,urad^4
"(2,2)-(8,8)",5894,81.23801686886327,3.1769080103094294,1.7823882883113402,108535,urad^4
"(1,2)-(7,8)",5894,81.23801686886327,3.2701564084879604,1.8083573785311244,108535,urad^4
"(7,1)-(8,2)",5894,81.23801686886327,0.563549205440133,0.7506991444248041,108535,urad^4
"(3,1)-(8,6)",5894,81.23801686886327,5.363044545951649,2.315824808993903,108535,urad^4
"(3,2)-(8,7)",5894,81.23801686886327,5.200190450390203,2.280392608826428,108535,urad^4
"(7,2)-(8,3)",6638,91.49269697582531,0.5319283376198419,0.7293341741752144,107047,urad^4
"(1,3)-(6,8)",6638,91.49269697582531,4.179685661757327,2.04442795465072,107047,urad^4
"(2,3)-(7,8)",6638,91.49269697582531,3.967722278451169,1.991914224672129,107047,urad^4
"(6,1)-(8,3)",6638,91.49269697582531,2.1053602398466427,1.4509859543933024,107047,urad^4
"(2,2)-(8,8)",6638,91.49269697582531,2.858116173349357,1.6905963957578276,107047,urad^4
"(1,2)-(7,8)",6638,91.49269697582531,2.9383199006866936,1.7141528230256173,107047,urad^4
"(7,1)-(8,2)",6638,91.49269697582531,0.5039442521226095,0.7098903099230257,107047,urad^4
"(3,1)-(8,6)",6638,91.49269697582531,4.833452000142499,2.198511314535929,107047,urad^4
"(3,2)-(8,7)",6638,91.49269697582531,4.6757155391159735,2.1623402921640187,107047,urad^4
"(7,2)-(8,3)",7477,103.05677844053116,0.47271696165389027,0.6875441525123243,105369,urad^4
"(1,3)-(6,8)",7477,103.05677844053116,3.762495702984147,1.9397153664865747,105369,urad^4
"(2,3)-(7,8)",7477,103.05677844053116,3.5496289715480436,1.8840459048409737,105369,urad^4
"(6,1)-(8,3)",7477,103.05677844053116,1.8902977411753645,1.3748809916408635,105369,urad^4
"(2,2)-(8,8)",7477,103.05677844053116,2.5715261857008502,1.6035978877826107,105369,urad^4
"(1,2)-(7,8)",7477,103.05677844053116,2.6489698442201557,1.6275656190212902,105369,urad^4
"(7,1)-(8,2)",7477,103.05677844053116,0.44990229234729384,0.6707475623118535,105369,urad^4
"(3,1)-(8,6)",7477,103.05677844053116,4.355179245853323,2.086906621258681,105369,urad^4
"(3,2)-(8,7)",7477,103.05677844053116,4.208994705726475,2.0515834630174017,105369,urad^4
"(7,2)-(8,3)",8421,116.06809298484859,0.42549728023414685,0.6523015255494554,103481,urad^4
"(1,3)-(6,8)",8421,116.06809298484859,3.4113275649382993,1.8469779546432867,103481,urad^4
"(2,3)-(7,8)",8421,116.06809298484859,3.200101020376372,1.7888826178305752,103481,urad^4
"(6,1)-(8,3)",8421,116.06809298484859,1.7109578447831408,1.30803587289613,103481,urad^4
"(2,2)-(8,8)",8421,116.06809298484859,2.3263467310026438,1.5252366147593768,103481,urad^4
"(1,2)-(7,8)",8421,116.06809298484859,2.406689100404487,1.5513507341682882,103481,urad^4
"(7,1)-(8,2)",8421,116.06809298484859,0.40980818238020655,0.6401626218237102,103481,urad^4
"(3,1)-(8,6)",8421,116.06809298484859,3.956734025717827,1.9891540980320823,103481,urad^4
"(3,2)-(8,7)",8421,116.06809298484859,3.823434588549469,1.955360475347057,103481,urad^4
"(7,2)-(8,3)",9485,130.73338819157925,0.3866577314204088,0.6218180854722777,101353,urad^4
"(1,3)-(6,8)",9485,130.73338819157925,3.0996267601495706,1.760575689980289,101353,urad^4
"(2,3)-(7,8)",9485,130.73338819157925,2.8893506171641414,1.6998089943179326,101353,urad^4
"(6,1)-(8,3)",9485,130.73338819157925,1.5547536359041239,1.2468976044183113,101353,urad^4
"(2,2)-(8,8)",9485,130.73338819157925,2.106713325977563,1.4514521438812795,101353,urad^4
"(1,2)-(7,8)",9485,130.73338819157925,2.193257336855429,1.4809650019009324,101353,urad^4
"(7,1)-(8,2)",9485,130.73338819157925,0.3759117011301372,0.6131163846531401,101353,urad^4
"(3,1)-(8,6)",9485,130.73338819157925,3.6060834636906285,1.898969052852265,101353,urad^4
"(3,2)-(8,7)",9485,130.73338819157925,3.479497152714524,1.8653410285292402,101353,urad^4
"(7,2)-(8,3)",10682,147.23184529915125,0.3543682929362971,0.5952884115588822,98959,urad^4
"(1,3)-(6,8)",10682,147.23184529915125,2.8177460005597332,1.6786143096494004,98959,urad^4
"(2,3)-(7,8)",10682,147.23184529915125,2.6160688906890925,1.6174266260603887,98959,urad^4
"(6,1)-(8,3)",10682,147.23184529915125,1.4287802680493316,1.1953159699633111,98959,urad^4
"(2,2)-(8,8)",10682,147.23184529915125,1.9105056216932264,1.3822104115123812,98959,urad^4
"(1,2)-(7,8)",10682,147.23184529915125,1.999679393726856,1.4141002063951678,98959,urad^4
"(7,1)-(8,2)",10682,147.23184529915125,0.3488916686769697,0.5906705246387106,98959,urad^4
"(3,1)-(8,6)",10682,147.23184529915125,3.303159900555211,1.8174597383587925,98959,urad^4
"(3,2)-(8,7)",10682,147.23184529915125,3.17458218207324,1.7817357217256549,98959,urad^4
"(7,2)-(8,3)",12032,165.8391277513001,0.32780374142613516,0.5725414757256763,96259,urad^4
"(1,3)-(6,8)",12032,165.8391277513001,2.5658415629475892,1.6018244482300765,96259,urad^4
"(2,3)-(7,8)",12032,165.8391277513001,2.369924098877195,1.5394557800980173,96259,urad^4
"(6,1)-(8,3)",12032,165.8391277513001,1.3184227058773073,1.1482258949689765,96259,urad^4
"(2,2)-(8,8)",12032,165.8391277513001,1.7367983290249067,1.3178764467979942,96259,urad^4
"(1,2)-(7,8)",12032,165.8391277513001,1.8232689082511673,1.3502847508030176,96259,urad^4
"(7,1)-(8,2)",12032,165.8391277513001,0.3248670720120962,0.5699711150682079,96259,urad^4
"(3,1)-(8,6)",12032,165.8391277513001,3.031839094796386,1.7412177045953747,96259,urad^4
"(3,2)-(8,7)",12032,165.8391277513001,2.9058270692445687,1.7046486644597967,96259,urad^4
