Frequency_Hz,Frequency_MHz,20260515_092941,20260515_133100,20260515_134951,20260515_140509
75990142.822265625,75.990142822266,1.2040419768180773e-05,4.4334974174959192e-05,0.00010720565348521511,8.4251662627852304e-05
75990287.780761719,75.990287780762,8.6658631664263124e-06,5.6354365420881091e-05,0.00015999174107659409,0.00011356628804973981
75990432.739257812,75.990432739258,1.1515686067021869e-05,4.2074633263463292e-05,0.00029122648529138385,0.00018095312795540419
75990577.697753906,75.990577697754,1.3957694896903981e-05,3.9000811510747814e-05,0.00019831308100469916,0.00010945772030643901
75990722.65625,75.990722656250,1.3065194395618912e-05,3.6542947135186276e-05,8.7654386953152353e-05,6.9427104636894782e-05
75990867.614746094,75.990867614746,1.3365263004555402e-05,4.060172895217879e-05,9.1405564847675289e-05,6.4519419660540893e-05
75991012.573242188,75.991012573242,1.024048117629526e-05,3.5901073230498584e-05,6.7026525412935454e-05,4.5771345716725314e-05
75991157.531738281,75.991157531738,9.953456865354802e-06,3.8768238645263597e-05,0.00013064249368118088,6.5075882103561198e-05
75991302.490234375,75.991302490234,9.7877430550926988e-06,4.6984957193439056e-05,0.0002159541964282681,7.1760344202848763e-05
75991447.448730469,75.991447448730,1.2211735653705679e-05,4.0026594115871164e-05,0.00020104740737814507,9.6717618624416724e-05
75991592.407226562,75.991592407227,1.1915076578870012e-05,4.1097942879679244e-05,0.00097687360092197132,0.00037601961741090436
75991737.365722656,75.991737365723,1.0757140815089651e-05,4.846849513632636e-05,0.0039710764600189904,0.0017903265879089965
75991882.32421875,75.991882324219,1.0443190077197137e-05,4.7775083058766356e-05,0.0052337354717363989,0.0022592698965117528
75992027.282714844,75.992027282715,1.0711682690324524e-05,4.1591329893847593e-05,0.002542753220792178,0.0012374048381683614
75992172.241210938,75.992172241211,1.1560558926536504e-05,3.9738187080656859e-05,0.00065871616929836629,0.00049767669501523152
75992317.199707031,75.992317199707,1.2045456560462226e-05,5.7490640897084542e-05,0.0068699444281609106,0.0037532416511316556
75992462.158203125,75.992462158203,1.1163037643601057e-05,3.8156707534952073e-05,0.0069924607310475678,0.0041096684973645197
75992607.116699219,75.992607116699,1.0528430822918166e-05,3.5229206800446109e-05,0.00039606041986125302,0.00033148693300981191
75992752.075195312,75.992752075195,1.2107088618969211e-05,5.5699823230195028e-05,0.0002060978124412079,0.00014737117594699231
75992897.033691406,75.992897033691,1.5015260698833517e-05,5.2528565622534727e-05,7.1478200655783746e-05,5.4590328871290963e-05
75993041.9921875,75.993041992188,1.0073596060253564e-05,4.2402485201999304e-05,6.0855671060801151e-05,5.1488813156142619e-05
75993186.950683594,75.993186950684,1.1242425551525499e-05,5.5302462472336949e-05,7.5790000770149099e-05,6.0808626525012946e-05
75993331.909179688,75.993331909180,1.3347450087460804e-05,4.2647563189318396e-05,0.00010278175607126863,9.8036548062913881e-05
75993476.867675781,75.993476867676,1.1147035699465702e-05,6.0143128546611693e-05,0.00014566683833677418,0.00013729415043271491
75993621.826171875,75.993621826172,1.1050115733821392e-05,8.9856727021027231e-05,0.00015136410984645775,0.00014489384383063262
75993766.784667969,75.993766784668,1.3098254372220697e-05,0.0001333012986279776,0.00069872326657126674,0.00041850078471785789
75993911.743164062,75.993911743164,1.1534571689166054e-05,0.00012516886865046741,0.002402908777059566,0.0013394485309296102
75994056.701660156,75.994056701660,8.2743878443364918e-06,7.4047139583414073e-05,0.0043767118785899379,0.0023582610964509938
75994201.66015625,75.994201660156,9.096868786543509e-06,7.2903907803517379e-05,0.0031295706016800555,0.0013068181593234925
75994346.618652344,75.994346618652,8.2362269978713585e-06,5.7852992056167108e-05,0.030468397696487619,0.017809993314420888
75994491.577148438,75.994491577148,1.4278985152521197e-05,5.1744531892944881e-05,0.15519300475063944,0.10786838222704875
75994636.535644531,75.994636535645,1.2597502431409845e-05,3.6735785220466204e-05,0.14671105182673816,0.10706003156793675
75994781.494140625,75.994781494141,1.0473410876347998e-05,4.5008267022579985e-05,0.040229469680842324,0.023278130359166628
75994926.452636719,75.994926452637,1.1759416247167941e-05,9.0776550637144103e-05,0.0067329867611197903,0.0028649047824530712
75995071.411132812,75.995071411133,1.223115244723491e-05,9.0663337034351744e-05,0.0010692614293457072,0.00051061915042352414
75995216.369628906,75.995216369629,1.3140613521415369e-05,8.138461984518739e-05,0.0011846507033176613,0.00051589641107074489
75995361.328125,75.995361328125,1.0429296629755225e-05,5.3205636552126395e-05,0.0095228226993530965,0.0042151789603725983
75995506.286621094,75.995506286621,8.9723557738147731e-06,5.7663954269427726e-05,0.03634390079804807,0.020836753899214123
75995651.245117188,75.995651245117,1.2313463824984268e-05,6.1711491794382066e-05,0.046989077148131247,0.016974491840126699
75995796.203613281,75.995796203613,1.5099305892443508e-05,6.1271745913405481e-05,0.20655137557960074,0.095094188350558453
75995941.162109375,75.995941162109,1.4547306686073394e-05,7.4525728952203079e-05,0.52354733859572022,0.27567863578063795
75996086.120605469,75.996086120605,1.25166029222949e-05,8.7499114864711435e-05,0.60111307057466223,0.25488364921257045
75996231.079101562,75.996231079102,1.1313899824174817e-05,7.3604465490210649e-05,0.95780022134467913,0.4165007134540416
75996376.037597656,75.996376037598,1.1255298785406408e-05,9.4430661555718452e-05,0.34993022264026447,0.16442320737787919
75996520.99609375,75.996520996094,1.0328967419475561e-05,0.00013151837475136905,0.041564050365606564,0.018754797186450622
75996665.954589844,75.996665954590,1.2679219588753971e-05,0.0001802610242024543,0.20497018752155954,0.093496751251775159
75996810.913085938,75.996810913086,1.3237437612874696e-05,0.00015559299619068146,0.2239713012603094,0.10738279695734156
75996955.871582031,75.996955871582,1.2011963852952513e-05,0.00020694222000954045,0.033777847060979353,0.016700019691746351
75997100.830078125,75.997100830078,1.3504977557955091e-05,0.0001711885716539088,0.012026021360296605,0.0083440109079387769
75997245.788574219,75.997245788574,1.5075262304042941e-05,0.00019519739394577057,0.030250988118440476,0.017567649228531972
75997390.747070312,75.997390747070,9.9959378578711792e-06,0.00014779268170242947,0.042823046280714067,0.026496580441533881
75997535.705566406,75.997535705566,1.1357050413653012e-05,0.0013360055240877874,0.046545718783576107,0.023180212482613673
75997680.6640625,75.997680664062,1.2556427620408734e-05,0.011081608754897878,0.033735804988025239,0.015172812542943868
75997825.622558594,75.997825622559,1.2053497887310263e-05,0.0097993130743875504,0.0062532986889488598,0.0035817416046226248
75997970.581054688,75.997970581055,1.2170396478740278e-05,0.0034902315200333461,0.0013109102832988457,0.0013049332056213644
75998115.539550781,75.998115539551,1.1928266596558375e-05,0.0030487376468651467,0.0021367988266886369,0.0027908131051157777
75998260.498046875,75.998260498047,9.892559721023959e-06,0.0020176418515499362,0.0070976463533012814,0.0094998881053624893
75998405.456542969,75.998405456543,1.1051088364034441e-05,0.0029491640951835414,0.014472646589018302,0.011028046958286037
75998550.415039062,75.998550415039,8.9839326958115569e-06,0.0084994137878152912,0.05892756919108369,0.030540832200034364
75998695.373535156,75.998695373535,9.9179288789557338e-06,0.012005133757015276,0.039258055352849403,0.020793733065222
75998840.33203125,75.998840332031,8.6054921691173029e-06,0.0074509541144126053,0.019885447714588254,0.018534758056202603
75998985.290527344,75.998985290527,1.0742560188166255e-05,0.0019416673764084916,0.032689088769461541,0.020885512873350824
75999130.249023438,75.999130249023,1.0898907935117617e-05,0.0039692328724328756,0.065573825541201072,0.040424390681694816
75999275.207519531,75.999275207520,1.2416083204559835e-05,0.011418060322600475,0.33100798716318613,0.2021411438091256
75999420.166015625,75.999420166016,1.1856597393641109e-05,0.012252165888366185,0.80593950803655234,0.45767887828833886
75999565.124511719,75.999565124512,1.0181993313962182e-05,0.039644837521447637,0.44917384027526086,0.27467695841424405
75999710.083007812,75.999710083008,1.0967741226810076e-05,0.45952871389643357,0.21330461310740301,0.81564951685104803
75999855.041503906,75.999855041504,2.1464566802108195e-05,60317.568631982562,11631.001115277986,11518.605625590699
76000000,76.000000000000,5.3119232596614601e-05,241320.17275270919,46428.312016739888,46153.298823693171
76000144.958496094,76.000144958496,1.8928038607824246e-05,60308.763802989532,11603.844085371727,11550.810739102599
76000289.916992188,76.000289916992,1.0370377826805725e-05,0.55426765322577165,0.20786973454338536,0.79985043961094693
76000434.875488281,76.000434875488,9.8663081263554158e-06,0.056158691893919831,0.42699582574214601,0.24329463894212555
76000579.833984375,76.000579833984,9.9510761859617007e-06,0.014117813304102805,0.79796575920480661,0.41633562825558923
76000724.792480469,76.000724792480,8.6096029164800929e-06,0.0069876074327756988,0.34072262662453756,0.21167826375516724
76000869.750976562,76.000869750977,1.2093954793886049e-05,0.0033738489544734855,0.071172068493294327,0.047566064163907733
76001014.709472656,76.001014709473,1.3706534732634146e-05,0.0012424770136390967,0.037648920898128997,0.021037872618566843
76001159.66796875,76.001159667969,1.4026837867873604e-05,0.0074669186744759164,0.021249243464546746,0.018883617244743155
76001304.626464844,76.001304626465,1.0588368708952639e-05,0.016494480428595693,0.036788248590365016,0.023363097391518355
76001449.584960938,76.001449584961,1.0567856222630825e-05,0.012425152319525032,0.044512156493179848,0.03229120466139683
76001594.543457031,76.001594543457,1.1932315293194138e-05,0.0057217656379666346,0.012012042563205354,0.013046310189745702
76001739.501953125,76.001739501953,1.0045182114556167e-05,0.003664012830952388,0.0065461383760070805,0.010482844309972136
76001884.460449219,76.001884460449,1.0792155822079406e-05,0.0031590536658046239,0.0020781596855977977,0.0029515437792833926
76002029.418945312,76.002029418945,1.2535571185389012e-05,0.0044911070399969036,0.0015440521456361388,0.0013318372508993332
76002174.377441406,76.002174377441,1.320670036883865e-05,0.0083429185663198464,0.0063056055930812661,0.0040681606247381964
76002319.3359375,76.002319335938,1.0805836618785248e-05,0.010331697191220396,0.033460892981462487,0.016598101971223266
76002464.294433594,76.002464294434,9.5564833549072276e-06,0.0012016693493643036,0.046209043403380598,0.023727059166747413
76002609.252929688,76.002609252930,1.0749547408799677e-05,0.00019156272092996044,0.041605844637269448,0.027222836410214817
76002754.211425781,76.002754211426,8.1565838489116639e-06,0.00019240684021663257,0.02898968217775396,0.017454708138540186
76002899.169921875,76.002899169922,8.1467077373875903e-06,0.00022218423523622145,0.011545966786837039,0.0090886451867353748
76003044.128417969,76.003044128418,1.3391184781478787e-05,0.0002578367451379527,0.034049596268415062,0.016748509677896872
76003189.086914062,76.003189086914,1.3231440891664097e-05,0.0001514664546616559,0.22409696440249358,0.10762482603719106
76003334.045410156,76.003334045410,1.090152645742276e-05,0.00016911980234619067,0.20561085744207855,0.093567823186898644
76003479.00390625,76.003479003906,1.1113144448146422e-05,0.00012222031683000012,0.041737457293022362,0.019219053339450908
76003623.962402344,76.003623962402,9.3480685819075812e-06,8.8653491434443086e-05,0.35308701876195536,0.1656638321239231
76003768.920898438,76.003768920898,6.6491488669542381e-06,7.2162780926565118e-05,0.968024940558604,0.41961309789358575
76003913.879394531,76.003913879395,9.9323954395123296e-06,7.2743363683086364e-05,0.60026125492703575,0.25370614485933307
76004058.837890625,76.004058837891,7.5127698019105421e-06,7.5479634408951303e-05,0.51302345132548077,0.27160996501592527
76004203.796386719,76.004203796387,9.5635734772252748e-06,7.1524755664088068e-05,0.20233683477840017,0.093656371315966699
76004348.754882812,76.004348754883,1.331965366820918e-05,6.7470604751317128e-05,0.04737136655519892,0.016868208343514005
76004493.713378906,76.004493713379,1.0808180143602155e-05,5.4958265417425049e-05,0.037657868596148433,0.021437966747807676
76004638.671875,76.004638671875,9.9513255555792244e-06,7.0382194214941606e-05,0.009844734735192642,0.0043538850264980798
76004783.630371094,76.004783630371,7.8217529886640259e-06,8.39539192476208e-05,0.0011140639594743971,0.00051022915977836009
76004928.588867188,76.004928588867,8.5188553471746927e-06,8.1588482760240711e-05,0.00098649802073786036,0.00048493156674878524
76005073.547363281,76.005073547363,8.7731308883731927e-06,7.4789312391868035e-05,0.0064403144387037295,0.0029392095520995891
76005218.505859375,76.005218505859,1.11887464960934e-05,4.6085525174897714e-05,0.038223188124849344,0.022722336707357939
76005363.464355469,76.005363464355,1.2570723170268877e-05,4.341757830814369e-05,0.14067209685209359,0.10383059799302526
76005508.422851562,76.005508422852,1.1208457906837466e-05,6.0553648934423072e-05,0.15016498195380287,0.10483027007837016
76005653.381347656,76.005653381348,1.1162880610634281e-05,5.4905791184486772e-05,0.029586613433422004,0.01743656086292876
76005798.33984375,76.005798339844,1.3119845457894033e-05,5.7223750944861935e-05,0.0028863918804554163,0.0014396824294558087
76005943.298339844,76.005943298340,1.3402408651455424e-05,7.4651857573245381e-05,0.0040586505760106962,0.002318092273096858
76006088.256835938,76.006088256836,1.1151457498442744e-05,0.000100667495576128,0.0023359274621526003,0.0010381396434029036
76006233.215332031,76.006233215332,9.8902184482591478e-06,9.9311690387715433e-05,0.00062981107987451052,0.00034408363787488683
76006378.173828125,76.006378173828,9.7607518184281236e-06,7.808993263473511e-05,0.00014718886373304979,0.00013970334447900969
76006523.132324219,76.006523132324,9.3811488049060198e-06,5.2299546358465775e-05,0.00015507681358168567,0.00012941830451645094
76006668.090820312,76.006668090820,1.2113874344564532e-05,4.2218304326788645e-05,0.00010969443074623973,0.0001022512804422698
76006813.049316406,76.006813049316,1.1856903609444972e-05,3.8298820176830035e-05,9.0937008221590862e-05,6.536397370546606e-05
76006958.0078125,76.006958007812,1.2794972846824437e-05,3.0278520097199825e-05,7.6893334436727658e-05,4.0782710906645926e-05
76007102.966308594,76.007102966309,9.7060859707639956e-06,4.6789137863622992e-05,8.3532886296339989e-05,4.8618174098953449e-05
76007247.924804688,76.007247924805,1.015624782233896e-05,4.9030237326363277e-05,0.00020371771176653711,0.00012399596065675608
76007392.883300781,76.007392883301,1.1380607539631048e-05,4.6932633193612645e-05,0.00041890734790557435,0.00033675646795733376
76007537.841796875,76.007537841797,8.1242008036192824e-06,3.9156497578499686e-05,0.0073759770860810535,0.0042427740476044329
76007682.800292969,76.007682800293,8.4575378805577129e-06,4.6379713338342277e-05,0.0071774309302255687,0.0038476587220972643
76007827.758789062,76.007827758789,1.0684133946900517e-05,5.6334317436697994e-05,0.00070116227985478384,0.00045003106904410121
76007972.717285156,76.007972717285,9.5435396708793501e-06,5.2341690128324373e-05,0.0025570212029964144,0.0013173280691674465
76008117.67578125,76.008117675781,8.4572698910467118e-06,4.7339144972208793e-05,0.0050702348762778539,0.0024621732476611704
76008262.634277344,76.008262634277,1.0340633735890291e-05,5.4486216248495076e-05,0.0040508192838225225,0.0018978419855724597
76008407.592773438,76.008407592773,1.0621949362631357e-05,4.3506283995256287e-05,0.001049493028330007,0.00040290906694378988
76008552.551269531,76.008552551270,1.0957874544491209e-05,3.9185956655048031e-05,0.00022464762615537057,0.00010284604698382549
76008697.509765625,76.008697509766,9.7865169295902898e-06,3.9511134404483523e-05,0.00028037903860933338,8.0223752971617993e-05
76008842.468261719,76.008842468262,1.0593373027644369e-05,3.6809622741131414e-05,0.00014686370244163183,7.9595633595902089e-05
76008987.426757812,76.008987426758,1.083420504100954e-05,3.4151837664812926e-05,7.6717630659533267e-05,5.0686838314759145e-05
76009132.385253906,76.009132385254,1.0037476008478667e-05,3.699542378806447e-05,8.8231040992275142e-05,5.8902514777286478e-05
76009277.34375,76.009277343750,9.856813024287876e-06,3.4332533854162417e-05,9.005202307751223e-05,6.9512880863040652e-05
76009422.302246094,76.009422302246,9.9399756748664378e-06,4.0588895553598562e-05,0.00018197479864064079,0.00010109721353459624
76009567.260742188,76.009567260742,1.3725379327198517e-05,3.5583451279437174e-05,0.00029910343977020338,0.0001589799650831897
76009712.219238281,76.009712219238,1.4404284851127133e-05,4.2443341024818275e-05,0.00017291566331297816,9.2057947348325928e-05
76009857.177734375,76.009857177734,1.3206154899652214e-05,4.3943317748129365e-05,0.00013479525024161682,7.872072870334283e-05
