AbsOffset_Hz,AbsOffset_kHz,20260515_092941,20260515_133100,20260515_134951,20260515_140509,20260521_162959
0,0,-202.747482078,-106.174063725,-113.332171056,-113.357972522,-104.990213868
144.958496094,0.144958496094,-151.404262192,-56.6442796306,-63.7973059874,-63.8283390126,-55.4592362457
289.916992188,0.289916992188,-148.148242112,-101.397640046,-105.193843438,-99.3552391298,-113.884220459
434.875488281,0.434875488281,-144.896038395,-108.167957676,-98.4917853814,-100.78120196,-103.833115768
579.833984375,0.579833984375,-142.048050451,-111.217299559,-93.3657675627,-96.0071788331,-95.9131588631
724.792480469,0.724792480469,-140.324162132,-110.959396657,-95.207803571,-97.3123458956,-90.7439884675
869.750976562,0.869750976562,-138.285619268,-113.251214817,-100.540175348,-102.465672394,-95.3088732462
1014.70947266,1.01470947266,-136.706262767,-115.634124117,-102.095663364,-104.332205273,-104.215296001
1159.66796875,1.15966796875,-135.977923708,-107.659834611,-103.257206932,-103.66624061,-106.995670505
1304.62646484,1.30462646484,-135.257300486,-103.880022498,-99.5653612362,-101.931236294,-108.29916041
1449.58496094,1.44958496094,-134.561133976,-104.329947431,-97.3544150954,-99.4785753333,-102.804809573
1594.54345703,1.59454345703,-133.019898341,-107.484402186,-102.419723104,-102.830615668,-101.505394397
1739.50195312,1.73950195312,-132.878443507,-108.520770667,-104.529278296,-102.873787856,-100.997430936
1884.46044922,1.88446044922,-131.62110614,-107.251148575,-108.932321101,-107.590633946,-106.231260969
2029.41894531,2.02941894531,-130.608595925,-105.549801983,-109.994665528,-110.325642995,-108.006988433
2174.37744141,2.17437744141,-129.917038624,-101.364007542,-102.947395849,-105.109114011,-107.677699795
2319.3359375,2.3193359375,-129.703378786,-100.072128848,-95.1028582362,-98.3603786556,-107.503804883
2464.29443359,2.46429443359,-129.661604179,-108.811456297,-93.1763888891,-96.1376158566,-108.206868701
2609.25292969,2.60925292969,-129.186882178,-117.08313118,-93.0887913069,-95.0523348014,-108.971313929
2754.21142578,2.75421142578,-128.424462986,-115.999856285,-94.1584138026,-96.4401976847,-109.16547487
2899.16992188,2.89916992188,-128.220420991,-115.526860959,-97.7150396321,-99.0284309438,-105.986571875
3044.12841797,3.04412841797,-126.971849929,-114.368045457,-92.7002953679,-95.7705492677,-104.447394775
3189.08691406,3.18908691406,-126.38289197,-115.738414787,-84.0968055726,-87.2857114364,-108.711549313
3334.04541016,3.33404541016,-126.510945023,-114.793362723,-84.0901604924,-87.5042289728,-108.535244067
3479.00390625,3.47900390625,-126.54470676,-115.813526901,-90.6479568436,-94.0599542733,-109.009523659
3623.96240234,3.62396240234,-126.379206166,-116.875556376,-81.0302847369,-84.3136466631,-108.816625824
3768.92089844,3.76892089844,-126.767042046,-117.522846852,-76.313126575,-79.9366100463,-105.979360044
3913.87939453,3.91387939453,-125.34842327,-116.802140459,-78.0346432371,-81.7677608406,-102.409478982
4058.83789062,4.05883789062,-125.31232693,-116.754560209,-78.359774441,-81.1334962596,-103.598715852
4203.79638672,4.20379638672,-124.402555073,-116.991857792,-82.0949257666,-85.4519844683,-108.248746619
4348.75488281,4.34875488281,-123.831609993,-116.808572611,-88.1684117058,-92.6216471595,-111.058684586
4493.71337891,4.49371337891,-124.687871769,-117.116479883,-88.9397307014,-91.3710987952,-110.454998713
4638.671875,4.638671875,-124.264721614,-116.478299158,-94.4855527996,-98.0269365141,-110.729067521
4783.63037109,4.78363037109,-124.018523461,-114.905205585,-103.47561995,-106.976483249,-110.408338469
4928.58886719,4.92858886719,-123.729579503,-114.473519833,-103.702922021,-106.849934846,-109.722518483
5073.54736328,5.07354736328,-123.499338215,-114.407973992,-95.3814659141,-98.9403363613,-109.429135484
5218.50585938,5.21850585938,-122.978003073,-116.738066789,-87.3879948729,-89.7053455154,-110.660581571
5363.46435547,5.36346435547,-122.086142921,-117.070591871,-81.5110125292,-82.8546028764,-110.203955838
5508.42285156,5.50842285156,-121.831513005,-115.372705136,-81.0155249912,-82.5858246908,-108.506040147
5653.38134766,5.65338134766,-122.809585899,-115.117388942,-87.8523844712,-90.1664859046,-107.527705296
5798.33984375,5.79833984375,-122.023097906,-114.305565505,-97.6280009167,-101.034791829,-108.725767074
5943.29833984,5.94329833984,-121.968130204,-113.479979324,-95.9450757482,-98.5041108217,-109.177904523
6088.25683594,6.08825683594,-121.436749651,-111.481487227,-98.2374320012,-101.267506153,-106.841140394
6233.21533203,6.23321533203,-121.216935361,-111.169858111,-103.561454376,-105.987230393,-104.605533443
6378.17382812,6.37817382812,-121.415096984,-112.348619251,-109.83985815,-110.048063784,-103.978287982
6523.13232422,6.52313232422,-121.287073644,-113.895731041,-109.614612913,-110.135912029,-105.852705738
6668.09082031,6.66809082031,-120.149837525,-114.916269337,-110.932741314,-111.187960543,-108.610040457
6813.04931641,6.81304931641,-120.382287306,-114.376794528,-111.814680987,-113.009925651,-109.01157785
6958.0078125,6.9580078125,-120.272456767,-115.280946491,-112.47262752,-114.21263141,-108.800439045
7102.96630859,7.10296630859,-119.826594369,-113.691776498,-111.764323927,-113.524907647,-109.193518536
7247.92480469,7.24792480469,-120.020135888,-113.287411881,-107.353490084,-109.159900508,-107.587710708
7392.88330078,7.39288330078,-119.904352037,-114.20510858,-104.197600403,-105.058085715,-107.959895259
7537.84179688,7.53784179688,-120.340518974,-114.256460507,-91.5660861913,-93.9210506913,-107.360750977
7682.80029297,7.68280029297,-119.922547565,-112.833257601,-91.4982724229,-94.1648682952,-107.058800401
7827.75878906,7.82775878906,-119.341935074,-113.05062042,-101.477941511,-103.049576845,-106.987868159
7972.71728516,7.97271728516,-119.593311354,-112.95189452,-95.5759545542,-98.5801184884,-104.895572942
8117.67578125,8.11767578125,-119.754323657,-112.71253122,-92.3654412881,-95.758206902,-103.482802258
8262.63427734,8.26263427734,-119.099683906,-112.222173027,-93.2986483644,-96.6749423959,-104.610311303
8407.59277344,8.40759277344,-118.668335879,-112.917980828,-99.1257515455,-103.277753483,-105.585316419
8552.55126953,8.55255126953,-118.398842254,-113.053965391,-105.757359293,-109.042894854,-104.912992298
8697.50976562,8.69750976562,-118.97882252,-112.541984406,-104.974840128,-110.084438637,-105.174867791
8842.46826172,8.84246826172,-118.62676337,-112.969617208,-107.326809721,-110.170257853,-106.820985613
8987.42675781,8.98742675781,-118.374980238,-113.157959763,-110.044857867,-111.773122892,-107.728482893
9132.38525391,9.13238525391,-117.823579967,-112.578127445,-108.928619916,-110.562468669,-108.136678385
9277.34375,9.27734375,-117.775539659,-112.832254498,-108.838465979,-109.906829924,-107.282320934
9422.30224609,9.42230224609,-117.479138873,-112.192729596,-105.403320939,-107.970206063,-107.654414562
9567.26074219,9.56726074219,-117.06345155,-112.181180376,-103.357261032,-105.762979954,-108.704854523
9712.21923828,9.71221923828,-117.445387436,-111.033219444,-105.71724558,-107.830351487,-109.25416799
9857.17773438,9.85717773438,-116.791132809,-111.350026369,-106.998761496,-108.689884956,-108.365046272
10002.1362305,10.0021362305,-117.277565147,-112.36829282,-109.735278198,-110.440911269,-107.722545883
10147.0947266,10.1470947266,-117.181211042,-112.284082045,-110.140186288,-112.373498846,-108.208159032
10292.0532227,10.2920532227,-117.031743914,-112.551493304,-109.524084519,-110.472048301,-107.735893097
10437.0117188,10.4370117188,-117.099833375,-112.025635959,-107.139133754,-108.582936202,-107.764692703
10581.9702148,10.5819702148,-116.223290282,-111.663412337,-100.314761941,-102.990964797,-107.910014528
10726.9287109,10.7269287109,-117.122482576,-111.046847716,-98.4440180415,-101.982055224,-108.127640603
10871.887207,10.871887207,-116.284780458,-110.989468488,-103.621758863,-107.857454595,-108.429513263
11016.8457031,11.0168457031,-115.547728135,-111.894119306,-110.92262072,-110.87004371,-109.147471816
11161.8041992,11.1618041992,-115.389377158,-110.009092415,-112.330279948,-112.3822404,-109.326065626
11306.7626953,11.3067626953,-115.478863209,-110.184506478,-111.882700048,-112.422982005,-109.482987212
11451.7211914,11.4517211914,-115.803814057,-111.009703437,-112.124599174,-112.944440124,-109.356623166
11596.6796875,11.5966796875,-116.15088308,-111.64616988,-112.650218341,-112.289768961,-109.198633998
11741.6381836,11.7416381836,-115.831458622,-111.357081193,-111.566482861,-111.69129837,-107.988814187
11886.5966797,11.8865966797,-114.913859807,-110.823001882,-109.281361588,-111.136485055,-107.891960502
12031.5551758,12.0315551758,-114.926525091,-110.524304157,-107.556728327,-109.603374882,-107.50904212
12176.5136719,12.1765136719,-115.485667245,-109.893970389,-104.262661167,-107.048124745,-107.605637239
12321.472168,12.321472168,-115.428478286,-110.216051795,-100.495937008,-102.7131364,-107.922654405
12466.4306641,12.4664306641,-115.241829324,-110.147053051,-103.095609797,-105.010858242,-108.143240384
12611.3891602,12.6113891602,-115.315232461,-109.902326526,-111.089451935,-110.712265549,-107.142745423
12756.3476562,12.7563476562,-114.632165251,-108.435616356,-110.542841582,-111.180157971,-107.1792148
12901.3061523,12.9013061523,-114.181157249,-108.638075119,-109.947302446,-110.528743074,-107.853363494
13046.2646484,13.0462646484,-114.413739877,-109.167287686,-108.788480945,-110.179715691,-106.849298649
13191.2231445,13.1912231445,-114.225925031,-108.323845414,-109.042636047,-110.76340926,-107.486796411
13336.1816406,13.3361816406,-114.427677882,-108.977869919,-110.083614824,-110.377539562,-107.372054792
13481.1401367,13.4811401367,-114.363078349,-109.031071615,-109.468111777,-109.423270736,-107.084512514
13626.0986328,13.6260986328,-113.824853028,-109.099210484,-108.918884311,-111.056816333,-106.751611703
13771.0571289,13.7710571289,-113.467976314,-108.781318532,-110.481127893,-110.864866686,-107.468290199
13916.015625,13.916015625,-113.331008847,-108.901066647,-111.18363432,-110.315019164,-107.992373373
14060.9741211,14.0609741211,-113.649004761,-108.218865511,-111.544891083,-110.16460298,-107.99345748
14205.9326172,14.2059326172,-113.802676539,-108.991098308,-110.030042746,-109.543509336,-107.794847046
14350.8911133,14.3508911133,-113.894316256,-109.876363548,-109.521924533,-110.1331192,-107.749825705
14495.8496094,14.4958496094,-114.348029783,-110.424221757,-109.693243998,-110.052514853,-108.866278618
14640.8081055,14.6408081055,-114.534210978,-110.551207349,-108.351330796,-110.050333799,-108.772381318
14785.7666016,14.7857666016,-114.11645678,-109.730204501,-109.575272061,-110.508747876,-107.101504603
14930.7250977,14.9307250977,-113.086650644,-108.889346975,-110.557990414,-110.179332559,-106.407183374
15075.6835938,15.0756835938,-112.77683507,-108.372146981,-109.138374387,-109.26574751,-107.312844456
15220.6420898,15.2206420898,-112.993702342,-108.177859272,-107.092025718,-108.142073898,-106.828831991
15365.6005859,15.3656005859,-113.544760992,-108.758554456,-108.521579088,-110.370965305,-107.316198181
15510.559082,15.510559082,-113.182592815,-108.588446773,-109.201279015,-110.696268054,-108.280071256
15655.5175781,15.6555175781,-112.896541677,-106.991590398,-108.407049884,-110.100256893,-107.322581115
15800.4760742,15.8004760742,-112.827356493,-106.771186366,-102.159306266,-104.2565421,-105.304825871
15945.4345703,15.9454345703,-112.825933042,-106.79812158,-100.046305711,-102.56987368,-105.301368995
16090.3930664,16.0903930664,-112.558358081,-108.969010942,-106.81574951,-108.16215056,-106.504072939
16235.3515625,16.2353515625,-112.555268074,-108.408283795,-107.223196819,-108.347679004,-106.180611787
16380.3100586,16.3803100586,-113.284847768,-107.946422211,-106.861885707,-107.86194888,-106.893552786
16525.2685547,16.5252685547,-112.931907435,-107.59901318,-108.416830203,-108.326322069,-107.066633568
16670.2270508,16.6702270508,-112.100318833,-107.169637229,-108.582200527,-108.994093979,-106.910176522
16815.1855469,16.8151855469,-112.102069239,-107.98070146,-109.028332857,-109.872006622,-106.544004685
16960.144043,16.960144043,-112.152330605,-107.489215161,-108.340704187,-109.812224952,-105.745020111
17105.1025391,17.1051025391,-112.684387929,-107.585690464,-108.824664514,-109.897734324,-106.138667744
17250.0610352,17.2500610352,-112.127958283,-107.372337933,-108.9294466,-108.927376557,-107.074105597
17395.0195312,17.3950195312,-110.871696967,-108.065646095,-108.08598306,-108.814105257,-106.953997902
17539.9780273,17.5399780273,-110.609336944,-109.067723567,-108.893300139,-108.670812656,-106.190063643
17684.9365234,17.6849365234,-111.411438237,-107.609129803,-108.681399806,-108.615586148,-104.857432441
17829.8950195,17.8298950195,-111.721118733,-108.36965583,-108.139455881,-108.697541581,-105.76960449
17974.8535156,17.9748535156,-111.245712943,-109.243564457,-108.34516757,-108.577004875,-105.407460899
18119.8120117,18.1198120117,-111.323650763,-107.042801773,-107.583216175,-108.550250239,-105.618365678
18264.7705078,18.2647705078,-111.848133391,-106.429602265,-107.90983974,-108.543114264,-105.909890388
18409.7290039,18.4097290039,-111.259926379,-106.607094299,-108.250470079,-108.990916851,-106.044937718
18554.6875,18.5546875,-111.637569993,-106.814696251,-108.0172976,-109.500873529,-106.338362003
18699.6459961,18.6996459961,-111.98284956,-107.411573135,-108.328326172,-108.877332228,-105.971505705
18844.6044922,18.8446044922,-111.206782078,-107.239111697,-108.726781196,-108.795788079,-106.643721274
18989.5629883,18.9895629883,-112.046770813,-107.30757345,-108.216467569,-109.555060706,-105.687530376
19134.5214844,19.1345214844,-111.578268833,-107.172725298,-108.30386761,-108.527797609,-104.854114257
19279.4799805,19.2794799805,-110.804911734,-107.396665066,-108.613385338,-108.415869453,-104.817145322
19424.4384766,19.4244384766,-111.853759844,-107.273122706,-108.297657265,-108.613936596,-104.826313019
19569.3969727,19.5693969727,-111.89826577,-106.935068675,-107.972378209,-108.643706667,-104.183995198
19714.3554688,19.7143554688,-111.540257365,-105.906868768,-107.728992193,-107.610308482,-106.06159676
19859.3139648,19.8593139648,-111.330586638,-106.233007501,-107.149112609,-107.647020529,-106.946082977
20004.2724609,20.0042724609,-111.264251375,-106.088896322,-106.56013962,-107.749400455,-105.864094423
20149.230957,20.149230957,-110.978840947,-105.18873585,-107.270474823,-107.882918774,-104.375025695
20294.1894531,20.2941894531,-111.752868967,-104.662727421,-107.833617278,-107.365540356,-103.524003185
20439.1479492,20.4391479492,-111.530790946,-105.563207604,-107.199878957,-107.301203112,-104.404333708
20584.1064453,20.5841064453,-111.354916723,-106.755722045,-107.319186823,-106.937027862,-105.631200812
20729.0649414,20.7290649414,-111.128751098,-105.520160028,-107.767097296,-106.895982722,-105.090545725
20874.0234375,20.8740234375,-110.683085947,-104.950700329,-106.965785311,-107.69266371,-105.68455124
21018.9819336,21.0189819336,-110.666491605,-104.799216746,-106.382383848,-107.936396791,-105.847256931
21163.9404297,21.1639404297,-110.286728442,-105.23269735,-106.763074953,-107.932076432,-105.495356593
21308.8989258,21.3088989258,-110.457088603,-105.387388913,-107.310966643,-107.481785098,-104.410942863
21453.8574219,21.4538574219,-109.874678305,-105.907847796,-107.353630638,-108.145671719,-104.405493343
21598.815918,21.598815918,-110.236228372,-105.096506223,-106.222226775,-107.965945619,-104.655210369
21743.7744141,21.7437744141,-110.244429124,-104.971832492,-106.125102481,-107.469975242,-104.63207695
21888.7329102,21.8887329102,-109.953772009,-105.209286636,-106.655765351,-107.605295068,-105.87966214
22033.6914062,22.0336914062,-110.103959393,-105.45145549,-106.509248392,-107.367884648,-104.740461842
22178.6499023,22.1786499023,-109.522871265,-105.84597198,-107.328687039,-106.537750407,-103.662352336
22323.6083984,22.3236083984,-109.124912849,-106.096552702,-106.473066342,-106.277746556,-104.384749984
22468.5668945,22.4685668945,-109.786524771,-106.44275275,-106.888847547,-106.990910889,-104.395183547
22613.5253906,22.6135253906,-110.455157291,-105.999249249,-106.794553856,-106.472913519,-105.457272911
22758.4838867,22.7584838867,-111.367700826,-105.830045872,-105.898376527,-105.857528242,-105.658011294
22903.4423828,22.9034423828,-110.32126971,-105.776910251,-106.688994726,-106.439942379,-104.461145475
23048.4008789,23.0484008789,-110.460713902,-105.727880306,-107.952720602,-107.729309583,-103.937734546
23193.359375,23.193359375,-109.638051378,-105.481423384,-106.599034247,-108.025204436,-104.978585984
23338.3178711,23.3383178711,-109.571651132,-105.799488039,-105.622599197,-106.117788055,-106.039657312
23483.2763672,23.4832763672,-110.438662454,-105.600094289,-105.853006722,-105.604953361,-105.15290327
23628.2348633,23.6282348633,-109.921174259,-105.759492898,-106.168721842,-107.32885511,-104.765228062
23773.1933594,23.7731933594,-108.920899805,-105.296665225,-106.054922682,-106.851333694,-104.153569859
23918.1518555,23.9181518555,-108.697258349,-104.188938444,-104.762664477,-106.874631234,-104.62794699
24063.1103516,24.0631103516,-109.733797847,-103.973110851,-105.111906491,-106.418941823,-104.366427505
24208.0688477,24.2080688477,-108.54240168,-105.062505098,-105.39698885,-106.703037284,-104.002943916
24353.0273438,24.3530273438,-109.592824239,-104.81058229,-105.422643911,-106.567687904,-103.6901786
24497.9858398,24.4979858398,-110.150695399,-104.728019033,-104.741740007,-105.921081898,-103.477301756
24642.9443359,24.6429443359,-109.104108649,-104.307795916,-105.343404006,-106.545711803,-104.077266256
24787.902832,24.787902832,-108.961168507,-104.765373483,-106.235915999,-106.452236256,-103.469759721
24932.8613281,24.9328613281,-109.3686248,-106.047952588,-105.700344832,-105.594454283,-103.539970791
25077.8198242,25.0778198242,-109.377939773,-105.663045344,-104.618792077,-105.294475701,-104.524875834
25222.7783203,25.2227783203,-110.0600052,-104.594970024,-105.84974532,-105.61616263,-103.76009671
25367.7368164,25.3677368164,-110.306279945,-103.885952887,-105.47191752,-106.257586553,-102.816412169
25512.6953125,25.5126953125,-109.592349837,-103.644394237,-104.559271482,-106.063207768,-102.481561604
25657.6538086,25.6576538086,-108.596900524,-104.475857017,-104.925107619,-105.538521441,-102.721510324
25802.6123047,25.8026123047,-108.842220235,-105.124351709,-104.914773433,-105.266674483,-103.159902659
25947.5708008,25.9475708008,-108.8058083,-104.32241817,-104.92771196,-105.800962764,-102.846071408
26092.5292969,26.0925292969,-108.043349295,-105.16457906,-106.112210738,-106.134830245,-102.230123199
26237.487793,26.237487793,-108.124511345,-103.825313535,-104.991955761,-105.972201637,-103.239969621
26382.4462891,26.3824462891,-108.224027345,-102.995286311,-104.864962713,-105.163337453,-103.172787255
26527.4047852,26.5274047852,-108.273369765,-103.365137253,-104.764837497,-104.789922676,-104.050314189
26672.3632812,26.6723632812,-108.605903353,-103.875758169,-105.111166867,-105.442035807,-104.579042329
26817.3217773,26.8173217773,-107.659815325,-104.220607126,-105.070662582,-105.593749696,-103.470893864
26962.2802734,26.9622802734,-107.43004187,-103.42825736,-105.73597894,-106.171579001,-103.387909653
27107.2387695,27.1072387695,-108.230040898,-103.611711953,-105.352846418,-105.674242697,-104.386714471
27252.1972656,27.2521972656,-108.656357942,-104.199850699,-105.837763635,-105.28917765,-103.473858941
27397.1557617,27.3971557617,-109.47644214,-104.4091152,-105.124703343,-104.860879139,-103.182077301
27542.1142578,27.5421142578,-108.390374673,-103.907527801,-104.901455536,-105.195164056,-102.804951615
27687.0727539,27.6870727539,-108.123404968,-103.258088751,-104.86238352,-104.938950512,-103.473965012
27832.03125,27.83203125,-107.706548636,-103.794207646,-103.646131758,-104.701205792,-104.126319379
27976.9897461,27.9769897461,-107.587653288,-103.664225542,-104.058300753,-105.112534095,-103.821598138
28121.9482422,28.1219482422,-107.785071244,-103.384111752,-105.220248182,-106.251038403,-103.927498169
28266.9067383,28.2669067383,-108.099557906,-102.795567034,-104.644520776,-106.183037453,-103.463714692
28411.8652344,28.4118652344,-107.915511722,-103.181852467,-103.919865173,-105.062656646,-102.882968479
28556.8237305,28.5568237305,-106.94907547,-103.059222007,-103.46542348,-104.633354216,-102.920260901
28701.7822266,28.7017822266,-107.017147365,-103.676893792,-104.02122397,-104.376196313,-103.695823913
28846.7407227,28.8467407227,-108.026555215,-103.579949639,-104.072263522,-105.257114563,-103.980185057
28991.6992188,28.9916992188,-107.336647444,-103.608206188,-104.22519063,-104.513659025,-103.854713549
29136.6577148,29.1366577148,-107.854689536,-103.688577502,-104.084972408,-104.622238713,-103.648189663
29281.6162109,29.2816162109,-108.329897606,-103.483799283,-104.095160642,-105.376337974,-103.438577823
29426.574707,29.426574707,-108.335797897,-103.365925508,-104.470705155,-104.112404737,-103.312268436
29571.5332031,29.5715332031,-107.884055278,-103.63410267,-103.981652232,-104.74558584,-102.99473125
29716.4916992,29.7164916992,-107.646957907,-102.277711728,-104.646379892,-105.012381508,-101.693213141
29861.4501953,29.8614501953,-107.969515532,-102.43860037,-103.549803546,-105.034017926,-101.742147871
30006.4086914,30.0064086914,-107.489053821,-103.787064189,-102.823336745,-104.896700064,-101.844657138
30151.3671875,30.1513671875,-106.968743752,-102.532412607,-103.273250426,-104.710550863,-102.26889098
30296.3256836,30.2963256836,-107.17915852,-102.337590971,-103.838413886,-105.131831901,-101.271871539
30441.2841797,30.4412841797,-107.074633144,-102.339918085,-103.831944062,-104.346091656,-101.044075872
30586.2426758,30.5862426758,-106.53742645,-102.50852491,-104.764329159,-104.278461734,-102.238730674
30731.2011719,30.7312011719,-107.25631228,-103.316125611,-104.978034741,-104.336104753,-102.084443655
30876.159668,30.876159668,-108.01065942,-102.841740964,-103.801646884,-104.557906238,-100.895491607
31021.1181641,31.0211181641,-108.045305559,-102.125321047,-104.091917223,-104.060031686,-101.539500734
31166.0766602,31.1660766602,-107.126655484,-102.869228155,-104.975633375,-103.254803944,-102.357730661
31311.0351562,31.3110351562,-107.754321064,-102.967976531,-103.886787329,-104.157540069,-102.801212775
31455.9936523,31.4559936523,-107.084424652,-103.500134984,-103.557618778,-104.708791155,-101.904825703
31600.9521484,31.6009521484,-106.942672143,-102.439734619,-102.56886773,-103.302731517,-100.824518045
31745.9106445,31.7459106445,-107.07900517,-98.5725501409,-98.4535936403,-100.32913462,-100.223234713
31890.8691406,31.8908691406,-107.142005556,-100.305329925,-98.900765527,-101.032123039,-102.077972679
32035.8276367,32.0358276367,-107.054787579,-102.724185724,-103.039348279,-104.507681964,-103.124846177
32180.7861328,32.1807861328,-107.257859924,-102.269077498,-103.509195758,-103.96367422,-102.289233803
32325.7446289,32.3257446289,-106.85744853,-102.801550388,-104.101576056,-104.132163246,-102.395821224
32470.703125,32.470703125,-107.372215461,-101.886982565,-103.132405363,-104.212647815,-101.805312781
32615.6616211,32.6156616211,-107.543166571,-101.399129375,-101.84640938,-104.101461044,-101.840143172
32760.6201172,32.7606201172,-107.217943543,-102.099603922,-102.612381924,-103.867765976,-100.995513898
32905.5786133,32.9055786133,-107.247955867,-100.758650443,-103.399216152,-104.562255077,-100.767668959
33050.5371094,33.0505371094,-107.245813411,-100.631933211,-103.225045867,-103.560304485,-100.753972209
33195.4956055,33.1954956055,-105.895386598,-101.555675172,-103.974225339,-103.820306378,-100.158554227
33340.4541016,33.3404541016,-105.771871902,-101.697474872,-103.856386133,-104.014150094,-101.362242984
33485.4125977,33.4854125977,-107.080291626,-101.814506489,-102.558979426,-104.363379412,-101.524334872
33630.3710938,33.6303710938,-106.187071202,-102.066804429,-103.022926206,-104.268427617,-100.73365349
33775.3295898,33.7753295898,-105.805578999,-102.343656084,-102.409321836,-104.177647253,-101.318567064
33920.2880859,33.9202880859,-105.878331967,-102.445863548,-101.727694869,-104.8907961,-100.72894754
34065.246582,34.065246582,-106.129862342,-102.463597095,-102.454221613,-104.582438112,-101.458298563
34210.2050781,34.2102050781,-106.747606781,-101.484502693,-103.582226124,-103.525708685,-102.528214947
34355.1635742,34.3551635742,-106.131847454,-100.477096404,-103.787223692,-104.355362434,-101.526432531
34500.1220703,34.5001220703,-106.076191391,-101.739071459,-102.091042443,-104.247308504,-100.46794803
34645.0805664,34.6450805664,-105.421503911,-101.888852395,-102.439597833,-103.849357873,-102.002364837
34790.0390625,34.7900390625,-105.064243501,-101.725955942,-103.0633411,-103.366049257,-102.29615228
34934.9975586,34.9349975586,-106.605237166,-101.86907629,-102.161156359,-103.590149102,-102.184078314
35079.9560547,35.0799560547,-107.155954657,-101.083234138,-103.062002225,-104.180497822,-102.14303692
35224.9145508,35.2249145508,-106.490775868,-100.880315278,-102.841665676,-104.080885738,-100.529660523
35369.8730469,35.3698730469,-106.608288083,-100.600497015,-103.239836023,-103.303041968,-100.263056597
35514.831543,35.514831543,-106.414013815,-100.951053014,-102.457420057,-102.64641015,-101.608004726
35659.7900391,35.6597900391,-106.494963234,-100.147834583,-102.309402652,-103.389774988,-101.13272813
35804.7485352,35.8047485352,-106.503908999,-100.620299969,-102.677025775,-102.979541657,-100.521281378
35949.7070312,35.9497070312,-105.977917883,-101.152834405,-102.52529135,-102.081625355,-99.8902013124
36094.6655273,36.0946655273,-105.305500329,-102.215233883,-102.680138884,-102.178407206,-99.746899155
36239.6240234,36.2396240234,-104.945234294,-102.52204847,-102.739906138,-102.550746777,-100.874889617
36384.5825195,36.3845825195,-105.125833377,-101.424446415,-102.309330636,-103.322676742,-101.388433969
36529.5410156,36.5295410156,-106.140573984,-101.288227891,-101.592284901,-102.451927129,-101.044902748
36674.4995117,36.6744995117,-106.79974582,-101.216926893,-102.375374876,-102.606369745,-101.235891536
36819.4580078,36.8194580078,-106.287742273,-101.559034594,-102.075912152,-102.981804729,-101.06986264
36964.4165039,36.9644165039,-105.790201807,-101.84120451,-101.997061444,-103.108034392,-100.569109228
37109.375,37.109375,-105.308343031,-101.518960466,-102.276504387,-102.408747437,-100.237073353
37254.3334961,37.2543334961,-106.385293666,-101.327280723,-102.389047942,-102.869810644,-100.474270922
37399.2919922,37.3992919922,-106.782595285,-101.417289986,-102.331146442,-103.139348641,-101.75336939
37544.2504883,37.5442504883,-105.965760625,-101.666902887,-103.242759011,-103.732229011,-101.906233771
37689.2089844,37.6892089844,-105.677922787,-101.648241064,-102.490480299,-103.704996481,-101.599723097
37834.1674805,37.8341674805,-106.133569111,-100.634662087,-102.244189342,-102.575098985,-101.693272285
37979.1259766,37.9791259766,-105.902949151,-101.794419909,-101.851462325,-102.666310898,-100.704675498
38124.0844727,38.1240844727,-105.332372486,-101.159697346,-101.73720702,-103.253530945,-100.245555724
38269.0429688,38.2690429688,-105.135319211,-100.932538505,-101.387297341,-102.495491976,-100.675689021
38414.0014648,38.4140014648,-104.892863035,-101.760196424,-102.568590223,-101.821470795,-100.555458657
38558.9599609,38.5589599609,-105.814710083,-101.149567966,-102.263311887,-103.16466768,-101.325266142
38703.918457,38.703918457,-106.107113681,-100.459684461,-101.086326668,-102.322907253,-99.9417978356
38848.8769531,38.8488769531,-105.776936626,-101.166985393,-101.799805523,-101.678776221,-98.7618211937
38993.8354492,38.9938354492,-105.687136866,-100.505119076,-101.816255503,-102.091648146,-99.1303294157
39138.7939453,39.1387939453,-105.841341962,-99.8770540128,-101.176939506,-102.038428666,-99.7889901177
39283.7524414,39.2837524414,-105.395398251,-100.177178748,-101.564587567,-101.63128446,-99.752694607
39428.7109375,39.4287109375,-104.949119252,-99.9388593592,-101.593569895,-102.510298055,-99.1783580632
39573.6694336,39.5736694336,-104.39844989,-99.9787368716,-101.512268332,-103.549472355,-99.2401191921
39718.6279297,39.7186279297,-104.054214561,-101.000262654,-102.439415477,-101.856011367,-99.3259318421
39863.5864258,39.8635864258,-103.709671566,-101.172614882,-101.864479937,-102.371686707,-99.9948238789
40008.5449219,40.0085449219,-104.621651144,-100.060358832,-100.969052611,-102.108378045,-99.3444852367
40153.503418,40.153503418,-106.549309432,-100.630499475,-101.327581314,-101.912541985,-99.2155916969
40298.4619141,40.2984619141,-105.298248134,-99.7541640973,-100.89731818,-102.163068982,-99.121940086
40443.4204102,40.4434204102,-105.023922566,-98.9001601418,-101.391433718,-101.989890191,-99.3926106813
40588.3789062,40.5883789062,-104.536345815,-99.8096221815,-101.745850293,-102.151348413,-99.4608014831
40733.3374023,40.7333374023,-104.215752849,-100.136994114,-101.653482075,-102.216323695,-99.8254546125
40878.2958984,40.8782958984,-103.973944299,-100.369445966,-101.533250985,-101.574946606,-99.4204945684
41023.2543945,41.0232543945,-104.256556921,-100.419699158,-101.677776966,-100.679130526,-99.7767635733
41168.2128906,41.1682128906,-105.438566815,-100.517512251,-101.715536923,-100.961134346,-99.4444334061
41313.1713867,41.3131713867,-105.355156694,-99.6064832301,-100.963966464,-101.640425684,-99.1380758509
41458.1298828,41.4581298828,-104.423279654,-100.960606899,-100.642270925,-101.640373158,-99.2994203117
41603.0883789,41.6030883789,-104.652281045,-101.38836068,-101.016588399,-101.975171209,-99.9570511094
41748.046875,41.748046875,-104.660216821,-99.5967240354,-101.696325817,-102.3810164,-100.539578701
41893.0053711,41.8930053711,-104.436373955,-99.5536837799,-100.718188275,-101.234775617,-99.2354877514
42037.9638672,42.0379638672,-104.940687139,-100.064627936,-100.597977489,-101.781915781,-98.5144997397
42182.9223633,42.1829223633,-104.383800524,-99.1635002474,-100.99989889,-101.457450163,-97.9538739269
42327.8808594,42.3278808594,-104.541316892,-99.7055543191,-101.54100974,-101.636708669,-98.4600426691
42472.8393555,42.4728393555,-104.245042692,-100.457343882,-101.552321208,-101.869690259,-98.9457148788
42617.7978516,42.6177978516,-104.11132914,-100.138777034,-100.75638445,-102.052008954,-99.292741918
42762.7563477,42.7627563477,-105.192864669,-99.8980406183,-101.157269308,-101.500938752,-99.2723450647
42907.7148438,42.9077148438,-104.43620775,-100.023928717,-101.663345306,-101.749562555,-100.449666497
43052.6733398,43.0526733398,-104.680679061,-99.7562037657,-101.179140222,-101.862297517,-100.013716952
43197.6318359,43.1976318359,-105.206818585,-99.7919294859,-100.628887975,-101.9916778,-98.4132327464
43342.590332,43.342590332,-104.404075844,-100.495930431,-100.751282597,-102.445802561,-99.2354824914
43487.5488281,43.4875488281,-104.085505439,-99.9640801745,-101.927771254,-102.134216998,-99.1730457535
43632.5073242,43.6325073242,-104.202672469,-99.2031157363,-102.051932908,-102.188727748,-98.9432304423
43777.4658203,43.7774658203,-103.860388699,-98.5919094275,-101.299747082,-102.439155407,-99.4894458655
43922.4243164,43.9224243164,-104.247716862,-98.8836775062,-100.915128479,-101.721996733,-98.8884137259
44067.3828125,44.0673828125,-103.93030036,-99.0728335547,-101.394523428,-100.789695547,-99.1149585372
44212.3413086,44.2123413086,-103.176355167,-99.3227335445,-100.449884848,-100.941199547,-100.365165756
44357.2998047,44.3572998047,-103.502823038,-98.8008515915,-100.694559028,-101.827599961,-99.6337889655
44502.2583008,44.5022583008,-103.698601444,-99.1095966475,-100.079406519,-102.449439899,-99.1192635338
44647.2167969,44.6472167969,-104.337892287,-99.5087852108,-99.8835851428,-101.666791493,-97.9975879387
44792.175293,44.792175293,-104.547116507,-99.7886048373,-100.636476155,-101.12675499,-99.0062849532
44937.1337891,44.9371337891,-103.728435386,-99.3635562883,-101.076345702,-100.489520256,-99.9625765301
45082.0922852,45.0820922852,-103.627748086,-99.0353416799,-100.809969239,-101.169800361,-99.0901565762
45227.0507812,45.2270507812,-103.785860511,-98.742792531,-100.167086099,-101.903745867,-97.9313155399
45372.0092773,45.3720092773,-103.724986166,-99.226777797,-100.034864541,-102.478822566,-97.8214325197
45516.9677734,45.5169677734,-103.900124637,-99.947876903,-100.263892029,-101.175391362,-99.0510236445
45661.9262695,45.6619262695,-103.484516896,-100.038149316,-100.432909084,-100.359439526,-99.2696456431
45806.8847656,45.8068847656,-103.532398837,-99.6601035372,-100.347934667,-100.335808617,-99.3915182766
45951.8432617,45.9518432617,-104.18727708,-99.3402091913,-100.933761169,-100.798373166,-98.0809162493
46096.8017578,46.0968017578,-104.662561677,-99.1338751916,-99.935682169,-101.334244156,-98.0906283532
46241.7602539,46.2417602539,-104.939654199,-98.8544251337,-98.8622050422,-100.94023127,-98.3934829648
46386.71875,46.38671875,-104.678386006,-99.1443050291,-96.3347650944,-101.464583691,-98.5874292391
46531.6772461,46.5316772461,-104.574461692,-98.8387155341,-98.2490442567,-100.51844048,-99.9146483479
46676.6357422,46.6766357422,-104.99009056,-97.863786968,-100.440090392,-100.36860789,-99.930908235
46821.5942383,46.8215942383,-104.452146941,-98.3420792575,-99.6761559007,-100.902581261,-98.2449316142
46966.5527344,46.9665527344,-103.311906072,-99.3805157048,-100.16386175,-101.177049087,-98.7236927074
47111.5112305,47.1115112305,-103.543621946,-99.7736974774,-101.176917124,-99.4980020802,-98.51252337
47256.4697266,47.2564697266,-103.156927784,-99.4869013954,-100.568286465,-101.745703973,-98.675113416
47401.4282227,47.4014282227,-103.459861633,-99.5733911666,-100.432811042,-100.442310323,-98.9771132004
47546.3867188,47.5463867188,-103.264659758,-98.2718512279,-100.424955974,-100.820117071,-98.144170989
47691.3452148,47.6913452148,-102.81402591,-98.5474705827,-99.6245528629,-100.759317066,-98.3151391019
47836.3037109,47.8363037109,-103.427102751,-98.6370358773,-99.2457253525,-100.498482978,-97.5760927046
47981.262207,47.981262207,-103.805612806,-99.3643546349,-100.031474918,-100.790133969,-97.3697340123
48126.2207031,48.1262207031,-103.781255976,-98.7349750184,-100.159400132,-100.92251876,-99.3441931467
48271.1791992,48.2711791992,-104.73878309,-98.2616326374,-100.770666593,-101.166273214,-98.0414221626
48416.1376953,48.4161376953,-104.059135116,-99.3378445328,-99.9198883797,-100.882687124,-97.1392041684
48561.0961914,48.5610961914,-103.595278576,-99.2952696902,-100.202951656,-100.675483475,-98.5348162377
48706.0546875,48.7060546875,-103.290794977,-99.565786194,-100.399122908,-100.980649739,-99.8085827129
48851.0131836,48.8510131836,-102.272098293,-99.9576227981,-99.3978791038,-100.255935075,-99.0985572538
48995.9716797,48.9959716797,-102.408795209,-98.8933091201,-100.338812944,-99.881814458,-97.6325763611
49140.9301758,49.1409301758,-102.976944481,-98.6997131282,-99.7500612907,-100.136701809,-97.5953559691
49285.8886719,49.2858886719,-103.181708913,-98.0829536067,-99.404119609,-100.779367474,-97.3929633888
49430.847168,49.430847168,-103.236755329,-98.4007723219,-100.069406863,-100.487658643,-98.3442520041
49575.8056641,49.5758056641,-104.003388026,-98.7608879476,-98.9000373581,-100.237477401,-99.6204332618
49720.7641602,49.7207641602,-103.401624325,-99.3880903754,-99.0683843381,-100.78185203,-98.9404518851
49865.7226562,49.8657226562,-103.321182035,-99.889189067,-99.2440444238,-99.9492948603,-98.2444596628
50010.6811523,50.0106811523,-103.076331524,-99.3189797205,-99.1842289009,-99.8564382635,-97.969701617
50155.6396484,50.1556396484,-102.893310144,-98.3088221269,-100.118381561,-100.325189292,-97.1941210546
50300.5981445,50.3005981445,-102.047159936,-97.8960850769,-99.7262981918,-99.7052455674,-96.7885572678
50445.5566406,50.4455566406,-102.184774153,-97.670955261,-99.5182135622,-100.052784771,-97.3374935864
50590.5151367,50.5905151367,-103.523003462,-97.7093837975,-99.7691274217,-100.06964251,-97.5110891141
50735.4736328,50.7354736328,-102.947990038,-98.3864752829,-99.0039581565,-98.6787154502,-98.3800619541
50880.4321289,50.8804321289,-102.535125225,-98.349611643,-98.6567894394,-99.3763093143,-99.0673849035
51025.390625,51.025390625,-102.823449279,-98.5833268892,-99.6580021997,-99.8444540036,-97.9282821431
51170.3491211,51.1703491211,-103.439190723,-98.4063236904,-100.041884038,-99.2558565792,-97.6068770447
51315.3076172,51.3153076172,-103.511658041,-99.3204782997,-98.9927934346,-99.8164907722,-97.6938153602
51460.2661133,51.4602661133,-103.870555708,-99.3157387434,-98.9827346788,-100.108319865,-98.2706446347
51605.2246094,51.6052246094,-103.321570906,-98.9883727552,-98.9965140907,-100.317990787,-98.1592483862
51750.1831055,51.7501831055,-102.1380507,-98.0709647585,-98.3413902337,-99.3186739786,-97.2794878391
51895.1416016,51.8951416016,-102.593027982,-98.016366381,-99.4777980692,-100.00872874,-96.4209809937
52040.1000977,52.0401000977,-102.408205895,-97.7490810765,-100.010258877,-101.066783538,-97.2382637828
52185.0585938,52.1850585938,-102.414470643,-97.9956985173,-99.365647589,-99.923536098,-97.451902301
52330.0170898,52.3300170898,-103.83308701,-97.9247417425,-99.3121772205,-100.388961339,-97.1724178396
52474.9755859,52.4749755859,-103.292462621,-97.4272317721,-98.5594540706,-100.336153666,-96.8710492694
52619.934082,52.619934082,-102.768154789,-97.6197248837,-99.1600660223,-100.075031491,-97.4526154597
52764.8925781,52.7648925781,-102.942653289,-97.8136507007,-99.9489044009,-100.283364026,-96.5843779534
52909.8510742,52.9098510742,-103.269733286,-98.2965972683,-99.1400448578,-100.867121079,-97.1439706811
53054.8095703,53.0548095703,-103.003068895,-97.3358436701,-99.1276535654,-100.508262126,-97.5091255867
53199.7680664,53.1997680664,-102.136562792,-97.0820550552,-100.238132964,-99.1754688184,-97.781041683
53344.7265625,53.3447265625,-102.386793989,-98.2871769342,-100.075611629,-99.8765933135,-96.7967616427
53489.6850586,53.4896850586,-101.918512986,-98.6127971978,-99.1624692417,-100.366214706,-95.6764999248
53634.6435547,53.6346435547,-101.753723173,-97.4236791107,-99.2715724008,-99.748417998,-96.7909068426
53779.6020508,53.7796020508,-102.908461281,-98.8683861236,-100.193746665,-99.5586041784,-97.4150771828
53924.5605469,53.9245605469,-102.36924799,-99.2666804915,-99.494678171,-99.8008610577,-97.2699508433
54069.519043,54.069519043,-101.65985512,-97.9728314526,-98.8148257755,-100.121713026,-97.2692285288
54214.4775391,54.2144775391,-101.773702475,-97.4329784073,-98.0851424098,-99.903187257,-97.6608332411
54359.4360352,54.3594360352,-101.430024543,-96.5011738908,-98.3830168956,-99.2121871861,-97.5035281639
54504.3945312,54.5043945312,-101.553865596,-97.1190984429,-99.8842634688,-99.1169205232,-98.1547220002
54649.3530273,54.6493530273,-103.370913852,-97.1422973594,-99.757547431,-98.9955373286,-98.210989089
54794.3115234,54.7943115234,-102.204440202,-97.1342619003,-99.2744914885,-99.8390455839,-97.040521189
54939.2700195,54.9392700195,-101.845903875,-97.2797384606,-98.4984474449,-99.5025272682,-96.1237101983
55084.2285156,55.0842285156,-102.032106903,-97.7192448646,-97.8816076921,-99.8749832661,-96.2120384788
55229.1870117,55.2291870117,-102.24787804,-97.7309337287,-97.9597193445,-100.143672407,-96.7921942239
55374.1455078,55.3741455078,-102.416251285,-97.0948457298,-98.528447217,-99.4869099982,-97.3567907678
55519.1040039,55.5191040039,-102.522466501,-96.2860163182,-98.6809457462,-98.8441416449,-96.982940796
55664.0625,55.6640625,-103.148838219,-97.0866970099,-99.1004033936,-98.9796063539,-96.2717215449
55809.0209961,55.8090209961,-103.136055423,-97.5451366787,-98.6952567526,-99.9849512997,-96.6622542981
55953.9794922,55.9539794922,-102.673741311,-97.0673660665,-99.3750993057,-99.6660023732,-98.0027382339
56098.9379883,56.0989379883,-102.258176086,-97.5026991552,-99.7538343414,-98.8187187561,-97.5178834465
56243.8964844,56.2438964844,-100.891705033,-96.8069642489,-99.8388340475,-99.5386739167,-96.9079494543
56388.8549805,56.3888549805,-101.77414446,-96.7058692444,-99.1405501946,-99.3230478298,-96.4669080802
56533.8134766,56.5338134766,-102.200342373,-96.5593419524,-98.988381235,-98.0906883815,-97.2876106289
56678.7719727,56.6787719727,-102.611706968,-96.3794477256,-98.0793766195,-96.8945500155,-97.3952343067
56823.7304688,56.8237304688,-102.411803611,-96.7576740562,-98.1301874931,-97.9020737538,-96.1111772597
56968.6889648,56.9686889648,-101.240974254,-97.2426042532,-98.7024505994,-98.4411940549,-95.550335969
57113.6474609,57.1136474609,-101.888025911,-98.3292597094,-98.4549708545,-98.7178244871,-96.778603237
57258.605957,57.258605957,-101.68159335,-98.6120334789,-98.2763359408,-98.4634420317,-97.1186304896
57403.5644531,57.4035644531,-101.735723364,-98.8900684038,-98.4746276295,-98.9764010843,-96.5659455884
57548.5229492,57.5485229492,-101.814731271,-97.9208542618,-99.2716160044,-98.7664790197,-95.7607271832
57693.4814453,57.6934814453,-102.409620807,-97.6939413481,-98.9271183529,-99.8408883408,-96.2528833443
57838.4399414,57.8384399414,-102.620899694,-97.6595743855,-98.6010773196,-100.044655179,-96.6358927256
57983.3984375,57.9833984375,-101.557383368,-97.9067960662,-98.5248079681,-99.3282318582,-97.0147269707
58128.3569336,58.1283569336,-101.626424496,-97.2335163257,-98.1796630754,-99.1600588577,-97.5377290976
58273.3154297,58.2733154297,-101.462806273,-96.9423073031,-98.4276305413,-98.8062515565,-96.3386775576
58418.2739258,58.4182739258,-101.46550204,-97.4654495721,-99.1185922432,-98.3241323282,-96.1085935189
58563.2324219,58.5632324219,-101.611920201,-98.0440446899,-98.2815003242,-98.5337311163,-96.3731006692
58708.190918,58.708190918,-102.022318707,-96.24264337,-98.3771080557,-99.637625584,-96.6637975714
58853.1494141,58.8531494141,-101.527503349,-97.3041461012,-98.2227696883,-98.7918920214,-97.6720059581
58998.1079102,58.9981079102,-101.211974642,-97.5488184653,-98.2815036827,-99.1281033813,-96.6889434269
59143.0664062,59.1430664062,-100.921960485,-97.8512755223,-97.9124921275,-99.4711569916,-95.6242666463
59288.0249023,59.2880249023,-101.507632255,-97.3017024401,-97.3960900103,-99.0453592431,-95.6574321729
59432.9833984,59.4329833984,-101.358589572,-96.1840613244,-97.9842994363,-98.6775915802,-96.271036341
59577.9418945,59.5779418945,-102.498036486,-96.085248578,-98.1978956543,-99.3116163867,-97.8708884138
59722.9003906,59.7229003906,-101.865477394,-96.3479793793,-98.2436946354,-99.2432704252,-98.1144784674
59867.8588867,59.8678588867,-102.231232406,-96.3866669854,-98.0743054656,-99.1588172305,-97.071649796
60012.8173828,60.0128173828,-102.217014732,-97.2248090382,-97.4922889409,-99.8144716176,-96.4867850648
60157.7758789,60.1577758789,-102.044460148,-98.0175422813,-97.7246213052,-98.8039248772,-97.8334300988
60302.734375,60.302734375,-101.11081155,-97.1162898504,-97.7350435541,-98.6662950045,-96.9960228178
60447.6928711,60.4476928711,-101.240062012,-96.7666421431,-99.2039911332,-99.432795537,-95.4501690534
60592.6513672,60.5926513672,-101.709065063,-97.0936443586,-98.2483503567,-99.6075603314,-95.3948018211
60737.6098633,60.7376098633,-101.17849873,-96.6300090325,-98.7626012923,-98.8797356417,-95.8163035378
60882.5683594,60.8825683594,-101.176645301,-95.4034245594,-98.1786716476,-99.2112003613,-95.7811042751
61027.5268555,61.0275268555,-101.281733441,-95.3952875812,-97.1946823664,-99.9689662106,-96.1728718832
61172.4853516,61.1724853516,-101.33981266,-95.4917018735,-97.7789640455,-99.643471801,-96.6065481417
61317.4438477,61.3174438477,-101.585559246,-97.0287961046,-97.7975290595,-99.0152656936,-96.082261953
61462.4023438,61.4624023438,-101.336739541,-98.3599302288,-98.1772512997,-98.992171587,-96.0058281492
61607.3608398,61.6073608398,-100.632605529,-97.6247391051,-97.6082271656,-98.3782762747,-97.2779769319
61752.3193359,61.7523193359,-101.157148818,-96.4693541771,-97.2353627191,-98.2102000432,-97.7838155202
61897.277832,61.897277832,-101.507469071,-97.5429443865,-97.2382500056,-97.988316949,-96.656766789
62042.2363281,62.0422363281,-100.998767191,-97.7503837201,-97.1903400585,-97.3628841686,-95.7683196089
62187.1948242,62.1871948242,-100.436960017,-97.8948741276,-98.0856589775,-97.2774939517,-95.5520890775
62332.1533203,62.3321533203,-100.973457943,-97.4923311283,-98.7877365176,-97.8651482901,-96.1337236759
62477.1118164,62.4771118164,-101.632302121,-96.9693485224,-98.3118271203,-98.0795590155,-96.8448153072
62622.0703125,62.6220703125,-101.739584872,-95.9379289602,-97.3009714267,-98.264336114,-96.9392927688
62767.0288086,62.7670288086,-101.259417875,-96.8098725855,-96.9168802396,-98.2190884663,-96.2082692648
62911.9873047,62.9119873047,-100.855513905,-96.9117408363,-97.5781651554,-97.5791561902,-96.5115023175
63056.9458008,63.0569458008,-100.951722327,-96.6176748803,-97.9402844471,-98.560000388,-95.9508858371
63201.9042969,63.2019042969,-101.237341058,-96.1865046674,-98.783270841,-99.0035773466,-94.998366081
63346.862793,63.346862793,-101.25854834,-97.224172442,-98.5291574435,-98.3845688169,-95.943594117
63491.8212891,63.4918212891,-102.391468422,-96.9470220526,-98.2796317257,-97.617998685,-95.8557411938
63636.7797852,63.6367797852,-101.915498661,-96.5534384698,-96.2232121546,-98.222579621,-95.9474109933
63781.7382812,63.7817382812,-100.798590594,-96.0986630399,-97.252796423,-97.9113473251,-95.5694898244
63926.6967773,63.9266967773,-100.835704545,-97.1393790348,-97.3655934658,-97.244871222,-94.9522420655
64071.6552734,64.0716552734,-101.089381729,-96.6866635685,-96.9478823078,-97.5862672989,-96.6332804339
64216.6137695,64.2166137695,-101.128116339,-95.4806693554,-97.6664978628,-98.260849822,-96.8626355897
64361.5722656,64.3615722656,-101.109500842,-95.4526172314,-98.3226522344,-98.5112249206,-95.0222468332
64506.5307617,64.5065307617,-101.078233867,-96.3435525221,-98.1065640688,-98.0404161635,-94.5475541775
64651.4892578,64.6514892578,-100.531055069,-95.7781332213,-97.3325863717,-97.4343646101,-95.1633617384
64796.4477539,64.7964477539,-100.528064998,-95.9221292963,-96.9262250967,-98.2903446932,-95.891072032
64941.40625,64.94140625,-100.838507609,-96.9688030511,-97.8634931454,-98.6904772181,-95.9014195
65086.3647461,65.0863647461,-100.898937461,-96.8775944075,-97.0626993817,-97.7414217905,-96.618998979
65231.3232422,65.2313232422,-100.95599514,-96.6155878955,-97.2577082493,-97.080417497,-96.7011611676
65376.2817383,65.3762817383,-100.593791861,-95.3952945378,-97.4823397367,-97.5693994959,-95.6238778198
65521.2402344,65.5212402344,-100.389144898,-96.9935422955,-97.1268131336,-98.0110508407,-95.1750620908
65666.1987305,65.6661987305,-99.8079478846,-97.4664049815,-96.5959726825,-98.2312572289,-95.0599659616
65811.1572266,65.8111572266,-100.548335054,-96.4240981033,-97.2467360518,-98.0825108775,-94.6640054228
65956.1157227,65.9561157227,-101.351889798,-95.7525346135,-97.9072432767,-97.8218185968,-96.0223656585
66101.0742188,66.1010742188,-100.580845513,-95.7325950837,-97.3642851118,-97.8663694188,-96.3109098148
66246.0327148,66.2460327148,-101.437375831,-96.2513624868,-96.6877219139,-98.8887754683,-95.4448052675
66390.9912109,66.3909912109,-100.386385205,-96.0740571847,-97.8118267084,-98.3715463393,-95.778403676
66535.949707,66.535949707,-100.721945023,-95.1681821258,-96.8807280281,-98.4232679035,-96.8632859769
66680.9082031,66.6809082031,-101.403130804,-95.8573754297,-97.0598264509,-99.2320551922,-96.2536190532
66825.8666992,66.8258666992,-101.042138595,-96.2131519758,-97.3051213929,-98.2593426872,-95.5170897736
66970.8251953,66.9708251953,-99.9473503747,-95.5290670208,-97.4663207705,-97.6725405445,-95.9399022977
67115.7836914,67.1157836914,-100.582479887,-95.8571516088,-96.987021226,-98.4631846139,-95.3715394577
67260.7421875,67.2607421875,-100.950388858,-95.8219533361,-96.7803472661,-97.9825533888,-95.1803780653
67405.7006836,67.4057006836,-100.636139841,-96.0930851596,-97.159594395,-98.8227544256,-95.2076835158
67550.6591797,67.5506591797,-100.39057426,-96.515442743,-97.0241638499,-97.3937141634,-95.9579197948
67695.6176758,67.6956176758,-100.286637526,-95.7496010529,-97.2412903396,-96.857077348,-95.7255702091
67840.5761719,67.8405761719,-100.391248374,-95.5521857555,-97.3568962638,-96.8065918724,-94.9965514881
67985.534668,67.985534668,-100.764247218,-95.3254272532,-97.3384354519,-97.4975704523,-94.9867637099
68130.4931641,68.1304931641,-100.552664767,-95.7671010806,-96.8766815123,-98.2623536622,-94.0691301766
68275.4516602,68.2754516602,-101.035222725,-95.7199851102,-97.1402941949,-97.8594483682,-94.6884823566
68420.4101562,68.4204101562,-99.6889744067,-95.6639607142,-97.4596469192,-97.5167938664,-95.2889968406
68565.3686523,68.5653686523,-99.5684697533,-95.4717854984,-97.2798036124,-97.1488701465,-95.7439093356
68710.3271484,68.7103271484,-99.5993321293,-94.9964552583,-96.7229850313,-97.1943939603,-95.269288742
68855.2856445,68.8552856445,-99.8965751793,-96.0328225062,-97.4122315008,-97.6683296078,-95.1195544691
69000.2441406,69.0002441406,-100.695256896,-96.3619083526,-98.5395658109,-97.2624982495,-94.5415868318
69145.2026367,69.1452026367,-99.9794678419,-95.893520206,-97.0686991755,-98.5415588,-95.0033256657
69290.1611328,69.2901611328,-100.256458487,-94.9991703971,-96.2946816889,-97.87715489,-95.5192789244
69435.1196289,69.4351196289,-100.112570568,-94.8051917345,-96.4272765197,-97.3476699815,-95.2761369261
69580.078125,69.580078125,-99.7102905409,-95.6976300571,-97.1053907217,-97.4208912913,-95.2018724907
69725.0366211,69.7250366211,-99.7508277805,-96.4048269628,-97.0829995974,-97.6593640847,-94.8460106489
69869.9951172,69.8699951172,-99.8602073516,-95.9824286872,-97.2311918774,-97.6464828686,-95.1303876998
70014.9536133,70.0149536133,-100.004409949,-94.9672677786,-96.0478210327,-97.5879536392,-95.2908850085
70159.9121094,70.1599121094,-99.839456841,-95.209021395,-95.9691401434,-96.9052082309,-95.3729507107
70304.8706055,70.3048706055,-100.240894833,-94.6225915425,-97.002270172,-97.7961598457,-95.8345398912
70449.8291016,70.4498291016,-99.9309514265,-95.1820244243,-96.9215102125,-97.6406856126,-95.8640179052
70594.7875977,70.5947875977,-100.246277206,-96.0032451401,-96.869221616,-96.5799094404,-95.7030621454
70739.7460938,70.7397460938,-100.694413801,-94.8114396464,-96.864775185,-97.7046964555,-95.6997997234
70884.7045898,70.8847045898,-99.9555540412,-95.3636705991,-97.2011449309,-97.2011038665,-95.575546366
71029.6630859,71.0296630859,-99.8708934094,-94.7283646586,-96.7215064264,-96.5223369137,-95.5716590385
71174.621582,71.174621582,-100.078144787,-94.6057292687,-95.7648681379,-96.9620398161,-95.059516975
71319.5800781,71.3195800781,-100.13883495,-94.8471580332,-96.623077344,-96.9452313134,-94.9276158511
71464.5385742,71.4645385742,-101.036026275,-94.1884259146,-97.3905727258,-97.0670794328,-94.4824137193
71609.4970703,71.6094970703,-99.9910271017,-94.811594579,-97.8053214413,-96.6962762236,-94.2869159567
71754.4555664,71.7544555664,-98.9108646402,-95.2259082832,-96.7425792544,-96.2994911674,-93.9654742834
71899.4140625,71.8994140625,-99.5003293196,-93.7182064405,-96.875760469,-97.3149145056,-94.1426067809
72044.3725586,72.0443725586,-99.0940232555,-93.7020086555,-96.5529556239,-96.43313954,-94.9094625508
72189.3310547,72.1893310547,-99.6377615593,-95.0341437793,-97.2635429613,-96.2896921057,-96.182904303
72334.2895508,72.3342895508,-100.222385234,-96.028948491,-97.5898040405,-96.5058395314,-95.5425701309
72479.2480469,72.4792480469,-100.984630866,-96.2318535078,-96.699922953,-96.7226193136,-95.0342763969
72624.206543,72.624206543,-100.691441534,-95.7082788272,-95.6678755346,-97.620311684,-95.2322003662
72769.1650391,72.7691650391,-99.385480013,-94.7086921529,-95.4998846723,-98.1382529334,-95.9925261999
72914.1235352,72.9141235352,-99.8734677536,-95.6737129592,-95.7659685741,-96.5275054523,-96.0922953612
73059.0820312,73.0590820312,-99.5177182054,-96.1416014004,-95.8899630722,-95.9236863196,-95.1072343179
73204.0405273,73.2040405273,-99.9161273368,-95.9784359329,-95.6185052394,-96.1223290058,-93.9579052995
73348.9990234,73.3489990234,-99.1385970438,-94.5742438811,-96.2196016812,-96.3487596579,-93.5779518855
73493.9575195,73.4939575195,-99.2056535783,-95.2072564913,-96.7216067752,-97.2247817921,-94.430635754
73638.9160156,73.6389160156,-99.8577334343,-95.1801966686,-96.6155981312,-98.1508605397,-94.8140614885
73783.8745117,73.7838745117,-99.6084255285,-95.2015517679,-96.9748232394,-97.5121689655,-95.1064876652
73928.8330078,73.9288330078,-99.4812264724,-94.7220284355,-96.449155148,-96.6594110411,-95.5487991263
74073.7915039,74.0737915039,-99.5256347691,-94.6774841422,-96.2419103591,-98.1129609141,-94.6647795251
74218.75,74.21875,-99.7014680364,-94.7903004561,-96.9672748405,-98.2481772092,-94.3827415072
74363.7084961,74.3637084961,-100.294404505,-95.1707001453,-97.0184539298,-97.2716091826,-94.7115731861
74508.6669922,74.5086669922,-99.252721421,-95.5175366622,-96.5588778371,-97.4570976522,-95.0510938555
74653.6254883,74.6536254883,-99.3775701603,-94.6785776102,-96.0389972936,-98.52278836,-95.5767443526
74798.5839844,74.7985839844,-100.383732264,-95.3940025566,-95.7085069131,-97.0771630344,-93.9484857775
74943.5424805,74.9435424805,-100.872369617,-95.0080568502,-96.3774443757,-96.1910944112,-93.0190145329
75088.5009766,75.0885009766,-99.9466131671,-95.1617741364,-97.0558313118,-96.2151142923,-94.0552248086
75233.4594727,75.2334594727,-100.730557801,-94.0941202871,-96.6001305515,-97.2123146464,-94.7046186252
75378.4179688,75.3784179688,-99.9062701165,-94.7492900444,-96.1678786424,-96.5050837951,-94.9816032224
75523.3764648,75.5233764648,-99.7867849898,-95.2804529739,-96.4158099174,-96.9400101775,-94.6265430648
75668.3349609,75.6683349609,-100.600554119,-94.6250199202,-95.6744940626,-97.6059129846,-94.5615800809
75813.293457,75.813293457,-99.7378225964,-93.6653831529,-96.7673584519,-96.6760223496,-94.893943616
75958.2519531,75.9582519531,-98.8800486503,-93.7472247115,-96.430929645,-96.5391383432,-95.0669226096
76103.2104492,76.1032104492,-99.0199639826,-94.3625923593,-96.2589467983,-96.4383919215,-95.2961352838
76248.1689453,76.2481689453,-99.2736013745,-95.3483844745,-96.4128448342,-96.5938677681,-95.3233143453
76393.1274414,76.3931274414,-100.147402791,-94.3846510411,-95.6508686164,-96.9146366952,-94.5382037466
76538.0859375,76.5380859375,-99.9797919687,-95.1779667525,-95.5480400095,-97.0674694191,-95.3397836161
76683.0444336,76.6830444336,-99.3850943213,-95.5283221322,-96.3143979558,-96.4087045985,-94.4354089638
76828.0029297,76.8280029297,-99.0112487541,-94.9571380437,-95.0573741932,-96.2567546244,-94.5220304617
76972.9614258,76.9729614258,-98.8342968599,-95.9509890679,-94.6573097358,-96.4698794681,-94.8278605253
77117.9199219,77.1179199219,-98.3154550184,-95.3388378935,-95.6512259339,-96.1640201629,-94.46271937
77262.878418,77.262878418,-98.8581688907,-94.8294039918,-95.7414324918,-97.3940942639,-94.4623721975
77407.8369141,77.4078369141,-98.7882832151,-93.6503671321,-95.3567643016,-96.123322118,-94.190242466
77552.7954102,77.5527954102,-98.5190555684,-95.3978733424,-95.0674178131,-96.1972633242,-93.3479712143
77697.7539062,77.6977539062,-99.3351532739,-94.8294109298,-95.143602331,-96.1567685954,-94.111755099
77842.7124023,77.8427124023,-99.9327091651,-94.2225946584,-95.1335433363,-95.5036203779,-93.003849477
77987.6708984,77.9876708984,-99.4215818806,-94.7110610044,-95.6811981272,-96.575111285,-94.015593632
78132.6293945,78.1326293945,-99.0995553635,-93.8192750395,-95.9755733726,-96.6174985294,-94.6842015174
78277.5878906,78.2775878906,-100.476081361,-93.0699534394,-95.8279584929,-95.8289564767,-94.4231845074
78422.5463867,78.4225463867,-100.39538669,-94.3345645372,-95.816352142,-96.672774698,-94.0126999741
78567.5048828,78.5675048828,-100.195955895,-94.7996350139,-95.4482580748,-95.8486126107,-93.8126514427
78712.4633789,78.7124633789,-99.9115187366,-95.4941989425,-96.0213661496,-95.2014333315,-94.5264437971
78857.421875,78.857421875,-100.48676756,-96.1829739104,-95.5283656257,-95.5720580087,-93.8590489995
79002.3803711,79.0023803711,-100.322876207,-94.652664198,-94.809332465,-95.9272035747,-92.6862944691
79147.3388672,79.1473388672,-100.01684883,-94.8448406313,-95.010319912,-96.5547644035,-93.7140790143
79292.2973633,79.2922973633,-98.1992624472,-94.1432338506,-95.1431966924,-97.1536643305,-93.7488789398
79437.2558594,79.4372558594,-99.2904997116,-94.4475889672,-95.0830933037,-96.1163128765,-93.9628277601
79582.2143555,79.5822143555,-100.63308443,-93.6608852189,-95.0580664524,-96.1140993131,-94.2875907727
79727.1728516,79.7271728516,-100.198079087,-94.4489896881,-94.9004649573,-96.622151531,-94.0855348191
79872.1313477,79.8721313477,-99.3849273015,-93.546347414,-95.0373297499,-96.4458774896,-94.0445840544
80017.0898438,80.0170898438,-99.9702889407,-93.6550029486,-94.8442076108,-95.3423495991,-94.3394279506
80162.0483398,80.1620483398,-99.5537221662,-94.5614435099,-95.6083914118,-95.0447826054,-93.9795212548
80307.0068359,80.3070068359,-99.1883691228,-95.0039178959,-96.7345104864,-96.0809483971,-93.3062298948
80451.965332,80.451965332,-99.5112437459,-94.191001143,-96.211889942,-96.1023841277,-93.2448833816
80596.9238281,80.5969238281,-98.989496778,-93.8949980263,-95.310605754,-96.5529491991,-94.2922124044
80741.8823242,80.7418823242,-99.4921462702,-94.6280088817,-95.298881,-96.4236805278,-93.3913733654
80886.8408203,80.8868408203,-99.1487045138,-95.4168649151,-94.8723233632,-95.1125830819,-94.0832319739
81031.7993164,81.0317993164,-98.7370768289,-94.3093336519,-95.6330157375,-95.8661060905,-95.1366126381
81176.7578125,81.1767578125,-98.3588129387,-93.9667689739,-95.4324602612,-96.8863030855,-93.9075713783
81321.7163086,81.3217163086,-98.3365855532,-95.1811283605,-94.4487196391,-97.2250439752,-93.2863134931
81466.6748047,81.4666748047,-98.9155502315,-94.5633493408,-94.8725325417,-96.9634580449,-94.175350407
81611.6333008,81.6116333008,-98.2059353613,-93.8365496876,-95.3823683125,-96.8895408097,-95.0140192449
81756.5917969,81.7565917969,-98.2134063204,-93.9768943759,-95.6403821394,-95.8689050008,-94.8147674773
81901.550293,81.901550293,-99.5298521213,-93.5136133143,-95.2565792256,-95.4623660136,-93.7934205489
82046.5087891,82.0465087891,-98.6828167569,-93.2666869883,-95.1360742068,-95.1659838613,-94.2591038531
82191.4672852,82.1914672852,-99.0542285312,-93.6310367344,-95.3690330588,-96.4529602049,-93.5225418741
82336.4257812,82.3364257812,-99.327244812,-95.0719321023,-95.6790097855,-95.8223146085,-92.6242286973
82481.3842773,82.4813842773,-99.6832185093,-94.668928959,-95.6260284057,-95.3405832942,-93.3377760112
82626.3427734,82.6263427734,-99.6191172498,-93.7830666427,-94.8180747226,-94.9580900705,-93.7300851102
82771.3012695,82.7713012695,-98.6270735808,-93.9251474735,-94.6227047082,-95.7137554147,-94.5918634439
82916.2597656,82.9162597656,-98.0654368996,-94.7582773344,-94.4343534704,-95.6470935583,-94.4989797906
83061.2182617,83.0612182617,-98.0637904477,-93.3529996791,-95.2140015683,-95.6389356337,-92.8299810879
83206.1767578,83.2061767578,-98.326884044,-92.4192496412,-96.5082071882,-96.0084703243,-93.3035877141
83351.1352539,83.3511352539,-99.2903872802,-93.3487218204,-95.291289637,-96.3313032041,-93.6120880861
83496.09375,83.49609375,-99.8022992847,-94.6533757315,-94.4920970872,-96.4707373235,-93.6313893526
83641.0522461,83.6410522461,-99.6937019659,-94.1872506993,-95.2203265146,-97.0598270689,-94.0004649345
83786.0107422,83.7860107422,-98.9142280176,-94.2937540483,-95.7887796905,-95.4603066957,-94.2790108733
83930.9692383,83.9309692383,-98.3901258672,-93.4271921298,-95.2750665329,-95.4713967806,-93.5706496513
84075.9277344,84.0759277344,-99.2454754315,-93.5091080723,-94.8259332266,-95.8086958831,-92.6568341608
84220.8862305,84.2208862305,-98.4940958345,-93.2079320647,-94.9845765576,-94.7025531941,-93.2106115945
84365.8447266,84.3658447266,-98.378022445,-92.9741254812,-95.5880763756,-95.2115140826,-94.1510493549
84510.8032227,84.5108032227,-99.0961562569,-92.7277150158,-94.8484695237,-96.1499856078,-94.1793106826
84655.7617188,84.6557617188,-98.9988950112,-92.7946938826,-94.5145542552,-96.226440756,-94.2042860968
84800.7202148,84.8007202148,-98.3928331213,-93.4895890805,-94.7367127731,-94.8547299757,-93.2611286398
84945.6787109,84.9456787109,-99.6074602895,-95.0894781612,-94.9423816652,-94.9409134046,-92.4312194549
85090.637207,85.090637207,-99.3634331824,-94.7259942755,-95.4624076785,-94.949079132,-92.3742680713
85235.5957031,85.2355957031,-99.3246420861,-94.5580269971,-95.4397604708,-95.1369635931,-93.285124598
85380.5541992,85.3805541992,-98.6484374073,-94.3547431211,-94.8905510173,-95.708046972,-94.6083586628
85525.5126953,85.5255126953,-98.4693471502,-94.3837541231,-94.9417683545,-96.0452164802,-94.1103368775
85670.4711914,85.6704711914,-98.5285632911,-94.6925598159,-95.0339217084,-95.9094812294,-94.0668056543
85815.4296875,85.8154296875,-97.9878011367,-93.69011362,-95.7164267631,-95.9144773737,-93.6888687284
85960.3881836,85.9603881836,-98.2526130885,-93.9902202688,-95.3794558221,-95.286204265,-93.5624417717
86105.3466797,86.1053466797,-98.4607804808,-93.4760749915,-94.591961328,-95.46936466,-93.6097845099
86250.3051758,86.2503051758,-98.5897919494,-94.1799118908,-94.0482571742,-95.2755777423,-93.6571601759
86395.2636719,86.3952636719,-98.4033217177,-94.1039943995,-95.2967871941,-94.7973065045,-93.4431221917
86540.222168,86.540222168,-97.7729198419,-94.1392169849,-95.2559356173,-94.9238132006,-92.8884168842
86685.1806641,86.6851806641,-97.2146733486,-94.2771179329,-94.5006074679,-95.0839903825,-92.7278564997
86830.1391602,86.8301391602,-97.9749044175,-93.268588528,-94.2654522533,-94.4910506126,-92.2128948049
86975.0976562,86.9750976562,-98.9895412365,-93.8836630737,-94.0738730831,-95.1317444229,-93.176510327
87120.0561523,87.1200561523,-98.2360196082,-94.693447727,-94.0372001359,-96.0291858094,-94.3830820331
87265.0146484,87.2650146484,-98.2381636309,-94.2979150902,-94.5391705835,-95.713386907,-93.9156669677
87409.9731445,87.4099731445,-98.2282018217,-92.4421993782,-95.5532632582,-95.5218840302,-94.6004347912
87554.9316406,87.5549316406,-98.7344287624,-92.5144807198,-94.7281813158,-95.7441348843,-93.3221755515
87699.8901367,87.6998901367,-97.9845030286,-93.0786484922,-94.7025071881,-95.9057819527,-93.1391732701
87844.8486328,87.8448486328,-98.1881280952,-93.2311248236,-94.599759616,-95.2483157836,-93.7038842918
87989.8071289,87.9898071289,-98.0177458381,-94.5893094095,-94.6793320422,-94.4886030936,-93.2129409879
88134.765625,88.134765625,-98.1422258355,-94.1465686669,-94.7062925965,-94.8717233316,-92.7727766456
88279.7241211,88.2797241211,-98.5264116531,-94.8660167418,-94.5632560697,-95.7157792336,-92.8335249459
88424.6826172,88.4246826172,-97.5205971771,-94.9830841628,-94.5960215758,-95.8353935497,-92.6243202416
88569.6411133,88.5696411133,-98.1085920659,-93.760116373,-95.3116651687,-96.6363289942,-92.4735748629
88714.5996094,88.7145996094,-98.663025121,-93.1185952049,-95.0568698525,-97.4245327493,-92.5515060923
88859.5581055,88.8595581055,-98.2927898908,-93.2272157082,-94.3324493848,-96.5422800799,-93.4047253041
89004.5166016,89.0045166016,-97.6550616591,-93.4196670178,-94.4315750549,-96.2914832881,-94.4784448698
89149.4750977,89.1494750977,-98.0157161333,-93.4646895789,-94.5083980568,-95.2369069771,-93.6462427889
89294.4335938,89.2944335938,-98.8523068805,-92.8733732771,-95.4053859004,-94.4400801334,-93.489691137
89439.3920898,89.4393920898,-96.836771733,-93.7959126966,-94.6966820158,-94.6169475506,-93.6300019036
89584.3505859,89.5843505859,-96.952310438,-94.5629033382,-94.7689050754,-94.1335118212,-92.6072480575
89729.309082,89.729309082,-98.2051341826,-93.934638477,-94.8157504719,-93.8922571256,-92.5543820253
89874.2675781,89.8742675781,-97.7845767483,-93.8731804472,-94.5500026111,-94.525968157,-92.6497845414
90019.2260742,90.0192260742,-97.5756173257,-93.0830664918,-94.3090147599,-95.079306301,-93.7299672624
90164.1845703,90.1641845703,-97.4314525231,-93.0412234533,-94.2652617314,-94.7798570743,-93.245685173
90309.1430664,90.3091430664,-98.0078764912,-94.0639285636,-95.8738732563,-94.6053001805,-93.5734160834
90454.1015625,90.4541015625,-97.9597493168,-94.3774289656,-94.5519659746,-95.9751859481,-93.3762449889
90599.0600586,90.5990600586,-97.8628366168,-94.0291704476,-94.6958352848,-95.7015351172,-92.6120851645
90744.0185547,90.7440185547,-97.6811936094,-93.4657150045,-94.5008929666,-95.3815090381,-92.5144226139
90888.9770508,90.8889770508,-97.7997065312,-92.7558633232,-94.1369294312,-95.3303086637,-93.1400432368
91033.9355469,91.0339355469,-98.0466290554,-92.3634101204,-95.2622457132,-95.0326869758,-93.2035259993
91178.894043,91.178894043,-98.444112055,-93.7145884483,-94.7249104755,-94.8754985229,-92.5765753224
91323.8525391,91.3238525391,-98.1636125404,-93.8615296726,-94.8638440419,-94.959643527,-93.3902393757
91468.8110352,91.4688110352,-97.8623120405,-93.2842135465,-94.4647108558,-94.5093315694,-93.4233121777
91613.7695312,91.6137695312,-98.5480948133,-93.872205729,-93.4641356552,-94.6103904224,-93.6529926079
91758.7280273,91.7587280273,-99.3670442925,-93.2812059368,-93.8848637143,-96.7740079235,-92.4022905928
91903.6865234,91.9036865234,-98.705690538,-93.4524369546,-94.2807870764,-96.0617265578,-92.9647105095
92048.6450195,92.0486450195,-98.4163228944,-94.3137131513,-94.1123275962,-95.2262116098,-91.7654204727
92193.6035156,92.1936035156,-98.6294463307,-93.6278485985,-93.7763584738,-94.6443905279,-91.7210914756
92338.5620117,92.3385620117,-98.3120373843,-92.2448854432,-94.2874302932,-94.5888185835,-91.770564011
92483.5205078,92.4835205078,-97.1767510997,-91.7223298128,-95.2273745709,-95.2714699468,-93.0110003705
92628.4790039,92.6284790039,-97.205391383,-92.847032755,-95.0434555093,-94.4855777837,-92.9334955014
92773.4375,92.7734375,-97.1306591567,-93.3825571198,-93.166023809,-94.1127826099,-92.5251598429
92918.3959961,92.9183959961,-97.6625693505,-93.3339442252,-93.4078281027,-94.357190034,-91.8862288337
93063.3544922,93.0633544922,-98.2087469075,-91.9852999829,-94.378688942,-94.7510566557,-91.9674459679
93208.3129883,93.2083129883,-97.8379374624,-91.7358365293,-94.2626341732,-95.1336825396,-94.2480383908
93353.2714844,93.3532714844,-97.9358538368,-93.3086560189,-94.0621494927,-95.7004396208,-93.8520280597
93498.2299805,93.4982299805,-97.4019927928,-94.1269586418,-94.5457686858,-95.8437068636,-92.240391265
93643.1884766,93.6431884766,-97.2844619002,-94.9418849367,-94.5648467548,-94.8365458198,-93.3529133408
93788.1469727,93.7881469727,-97.4990635622,-94.1402427222,-93.8848143466,-94.464018373,-92.8184061422
93933.1054688,93.9331054688,-97.1796706775,-92.9896445668,-94.1518829601,-94.9365317865,-91.7689532899
94078.0639648,94.0780639648,-97.5348325792,-92.7829221879,-94.9432679356,-95.4255714783,-91.1127110187
94223.0224609,94.2230224609,-98.0312384227,-92.9029879096,-94.7087290269,-94.4522521728,-91.863233631
94367.980957,94.367980957,-97.7611730234,-93.2265084355,-94.100844313,-93.7214578961,-92.6740014973
94512.9394531,94.5129394531,-97.479565577,-93.5438211252,-94.8226074565,-94.5418168297,-92.0265034087
94657.8979492,94.6578979492,-97.4335556446,-93.6635629426,-94.2992132734,-95.1547803007,-92.508213326
94802.8564453,94.8028564453,-97.9575711885,-92.9094544041,-94.1218286442,-94.6258996423,-91.9015713579
94947.8149414,94.9478149414,-97.7414733787,-92.3924266405,-94.3355706754,-94.9719998103,-92.2871837234
95092.7734375,95.0927734375,-97.5902187463,-93.0912280278,-94.4501045792,-94.7582122385,-91.9398215278
95237.7319336,95.2377319336,-97.5843263094,-93.0826932508,-93.9603127888,-94.3291185724,-93.8760792574
95382.6904297,95.3826904297,-97.5215273636,-92.6561849782,-93.0631666157,-94.5851460213,-93.943742851
95527.6489258,95.5276489258,-97.2997844395,-92.5447673701,-93.452861338,-94.9089830943,-92.1720842702
95672.6074219,95.6726074219,-98.1503015217,-93.1559980916,-94.1831227424,-94.3538307947,-92.4078988272
95817.565918,95.817565918,-97.9230713129,-92.7904468376,-93.3680145543,-95.0370584076,-92.204394765
95962.5244141,95.9625244141,-97.7658145753,-92.517767096,-93.5158610821,-94.4977425211,-92.0629260569
96107.4829102,96.1074829102,-97.4929227668,-93.2334911049,-93.8774979422,-94.2657416003,-92.5916489526
96252.4414062,96.2524414062,-97.5513338211,-94.2338099532,-93.1820943105,-94.2613176353,-92.41610806
96397.3999023,96.3973999023,-97.1949335302,-93.9812857892,-93.381045194,-93.6088964694,-92.6897127224
96542.3583984,96.5423583984,-96.9075904267,-93.7231479985,-93.8457913092,-93.6348810554,-93.552624551
96687.3168945,96.6873168945,-97.0883006828,-92.9000522967,-93.9556953368,-94.8007490443,-93.325118865
96832.2753906,96.8322753906,-97.259896245,-93.5135542964,-93.7219872911,-94.6623435723,-92.4529880549
96977.2338867,96.9772338867,-97.4931977396,-93.7668354876,-94.0723897263,-95.043830247,-92.906562884
97122.1923828,97.1221923828,-97.7872278053,-92.223196905,-93.3660800194,-94.6109396239,-93.6930426153
97267.1508789,97.2671508789,-98.2825176572,-91.6113187157,-93.8226948925,-95.0188253856,-93.0912232885
97412.109375,97.412109375,-97.453461697,-91.8770751789,-93.9609201549,-95.1635916054,-92.753480733
97557.0678711,97.5570678711,-97.512331299,-92.6971653592,-94.1503622712,-94.55266651,-93.2262768787
97702.0263672,97.7020263672,-97.5121987273,-92.4235452307,-93.5600956257,-94.4707572282,-92.6572523869
97846.9848633,97.8469848633,-97.1700077605,-92.9598872729,-94.062884582,-94.610689721,-92.997821319
97991.9433594,97.9919433594,-97.0541775856,-92.8649761922,-93.853828743,-93.6376280701,-92.984262954
98136.9018555,98.1369018555,-97.3327921737,-93.2113631033,-94.751257792,-93.3156819182,-93.118953766
98281.8603516,98.2818603516,-97.136127014,-92.7348742328,-94.7561161982,-93.4116570095,-91.7717741894
98426.8188477,98.4268188477,-96.8869804099,-92.3402260597,-94.3584082973,-93.7860581825,-92.5974604959
98571.7773438,98.5717773438,-97.43182841,-92.0176814628,-93.7861171016,-93.6849617485,-92.4412587509
98716.7358398,98.7167358398,-97.2390511166,-93.5651964658,-94.0006727938,-93.8353284501,-92.2547497826
98861.6943359,98.8616943359,-97.0377541972,-93.6636119021,-93.9912199377,-94.1085523953,-92.0136781437
99006.652832,99.006652832,-97.2986415591,-92.5653965478,-93.9046902666,-94.7753139445,-93.6942997274
99151.6113281,99.1516113281,-97.9561245311,-92.8361001248,-93.0435543946,-94.8662305218,-93.2805542346
99296.5698242,99.2965698242,-97.0589808062,-92.6322773504,-94.15084884,-94.3741699563,-92.5511235818
99441.5283203,99.4415283203,-97.6537054144,-92.45203121,-94.0645641497,-94.6041976867,-92.4114449993
99586.4868164,99.5864868164,-97.4589993966,-93.3307563738,-93.9643021738,-94.4507474734,-91.3241144987
99731.4453125,99.7314453125,-97.7828093174,-93.923972678,-93.4785305439,-93.872164199,-91.6596028761
99876.4038086,99.8764038086,-97.1697592308,-92.2011151618,-92.7901222239,-94.0278338457,-91.3792147231
