Offset_Hz,Offset_kHz,20260515_092941,20260515_133100,20260515_134951,20260515_140509,20260521_162959
0,0,-42.7474820776,53.8259362754,46.6678289441,46.6420274783,55.0097861323
144.958496094,0.144958496094,-47.2289438688,47.8038042648,40.6460188479,40.6261246797,48.9889104502
289.916992188,0.289916992188,-49.8420542055,-2.5628046587,-6.82208738555,-0.96991212163,-15.4821264135
434.875488281,0.434875488281,-50.0584532558,-12.5058301679,-3.69576370563,-6.13867460751,-9.13531452438
579.833984375,0.579833984375,-50.0212994877,-18.5023256557,-0.980157438716,-3.80556422424,-3.64228685623
724.792480469,0.724792480469,-50.6501687818,-21.5567150188,-4.67599024953,-6.74323735348,-0.353642885356
869.750976562,0.869750976562,-49.1743165908,-24.7187436446,-11.4769041197,-13.2270278263,-6.52626431471
1014.70947266,1.01470947266,-48.6307232907,-29.0571163716,-14.2424746713,-16.7699817881,-16.85251206
1159.66796875,1.15966796875,-48.5304022286,-21.2685857874,-16.726565275,-17.2391481094,-20.4542840933
1304.62646484,1.30462646484,-49.7517094407,-17.8266136005,-14.3429088751,-16.3146958061,-22.7556327857
1449.58496094,1.44958496094,-49.76013104,-19.0569827856,-13.5152136482,-14.9091575281,-18.4575899922
1594.54345703,1.59454345703,-49.2327527959,-22.4246993476,-19.203831376,-18.8451229988,-17.8876739381
1739.50195312,1.73950195312,-49.9804218528,-24.3604301415,-21.8401481857,-19.7952086425,-18.2084261441
1884.46044922,1.88446044922,-49.6689179275,-25.0044299626,-26.8232108435,-25.2995077065,-23.9107802918
2029.41894531,2.02941894531,-49.0185587255,-23.4764659394,-28.1133803679,-28.7554884225,-26.6633847327
2174.37744141,2.17437744141,-48.7920567524,-20.7868199546,-22.0027319726,-23.90601908,-26.815748739
2319.3359375,2.3193359375,-49.6634160316,-19.8582833093,-14.7546247306,-17.7994157163,-27.1914956189
2464.29443359,2.46429443359,-50.197018923,-29.2021501611,-13.3527302194,-16.2475608676,-28.3736288736
2609.25292969,2.60925292969,-49.6860982059,-37.1768900293,-13.8084565698,-15.6506662663,-29.7434415906
2754.21142578,2.75421142578,-50.8849169495,-37.1577949251,-15.3775654591,-17.5808740866,-30.2942159176
2899.16992188,2.89916992188,-50.890178637,-36.5328675904,-19.3756969613,-20.4150085075,-27.6145331151
3044.12841797,3.04412841797,-48.731809972,-35.8865518988,-14.6788803322,-17.7602383146,-26.5235762
3189.08691406,3.18908691406,-48.7839285897,-38.1968353989,-6.49564026339,-9.68087537523,-31.1341275008
3334.04541016,3.33404541016,-49.6251268686,-37.7180553761,-6.86953955812,-10.2887347407,-31.1028297722
3479.00390625,3.47900390625,-49.5416304068,-39.128565948,-13.7947401232,-17.162680079,-32.1205498579
3623.96240234,3.62396240234,-50.2927811008,-40.5230415594,-4.52118248972,-7.80772296792,-32.5509222723
3768.92089844,3.76892089844,-51.7723394358,-41.416867388,-0.141134532211,-3.77150964105,-30.1651860509
3913.87939453,3.91387939453,-50.0294599816,-41.3820662086,-2.21659688152,-5.95669013873,-26.9285330084
4058.83789062,4.05883789062,-51.2419991813,-41.2217021204,-2.89862781967,-5.660543004,-28.3892826532
4203.79638672,4.20379638672,-50.1937980109,-41.4554361711,-6.939250481,-10.2846267282,-32.8514432963
4348.75488281,4.34875488281,-48.7550706735,-41.7088539717,-13.2448408669,-17.7293104354,-36.1508565101
4493.71337891,4.49371337891,-49.6624742539,-42.5996698285,-14.2414426433,-16.6881640704,-36.0701200528
4638.671875,4.638671875,-50.0211906567,-41.5253719785,-20.0679598136,-23.611230436,-36.4332166624
4783.63037109,4.78363037109,-51.0669590321,-40.7595902474,-29.5308987519,-32.9223472493,-36.4857546652
4928.58886719,4.92858886719,-50.6961875615,-40.8837114304,-30.0590378176,-33.1431954445,-35.8669946908
5073.54736328,5.07354736328,-50.5684539125,-41.2616045963,-21.9109292835,-25.3176944963,-35.5803935654
5218.50585938,5.21850585938,-49.5121856587,-43.3643545907,-14.1767309208,-16.4354700892,-37.4629567656
5363.46435547,5.36346435547,-49.0063973744,-43.6233440375,-8.51792038919,-9.83674644741,-37.1473881242
5508.42285156,5.50842285156,-49.5045413483,-42.1785968135,-8.23431331762,-9.79513295312,-35.4497198096
5653.38134766,5.65338134766,-49.5222372011,-42.6038184595,-15.2890474256,-17.5853916995,-34.6108861686
5798.33984375,5.79833984375,-48.820712806,-42.4242367814,-25.3964470583,-28.4173329564,-35.78528073
5943.29833984,5.94329833984,-48.7281714417,-41.2695938119,-23.9161833706,-26.3486928067,-36.8594780325
6088.25683594,6.08825683594,-49.526683665,-39.9711073571,-26.3154064755,-29.8374422425,-35.2487071594
6233.21533203,6.23321533203,-50.047941159,-40.029996259,-32.0078970336,-34.6333597879,-33.0972083304
6378.17382812,6.37817382812,-50.1051672967,-41.0740495182,-38.3212504735,-38.5479319681,-32.4349792255
6523.13232422,6.52313232422,-50.2774397515,-42.8150207815,-38.0945313118,-38.8800429408,-34.3519932096
6668.09082031,6.66809082031,-49.1671693552,-43.7449921386,-39.5981542126,-39.9033124483,-37.9533593716
6813.04931641,6.81304931641,-49.2602871071,-44.1681460458,-40.4125933795,-41.8466155339,-38.3323118253
6958.0078125,6.9580078125,-48.9296063142,-45.1886535537,-41.1411130575,-43.8952390919,-38.0461258348
7102.96630859,7.10296630859,-50.1295586628,-43.2985495704,-40.7814251224,-43.1320135552,-38.5016001157
7247.92480469,7.24792480469,-49.9326671046,-43.0953600459,-36.9097121063,-39.0659246236,-37.0993820369
7392.88330078,7.39288330078,-49.4383455305,-43.2852507866,-33.7788202177,-34.7268405419,-37.8278663356
7537.84179688,7.53784179688,-50.902193508,-44.0719616136,-21.3218044111,-23.7235009632,-37.858432437
7682.80029297,7.68280029297,-50.7275604837,-43.3367193996,-21.4403097811,-24.1480345578,-38.0224820622
7827.75878906,7.82775878906,-49.7126067587,-42.4922696336,-31.5418145552,-33.4675750256,-37.2043435552
7972.71728516,7.97271728516,-50.2029051687,-42.8115225798,-25.9226567076,-28.8030605428,-34.9833665929
8117.67578125,8.11767578125,-50.7276980985,-43.2477959045,-22.9497192171,-26.0868139176,-34.3070513645
8262.63427734,8.26263427734,-49.8545284426,-42.6371335028,-23.9245713124,-27.2173994979,-35.1027475634
8407.59277344,8.40759277344,-49.737957733,-43.6144800954,-29.7902044204,-33.9479295927,-35.1906776288
8552.55126953,8.55255126953,-49.6027367606,-44.0686954624,-36.4849816622,-39.878123963,-34.6048536737
8697.50976562,8.69750976562,-50.0937184828,-44.0328050111,-35.5225445774,-40.9569702502,-35.6072809114
8842.46826172,8.84246826172,-49.7496573451,-44.3403863358,-38.330855274,-40.9911075585,-38.1152597434
8987.42675781,8.98742675781,-49.652029495,-44.6658592255,-41.1510481834,-42.9510479785,-39.7633614737
9132.38525391,9.13238525391,-49.9837547976,-44.3185199341,-40.5437859673,-42.298661631,-39.4267111244
9277.34375,9.27734375,-50.0626348158,-44.6429414303,-40.4550652603,-41.579347124,-38.8367709683
9422.30224609,9.42230224609,-50.0261467841,-43.9159276592,-37.399887525,-39.9526081437,-39.5876266712
9567.26074219,9.56726074219,-48.6247564415,-44.4875193149,-35.2417859244,-37.9865760274,-40.2730699556
9712.21923828,9.71221923828,-48.4150829885,-43.7219043694,-37.6216566501,-40.3593871297,-41.6969573429
9857.17773438,9.85717773438,-48.7922361304,-43.5710715667,-38.703254107,-41.0391089437,-40.9361065975
10002.1362305,10.0021362305,-49.5083057917,-44.1004955284,-41.5138183853,-42.0431939194,-40.1384944458
10147.0947266,10.1470947266,-49.2735473812,-44.3940183312,-42.383402545,-43.8887308718,-40.5507386873
10292.0532227,10.2920532227,-48.7398839817,-45.8563894874,-43.0009658276,-42.4462260185,-40.0141739525
10437.0117188,10.4370117188,-49.1675582447,-44.9539521857,-39.9832087063,-41.4439306304,-40.27207388
10581.9702148,10.5819702148,-48.4718112315,-44.3308801994,-33.1637857799,-35.5714317996,-40.1525616926
10726.9287109,10.7269287109,-49.4829957707,-44.5028910228,-31.5805454832,-34.5662990803,-41.5545657674
10871.887207,10.871887207,-48.8662153595,-44.2968907506,-37.2188008433,-41.0528127844,-42.7517315985
11016.8457031,11.0168457031,-48.3769064688,-44.9906319204,-43.662740385,-43.9882403127,-42.6025882677
11161.8041992,11.1618041992,-48.7289129271,-43.215349453,-45.0250575925,-46.0453439365,-42.0544055517
11306.7626953,11.3067626953,-48.5527600844,-43.127141103,-44.7627886482,-46.5511075404,-41.9074842859
11451.7211914,11.4517211914,-48.7242905921,-43.9448446096,-44.7417182477,-45.9258703982,-42.4484281512
11596.6796875,11.5966796875,-50.5895476067,-44.2612798461,-46.075015704,-45.4666988072,-42.2937466619
11741.6381836,11.7416381836,-49.2973258311,-44.0151378006,-45.4894370378,-45.6649242722,-41.66237098
11886.5966797,11.8865966797,-49.0776417267,-44.5965095124,-43.6425591013,-44.624216417,-41.891463523
12031.5551758,12.0315551758,-49.6956233881,-44.2943698088,-41.6451104167,-43.5158746972,-42.0552545947
12176.5136719,12.1765136719,-50.0511776444,-43.7176923936,-38.0986529984,-40.8411288764,-42.4228553706
12321.472168,12.321472168,-50.3650006557,-44.5936274229,-34.411203485,-36.7449256775,-42.311838347
12466.4306641,12.4664306641,-51.1849101352,-44.062600434,-37.2504560531,-39.206004657,-42.3745569501
12611.3891602,12.6113891602,-51.2012824042,-43.9359713353,-45.7901874011,-44.896080199,-41.2005262819
12756.3476562,12.7563476562,-49.0873133425,-42.7537160378,-45.6460833652,-45.5027861844,-41.4154522196
12901.3061523,12.9013061523,-47.9379482405,-43.1768888987,-44.29298701,-45.1685393893,-42.8425743044
13046.2646484,13.0462646484,-48.5409346221,-43.6705352168,-42.8112792318,-45.109301838,-41.449012652
13191.2231445,13.1912231445,-48.699385893,-43.1568962294,-44.0289492939,-46.3185724606,-42.09675235
13336.1816406,13.3361816406,-49.3126092499,-44.3876712729,-45.9973840713,-44.6996652867,-42.2490442645
13481.1401367,13.4811401367,-49.6360099385,-44.2696536302,-44.3252155253,-44.2237264095,-42.1484325888
13626.0986328,13.6260986328,-48.7439043444,-43.7777136464,-43.139154126,-46.118608378,-41.5239279065
13771.0571289,13.7710571289,-48.3956090922,-43.9800175508,-45.4038280111,-46.1823612335,-41.9883145953
13916.015625,13.916015625,-48.5811820114,-43.9631682492,-45.6302593277,-45.6125307878,-42.9066473917
14060.9741211,14.0609741211,-48.5604496366,-43.2651876277,-46.2443941597,-45.1912750003,-43.7799853176
14205.9326172,14.2059326172,-48.7557005814,-43.8310381962,-44.6962028413,-45.1094872498,-42.9619080835
14350.8911133,14.3508911133,-48.8492528003,-45.1947203809,-45.0176068756,-45.9335368961,-42.9281324242
14495.8496094,14.4958496094,-49.3263760061,-47.0829618941,-45.1424437763,-45.3311953066,-44.5494541476
14640.8081055,14.6408081055,-49.6154895741,-47.1080833759,-44.0113647751,-45.2415278036,-44.4625439758
14785.7666016,14.7857666016,-49.5090126855,-46.581184739,-45.1354629275,-46.230816746,-42.9620160478
14930.7250977,14.9307250977,-49.2925524306,-45.2239565051,-45.3769813035,-45.7339522568,-42.3620243991
15075.6835938,15.0756835938,-47.8505726224,-44.8233317059,-44.3211239757,-44.8711574552,-43.1422635659
15220.6420898,15.2206420898,-48.4612164674,-45.0341770077,-42.6988041421,-43.8618201551,-42.8825042674
15365.6005859,15.3656005859,-50.8045225837,-45.5475021342,-44.0886582429,-45.5077679191,-43.0774452212
15510.559082,15.510559082,-50.3644022141,-44.3140342182,-45.6167953915,-46.6474955859,-44.3013587136
15655.5175781,15.6555175781,-49.5866488896,-42.8408762303,-44.7737553456,-45.8659843275,-43.1295624019
15800.4760742,15.8004760742,-49.4721605355,-43.597806635,-38.6512574873,-40.0176634259,-41.2998869774
15945.4345703,15.9454345703,-49.3336888243,-43.8569747834,-36.7745941197,-38.503616577,-41.764848313
16090.3930664,16.0903930664,-49.2153403523,-45.2945034687,-43.3190310007,-44.6448354927,-42.9941376509
16235.3515625,16.2353515625,-48.0299781265,-44.171862403,-42.9723054644,-44.6751739373,-42.9654079047
16380.3100586,16.3803100586,-49.3490644,-43.76187884,-43.2834444167,-44.6223987286,-44.2759576649
16525.2685547,16.5252685547,-49.5078533327,-43.8021865129,-45.5852045453,-44.423310312,-44.003401445
16670.2270508,16.6702270508,-48.9545321805,-43.2756159057,-45.123043025,-45.2974287135,-43.9552973445
16815.1855469,16.8151855469,-49.4673952959,-44.6399912287,-45.3261025963,-46.1411254068,-43.6754430997
16960.144043,16.960144043,-49.2531007204,-43.8913723612,-45.1722866192,-46.5313576592,-43.2058360122
17105.1025391,17.1051025391,-50.1162652515,-44.1709727548,-46.0338553169,-45.9540156212,-43.5910183606
17250.0610352,17.2500610352,-49.4551079651,-45.0760313856,-44.9761874366,-45.9825141557,-44.4277144999
17395.0195312,17.3950195312,-48.3656896917,-45.5974934759,-45.0262742222,-46.081610741,-44.794232555
17539.9780273,17.5399780273,-48.1382116327,-47.248397091,-46.2192478968,-45.0487554695,-44.1704453778
17684.9365234,17.6849365234,-48.5028236337,-45.4492342206,-45.5809534881,-45.0580189457,-42.3842095505
17829.8950195,17.8298950195,-49.278565258,-45.2594073219,-45.6463321057,-45.8712499376,-42.8143166956
17974.8535156,17.9748535156,-48.3363856687,-46.2939756824,-46.1893831699,-45.7173451296,-42.4187690377
18119.8120117,18.1198120117,-48.5012135739,-44.7234614918,-45.3311526086,-45.967598642,-42.7591185333
18264.7705078,18.2647705078,-48.5768283713,-43.7855221074,-45.4932528007,-46.4388570738,-43.4443921261
18409.7290039,18.4097290039,-48.1517056472,-43.8080291614,-45.9966538249,-47.3856675027,-43.7586085766
18554.6875,18.5546875,-48.5600010667,-44.890318871,-46.1804387107,-48.0730181478,-44.9258875583
18699.6459961,18.6996459961,-49.0774503979,-45.4910859869,-46.2266356044,-47.4364910049,-44.9086292647
18844.6044922,18.8446044922,-48.5327501198,-45.813289674,-46.5264691422,-47.7460635048,-44.6938359254
18989.5629883,18.9895629883,-50.1840432301,-45.6155457974,-46.7052559313,-47.8848463959,-43.7103249512
19134.5214844,19.1345214844,-48.9660362166,-45.1561820569,-45.8933308208,-46.262987786,-42.8914626693
19279.4799805,19.2794799805,-48.2805056763,-45.6037313438,-46.3612158048,-46.2868680112,-42.3014268635
19424.4384766,19.4244384766,-49.8818757214,-45.795500671,-45.9224444038,-47.0682586219,-42.6368224012
19569.3969727,19.5693969727,-49.7141775358,-46.0520613843,-45.7992469018,-46.6192274592,-42.4400926643
19714.3554688,19.7143554688,-49.8626209681,-44.6485547644,-47.2596370981,-45.8942580101,-43.7978066301
19859.3139648,19.8593139648,-50.5298228286,-44.3283241272,-45.9282944202,-46.0882890756,-44.6680506302
20004.2724609,20.0042724609,-49.8217589097,-43.884022724,-44.499340875,-45.5092260495,-44.4669504837
20149.230957,20.149230957,-49.6053050882,-43.4503093285,-45.2130039592,-45.2813203109,-42.875541585
20294.1894531,20.2941894531,-49.350007311,-42.6824440149,-46.1712187232,-45.5352820971,-41.7497344865
20439.1479492,20.4391479492,-50.2594727661,-42.910188433,-46.7775177134,-45.205757379,-42.8015895784
20584.1064453,20.5841064453,-50.7473090626,-44.9458390577,-46.4306600533,-45.6110506902,-44.1540252227
20729.0649414,20.7290649414,-49.898098092,-44.4779726269,-46.1482606903,-45.8081762107,-43.7925756237
20874.0234375,20.8740234375,-49.8796981913,-43.8633404544,-45.2055079471,-46.2137328848,-44.0885976262
21018.9819336,21.0189819336,-49.2126616761,-43.0589581451,-44.6403927128,-45.7925750993,-43.9377003162
21163.9404297,21.1639404297,-48.5816160542,-42.7095766946,-44.8641888716,-45.7756859118,-43.8841783481
21308.8989258,21.3088989258,-48.8789627409,-43.9114326628,-46.1351808942,-45.7711501895,-43.6445777137
21453.8574219,21.4538574219,-48.5853393422,-45.0834543598,-47.2614932371,-46.8442755948,-43.1513304589
21598.815918,21.598815918,-48.698039799,-44.8604753874,-45.0878165988,-47.1656772519,-43.6360969794
21743.7744141,21.7437744141,-49.392225943,-44.1524966426,-44.8723177572,-46.9644015713,-43.9046133954
21888.7329102,21.8887329102,-49.9967456799,-44.3871257483,-45.5439626391,-47.0769038625,-45.9417512395
22033.6914062,22.0336914062,-49.8126055087,-44.9780588711,-45.6570638005,-46.8090541081,-44.9038482876
22178.6499023,22.1786499023,-48.551961418,-45.4055923049,-46.9075889746,-45.9047392716,-43.0879249048
22323.6083984,22.3236083984,-48.6789892973,-45.0329831855,-45.7580795823,-45.7094995934,-43.3380908273
22468.5668945,22.4685668945,-49.4186637625,-45.3728522702,-45.5007631555,-46.4020466203,-43.5290652641
22613.5253906,22.6135253906,-49.9558992534,-46.0501787318,-46.1750415724,-46.0560893403,-43.5129078391
22758.4838867,22.7584838867,-51.3618302243,-45.4984370343,-44.9238254685,-45.228818904,-44.1637343984
22903.4423828,22.9034423828,-49.6947928154,-44.8471123099,-45.4418096903,-45.1694506532,-43.5471908925
23048.4008789,23.0484008789,-50.2679257443,-45.2626596217,-47.5160493806,-46.2432345982,-43.2661524733
23193.359375,23.193359375,-49.0626171414,-45.4774979404,-46.8383184284,-46.8365368648,-44.7173615762
23338.3178711,23.3383178711,-49.4123581722,-45.9990468983,-46.3435507263,-45.4318550555,-45.7921396191
23483.2763672,23.4832763672,-51.2714984475,-45.1842795121,-46.7329845353,-45.3242862188,-44.8415739696
23628.2348633,23.6282348633,-50.8471399822,-45.601019372,-47.579402208,-46.8354076291,-44.2476335639
23773.1933594,23.7731933594,-49.236442863,-45.6302085298,-47.053569407,-46.9300241692,-43.9119566197
23918.1518555,23.9181518555,-48.8547266554,-44.5675049202,-45.1127312372,-47.782286652,-45.2939326209
24063.1103516,24.0631103516,-50.1680533211,-43.889107691,-44.6335191389,-47.2422782105,-44.213630601
24208.0688477,24.2080688477,-48.8328616525,-44.7941881288,-44.3639600708,-46.9935183047,-43.3032545414
24353.0273438,24.3530273438,-48.6261416751,-44.2386475591,-45.2133449623,-46.5182221869,-43.5381001312
24497.9858398,24.4979858398,-50.0585733585,-44.7642221646,-44.916586234,-46.0119850786,-43.7325738622
24642.9443359,24.6429443359,-49.2026376883,-44.2353970987,-45.2205253765,-46.9299616934,-45.0942905347
24787.902832,24.787902832,-49.2012881712,-44.4467518437,-46.2358492727,-46.9054046116,-44.1303089433
24932.8613281,24.9328613281,-50.2862613277,-46.1740848693,-45.5572770479,-45.5918236324,-43.8505118469
25077.8198242,25.0778198242,-49.9441854312,-45.3970226099,-44.3962666243,-44.887767483,-44.4796066056
25222.7783203,25.2227783203,-51.4227204614,-44.8983495049,-45.7158195454,-45.8010992236,-43.8908271049
25367.7368164,25.3677368164,-51.1611315219,-44.714104881,-45.9339383276,-46.3645872086,-43.4505527702
25512.6953125,25.5126953125,-49.3085222716,-44.1410821529,-45.2195729656,-46.8604527373,-43.173209194
25657.6538086,25.6576538086,-48.9012323661,-44.6526680565,-45.9118781804,-46.0592659093,-43.2398022773
25802.6123047,25.8026123047,-49.3097957136,-44.9618874578,-45.1486244493,-46.3730574211,-43.639695324
25947.5708008,25.9475708008,-49.0322582323,-44.7382416854,-45.2619535454,-46.6825911473,-43.4646401721
26092.5292969,26.0925292969,-48.2013724202,-46.0435879418,-47.2628559861,-47.2225926569,-43.1640044619
26237.487793,26.237487793,-48.7434569951,-44.7808436859,-45.1405540517,-47.3122874608,-43.9942420093
26382.4462891,26.3824462891,-49.1225762287,-42.927654345,-44.613410142,-45.9787040854,-43.9633538576
26527.4047852,26.5274047852,-48.9401820902,-44.4598100086,-44.7259365149,-45.5947250484,-44.6082151651
26672.3632812,26.6723632812,-49.6380745132,-45.4453218064,-45.5390545878,-46.0728148781,-45.053468787
26817.3217773,26.8173217773,-48.7745542456,-45.5317761986,-45.2762050877,-46.4183996284,-44.5310638628
26962.2802734,26.9622802734,-48.7338973831,-44.115857065,-45.7619648354,-47.0249203484,-44.305802214
27107.2387695,27.1072387695,-49.8887242515,-44.4706166443,-45.9711568256,-46.2470773477,-45.2766747478
27252.1972656,27.2521972656,-50.0499363967,-44.8316474085,-46.7742201298,-45.9425650071,-44.2428892861
27397.1557617,27.3971557617,-50.584631439,-44.9282524402,-45.9117138591,-45.7480470101,-43.8150565342
27542.1142578,27.5421142578,-49.861600801,-44.6038421908,-46.0928722564,-46.0731294465,-43.7600465591
27687.0727539,27.6870727539,-50.0943302463,-44.2894281897,-46.492040343,-45.9387012849,-44.9247815016
27832.03125,27.83203125,-49.9136730515,-44.6586864654,-45.7017815875,-45.9692636268,-45.2908172419
27976.9897461,27.9769897461,-49.3040295929,-44.9157398478,-46.2626024275,-46.2622808634,-45.5044176163
28121.9482422,28.1219482422,-49.2216616907,-45.3824434408,-46.0749661696,-47.5124006885,-44.8875304863
28266.9067383,28.2669067383,-49.1266501732,-44.7905100102,-45.5758200941,-47.2197573811,-43.7504917036
28411.8652344,28.4118652344,-48.2271174046,-45.4058768666,-45.3406002504,-45.7085992766,-43.5550567864
28556.8237305,28.5568237305,-47.824810309,-45.5927994325,-44.9206808865,-45.9416739616,-43.8561935767
28701.7822266,28.7017822266,-48.6390878364,-46.1508945561,-45.1420836516,-45.5581896113,-44.8551967045
28846.7407227,28.8467407227,-49.9754754613,-45.4954446662,-45.2609465159,-47.6737120185,-45.5314309701
28991.6992188,28.9916992188,-49.4901025242,-45.4145647698,-46.306140038,-46.1988897343,-45.2009059667
29136.6577148,29.1366577148,-49.9455191313,-45.3339308464,-46.0603382443,-45.5641149114,-45.5388221377
29281.6162109,29.2816162109,-49.7803960136,-44.5129824898,-46.7134586269,-46.4410932819,-45.6094509614
29426.574707,29.426574707,-48.8906393196,-44.9919764495,-46.1748704711,-44.9711525545,-45.2992988669
29571.5332031,29.5715332031,-49.7638733158,-45.3490058204,-45.4809771042,-46.3388627403,-45.1333089169
29716.4916992,29.7164916992,-50.5138276529,-44.272754025,-45.9504025138,-47.8451056543,-44.301958888
29861.4501953,29.8614501953,-50.5473595622,-44.5184138898,-44.4736844197,-47.6046225073,-43.7538604917
30006.4086914,30.0064086914,-49.4269946199,-45.1274392071,-44.6684477724,-46.9822884927,-43.7806409572
30151.3671875,30.1513671875,-49.3736087378,-44.3719850027,-46.0213523503,-47.3440210716,-44.6332397501
30296.3256836,30.2963256836,-48.9848448627,-44.6018253884,-46.435588915,-47.4094625835,-43.2183260545
30441.2841797,30.4412841797,-49.3616607943,-44.9663231726,-46.3428059151,-46.6124392426,-42.9465741559
30586.2426758,30.5862426758,-48.1438060766,-45.1977051794,-47.0249116908,-46.5192888446,-44.1900547585
30731.2011719,30.7312011719,-48.739274996,-45.801356923,-47.6505911402,-46.9673222192,-43.6210415261
30876.159668,30.876159668,-50.0201754454,-45.610965388,-46.7901007584,-46.746649612,-42.6162537247
31021.1181641,31.0211181641,-50.0184981658,-44.0572213712,-46.7693783503,-45.8161887257,-43.1829038821
31166.0766602,31.1660766602,-49.3778380792,-44.9673972886,-46.5364338564,-45.8279513312,-43.8689720588
31311.0351562,31.3110351562,-50.269923679,-46.4222054687,-45.7305948369,-46.5408754962,-44.8645817372
31455.9936523,31.4559936523,-49.1674460588,-46.1766392564,-46.2155172497,-46.3332836034,-44.8723439279
31600.9521484,31.6009521484,-49.1541541037,-44.9251637261,-44.6222223846,-46.0192461596,-43.1478805605
31745.9106445,31.7459106445,-49.2545746954,-40.8331619184,-40.8961160209,-43.0331621907,-42.2734749789
31890.8691406,31.8908691406,-49.5588270172,-42.7024085285,-41.9230987369,-43.7101638276,-44.4869156211
32035.8276367,32.0358276367,-50.134437507,-45.3550989517,-45.5855674325,-47.2950316318,-45.6480288497
32180.7861328,32.1807861328,-51.0794136817,-44.5211842072,-45.9560916682,-46.835600277,-43.9756807423
32325.7446289,32.3257446289,-49.5685923204,-45.4531835928,-47.1106354628,-46.8505308483,-44.4675804894
32470.703125,32.470703125,-48.907250811,-44.6157631576,-45.8687995954,-47.4451020048,-44.107516938
32615.6616211,32.6156616211,-49.4512251728,-44.2238324227,-44.2111151768,-47.5555389051,-44.4334032161
32760.6201172,32.7606201172,-49.4697342372,-45.8744493952,-44.5477354927,-46.5206215639,-43.5428784096
32905.5786133,32.9055786133,-49.751331009,-43.6431108168,-44.5593627645,-46.1781035808,-43.4726827958
33050.5371094,33.0505371094,-49.2661369604,-43.4213811827,-45.4091360343,-45.5956454705,-43.8541650869
33195.4956055,33.1954956055,-48.4041245649,-44.5600378978,-46.0032654472,-46.1412413912,-43.0386243085
33340.4541016,33.3404541016,-48.3587187247,-43.9257975734,-46.1576968846,-46.9821698159,-44.3909205711
33485.4125977,33.4854125977,-49.5721273341,-43.8021166176,-45.133449666,-46.5724573192,-44.3473805883
33630.3710938,33.6303710938,-48.9248211814,-45.4838364917,-45.1705955065,-46.255339497,-43.1071372332
33775.3295898,33.7753295898,-48.4010764552,-45.1395891075,-45.1265651963,-46.4845529407,-43.9373559443
33920.2880859,33.9202880859,-49.0951704434,-45.2958965606,-44.8600671232,-47.3732580236,-43.8678300142
34065.246582,34.065246582,-49.5181498856,-46.0595359242,-45.1490970384,-46.4322304853,-44.5677250923
34210.2050781,34.2102050781,-50.5147346248,-44.4920436914,-47.0752259157,-46.5107572268,-44.969163214
34355.1635742,34.3551635742,-49.2486763748,-43.4262527685,-47.5376224132,-47.3705267386,-44.9030770477
34500.1220703,34.5001220703,-48.9544466567,-44.8587611502,-45.931085692,-47.3423054103,-43.9243566945
34645.0805664,34.6450805664,-48.1566355434,-44.6619601877,-45.5518342696,-47.0137431247,-45.1524759626
34790.0390625,34.7900390625,-48.9336264702,-44.6661438016,-46.0378480869,-47.043859264,-45.2067898908
34934.9975586,34.9349975586,-51.0210064994,-45.362789752,-45.250116835,-46.8619389987,-45.9512771607
35079.9560547,35.0799560547,-50.4877663284,-44.1717582191,-46.1804468127,-47.5387273437,-45.0358545807
35224.9145508,35.2249145508,-50.1228792871,-44.374631497,-46.0342058968,-47.229374279,-43.7934790521
35369.8730469,35.3698730469,-50.1811642802,-44.2296994731,-47.3534901389,-46.8363022281,-43.7188893588
35514.831543,35.514831543,-49.482197102,-44.7613499263,-45.8279138675,-45.3814781175,-45.1792690458
35659.7900391,35.6597900391,-50.2247315548,-43.9491682113,-44.9642506241,-47.1289802063,-44.5520827999
35804.7485352,35.8047485352,-50.2194180236,-44.3374289932,-46.6742155107,-46.6525049324,-43.5326109502
35949.7070312,35.9497070312,-49.5191016791,-44.2504783005,-46.7582869764,-45.3497324934,-43.657608006
36094.6655273,36.0946655273,-49.0810892604,-45.5326196895,-46.1387490265,-45.2771367462,-43.1153075599
36239.6240234,36.2396240234,-48.0880940759,-46.7551184808,-45.4180286537,-45.6017703194,-44.9293517461
36384.5825195,36.3845825195,-47.8930862361,-45.3197599905,-45.8849687331,-46.6761576847,-45.0293783888
36529.5410156,36.5295410156,-48.9541414157,-45.4789690172,-44.6680419964,-46.4595186558,-44.4037823788
36674.4995117,36.6744995117,-50.4761246484,-45.7099334609,-46.0205557563,-46.6431077068,-44.9207949734
36819.4580078,36.8194580078,-49.1090681843,-45.7575724459,-45.8494799923,-46.9090173416,-44.7633150927
36964.4165039,36.9644165039,-49.1971454019,-44.4173142877,-45.1827680663,-47.9695085936,-43.5184541775
37109.375,37.109375,-49.0729077272,-45.0438056369,-45.9551676962,-46.6921002143,-43.343282676
37254.3334961,37.2543334961,-50.3361363516,-45.0582332294,-46.3435468211,-46.8385522961,-44.1299147783
37399.2919922,37.3992919922,-50.7217620651,-45.1036572875,-46.5222393855,-46.3162438296,-45.5226584454
37544.2504883,37.5442504883,-49.309131864,-45.2063092471,-46.6000451678,-47.7529132043,-45.4178891232
37689.2089844,37.6892089844,-48.9397174303,-45.128054274,-46.3800182913,-47.8511633519,-45.8766727152
37834.1674805,37.8341674805,-49.6422162118,-44.2950436601,-46.6277418135,-46.9867654576,-46.3524321022
37979.1259766,37.9791259766,-49.4228454997,-45.6704472043,-45.9302081436,-46.8570772311,-45.3205309796
38124.0844727,38.1240844727,-48.8543588187,-45.0648712732,-45.7234936815,-47.0515360054,-44.8937157056
38269.0429688,38.2690429688,-48.3086025145,-45.062401577,-45.334394273,-46.5468011834,-45.0142391152
38414.0014648,38.4140014648,-48.7366663887,-44.8942542698,-47.2998285134,-45.5107815082,-44.6180813153
38558.9599609,38.5589599609,-49.7487489758,-45.2786628445,-46.9403240863,-47.0293879587,-45.2957801969
38703.918457,38.703918457,-50.2050887819,-44.668309796,-45.3010223661,-46.9543910677,-43.3287171365
38848.8769531,38.8488769531,-49.9576316829,-45.6756625809,-45.8348515674,-45.8315464339,-42.4843506509
38993.8354492,38.9938354492,-49.8952960439,-44.750748613,-45.6034659507,-45.4906135539,-43.0933692065
39138.7939453,39.1387939453,-50.3166600983,-43.9610338273,-44.8880916746,-46.2594250652,-43.627526049
39283.7524414,39.2837524414,-50.47879743,-44.4862115133,-45.3955123377,-45.9869036147,-44.027321094
39428.7109375,39.4287109375,-49.1738760091,-44.6027179304,-46.4638291203,-46.8298294911,-43.561866564
39573.6694336,39.5736694336,-48.0285083305,-44.2105497576,-46.6208132383,-47.0730871511,-43.4428621184
39718.6279297,39.7186279297,-47.5672955125,-44.9903674038,-47.3081005745,-45.7158975853,-43.8737676693
39863.5864258,39.8635864258,-47.2579152994,-45.1665249673,-46.4718553852,-46.594816102,-44.5509596591
40008.5449219,40.0085449219,-48.4531283615,-44.1150573507,-45.7473545829,-46.6608985872,-44.2663603833
40153.503418,40.153503418,-52.0366641407,-44.5342618198,-45.7433519603,-45.7102198274,-44.0211604176
40298.4619141,40.2984619141,-50.2977510474,-44.2262750556,-45.3735524237,-46.3783585309,-43.8119933037
40443.4204102,40.4434204102,-49.6141178835,-43.6565056906,-46.2171472129,-46.9678722655,-43.5382699875
40588.3789062,40.5883789062,-49.1340451062,-44.6419524904,-46.4083154496,-46.0759528859,-43.8522797715
40733.3374023,40.7333374023,-49.5036784484,-44.8572521068,-46.3387259738,-46.9415348327,-45.0223147782
40878.2958984,40.8782958984,-48.9815375993,-44.9415662578,-46.1788802441,-47.4475899549,-44.3059200067
41023.2543945,41.0232543945,-49.4450491987,-44.4679379819,-46.6908420434,-46.3532471637,-44.7324490877
41168.2128906,41.1682128906,-50.2482830593,-44.8023668889,-46.1427948619,-46.0915150479,-44.642388504
41313.1713867,41.3131713867,-49.9805480744,-44.1742933416,-45.5333356287,-46.2825567168,-43.6380736376
41458.1298828,41.4581298828,-49.5010852424,-44.8607375936,-46.2211756087,-46.3829499754,-43.7207075377
41603.0883789,41.6030883789,-49.4200079039,-45.8329685004,-46.6730857518,-46.8481271925,-44.1018568266
41748.046875,41.748046875,-49.5155648413,-45.0080398661,-46.5990025719,-47.4288906483,-45.115753696
41893.0053711,41.8930053711,-49.219956687,-44.7899609686,-45.2623576521,-45.6018211834,-44.10720483
42037.9638672,42.0379638672,-49.3669444961,-44.5330909612,-45.219325156,-45.9476490313,-42.5500598394
42182.9223633,42.1829223633,-48.9403097099,-44.009522948,-46.3380020578,-45.8634127542,-42.2399629913
42327.8808594,42.3278808594,-49.7736812463,-44.8355094629,-46.3827700689,-46.7939746836,-43.583569798
42472.8393555,42.4728393555,-49.4908812576,-45.3462142281,-46.6742031153,-46.9375341728,-43.6237151619
42617.7978516,42.6177978516,-49.1857623426,-44.8097206629,-46.4591672003,-47.0622828367,-44.0188945168
42762.7563477,42.7627563477,-50.8296765693,-44.916762807,-46.0288131401,-46.5193627538,-43.7318934793
42907.7148438,42.9077148438,-48.8382870397,-45.4883456541,-45.9418663942,-47.3223566996,-45.6871430729
43052.6733398,43.0526733398,-49.9326580809,-45.0445099027,-46.0103068706,-46.8310136727,-45.539463371
43197.6318359,43.1976318359,-50.6171288498,-45.0416620069,-45.2803447604,-45.9318074695,-43.2024571896
43342.590332,43.342590332,-49.675403113,-45.7797623069,-45.5668592491,-45.9781490866,-44.5685116258
43487.5488281,43.4875488281,-49.1496032614,-45.9296419727,-46.7228191259,-46.8792212127,-44.470745651
43632.5073242,43.6325073242,-48.9159523699,-44.2823512473,-45.890194011,-47.07240284,-44.0367082834
43777.4658203,43.7774658203,-48.5745529627,-43.3985491952,-45.9994573774,-46.994528414,-44.7697692535
43922.4243164,43.9224243164,-49.0467337576,-43.7983366659,-46.4695427916,-46.6382271603,-43.8372817995
44067.3828125,44.0673828125,-48.838688595,-44.9314331909,-46.5266351019,-46.166211191,-43.8132943322
44212.3413086,44.2123413086,-47.8688528032,-45.5569471365,-44.9259295611,-46.1027935641,-45.9292063157
44357.2998047,44.3572998047,-48.5470550971,-44.7434498,-46.1280571235,-46.6411002929,-44.8712543644
44502.2583008,44.5022583008,-48.5093314574,-44.6865503361,-46.2241422578,-47.9104327524,-44.0110873536
44647.2167969,44.6472167969,-49.9271307717,-45.0402031549,-45.6441423415,-47.408175396,-42.8472997307
44792.175293,44.792175293,-50.7899579175,-45.8362866108,-45.5909133621,-45.4859592872,-44.0721130052
44937.1337891,44.9371337891,-49.181205911,-44.9896949236,-45.1041715552,-45.259220867,-44.8463283063
45082.0922852,45.0820922852,-49.0927952835,-45.1611510627,-45.6854350104,-46.666206864,-44.4304384972
45227.0507812,45.2270507812,-50.0796825249,-44.4638322131,-45.369372433,-46.1668187513,-42.9211342422
45372.0092773,45.3720092773,-49.3815121789,-44.9843873879,-45.3626732667,-47.8888920514,-43.1742744159
45516.9677734,45.5169677734,-48.3968419822,-45.360641772,-45.4302264201,-47.4740339838,-45.084699331
45661.9262695,45.6619262695,-48.4023073093,-45.0282662702,-46.5027131254,-46.5635287428,-44.3856468423
45806.8847656,45.8068847656,-49.7839560719,-45.1166347022,-46.5371618134,-45.9726824022,-44.8839059701
45951.8432617,45.9518432617,-50.2912183552,-44.9508105978,-47.7342002521,-45.2295412354,-44.133585595
46096.8017578,46.0968017578,-50.8546108381,-44.4070823304,-45.265150574,-46.6500524391,-44.1217589399
46241.7602539,46.2417602539,-51.5709147,-44.0216917804,-44.5548385371,-46.982422972,-44.2226301027
46386.71875,46.38671875,-50.0048957089,-44.9675844712,-42.1565451495,-48.6059400172,-44.3919329156
46531.6772461,46.5316772461,-49.851220362,-44.3690112148,-43.9853969436,-46.6357206452,-45.1993647186
46676.6357422,46.6766357422,-50.6494859117,-43.2533555479,-45.6078196065,-45.2043310129,-44.8692481333
46821.5942383,46.8215942383,-49.7785561212,-43.8071219837,-44.7801038887,-45.3390994779,-44.1690097882
46966.5527344,46.9665527344,-48.1138630088,-45.4301560955,-46.2564695791,-46.4421943758,-44.3888694994
47111.5112305,47.1115112305,-48.5357493043,-45.801339434,-46.8613386453,-45.622423114,-44.1098162999
47256.4697266,47.2564697266,-49.5131183892,-45.0701475694,-46.1277640965,-47.5753081789,-45.0197719788
47401.4282227,47.4014282227,-48.9160684253,-45.0561985398,-46.2164750963,-45.7650219736,-44.6560332217
47546.3867188,47.5463867188,-49.0930567231,-44.3226273144,-47.0711569359,-46.1837498244,-43.7209369269
47691.3452148,47.6913452148,-49.1757666219,-44.8180975656,-45.2934718277,-46.0816722531,-43.8982332843
47836.3037109,47.8363037109,-48.6058059882,-45.0047636147,-43.9765587277,-46.0947181362,-43.5927241993
47981.262207,47.981262207,-49.7056420109,-45.9502419385,-45.379154344,-47.3035482903,-43.6244573812
48126.2207031,48.1262207031,-49.8806778096,-44.9104242548,-46.6001146278,-47.3665015046,-45.3031638205
48271.1791992,48.2711791992,-50.624212949,-43.9816231012,-46.8569534346,-47.0377083479,-43.8272424747
48416.1376953,48.4161376953,-50.0044708863,-45.3401614151,-45.7112341627,-46.8830565916,-43.1878733426
48561.0961914,48.5610961914,-49.7162531699,-45.175092191,-45.5091225502,-47.0306303688,-45.0895198151
48706.0546875,48.7060546875,-48.8169211642,-45.376762332,-46.3797379268,-47.030835273,-45.7362364223
48851.0131836,48.8510131836,-47.6556548432,-46.1367139076,-46.264898831,-46.5697058047,-44.8132484898
48995.9716797,48.9959716797,-47.4096702085,-45.6786374964,-47.8132249365,-46.0575253965,-43.6168175553
49140.9301758,49.1409301758,-48.5914830933,-44.9020408174,-46.9772348643,-46.5954400983,-43.6123941982
49285.8886719,49.2858886719,-49.721599048,-43.7456505772,-46.2164472024,-46.8518807716,-43.2748289742
49430.847168,49.430847168,-50.1091732712,-43.6402248839,-46.550469555,-46.3237329258,-44.3542692874
49575.8056641,49.5758056641,-51.1912507809,-44.8554118102,-45.1181997176,-47.1344546525,-45.6795182994
49720.7641602,49.7207641602,-50.9122928604,-45.4878469899,-45.7931715531,-48.2414075947,-45.2271421721
49865.7226562,49.8657226562,-49.9393613971,-46.0956097151,-45.7952240763,-46.1879921832,-44.5433922248
50010.6811523,50.0106811523,-50.0951326733,-46.1986228802,-45.066289843,-45.6227304394,-44.1174938749
50155.6396484,50.1556396484,-49.2800820625,-44.9034664209,-46.1933305717,-45.713003628,-43.1595491519
50300.5981445,50.3005981445,-48.8115475669,-43.849668141,-45.5945151592,-45.3091604677,-42.6405772661
50445.5566406,50.4455566406,-48.9645301767,-44.064638657,-45.812760565,-46.1570071186,-43.5010841214
50590.5151367,50.5905151367,-50.1507331915,-44.3273795274,-45.7193579182,-46.0214397693,-43.7794808802
50735.4736328,50.7354736328,-49.4826911563,-44.6920244854,-45.7689934514,-44.3529504614,-44.0618891728
50880.4321289,50.8804321289,-48.414440857,-44.7771359931,-45.7983452962,-45.5440695639,-45.5018900164
51025.390625,51.025390625,-48.7567311402,-44.4612643214,-46.6042556695,-46.071416823,-43.9719778394
51170.3491211,51.1703491211,-49.5006406622,-45.2399910464,-46.0836357909,-45.8815432498,-43.724535019
51315.3076172,51.3153076172,-49.3529960413,-46.6764478461,-45.0119127408,-46.3022695185,-45.0140809561
51460.2661133,51.4602661133,-50.5665979239,-45.6389174093,-44.9418384707,-46.6408319607,-45.7000369044
51605.2246094,51.6052246094,-50.0557431191,-45.5065830815,-45.6027645125,-47.4314306288,-45.0837279966
51750.1831055,51.7501831055,-49.2489355523,-45.0470203332,-45.3879173402,-45.8706977146,-43.916207626
51895.1416016,51.8951416016,-48.1608184924,-44.5593351343,-46.4117686393,-46.0654396318,-43.5065686636
52040.1000977,52.0401000977,-48.1605129474,-43.6892765825,-47.0921965551,-48.1369822525,-43.8700608477
52185.0585938,52.1850585938,-48.4834982556,-44.4351229073,-46.2732741949,-47.2725785744,-43.3881029044
52330.0170898,52.3300170898,-49.5279919973,-44.1447788793,-46.5692902456,-47.0827255315,-43.7621211007
52474.9755859,52.4749755859,-50.6443297957,-43.1027346161,-44.8373037729,-47.0540655613,-43.6338922478
52619.934082,52.619934082,-50.9399838798,-44.0340165007,-44.7244721497,-46.2589241121,-44.3653450295
52764.8925781,52.7648925781,-50.9300372125,-44.3221652412,-46.4994348164,-46.3819912258,-43.2019485339
52909.8510742,52.9098510742,-50.7490268592,-45.2958145402,-46.2766196496,-47.3780385996,-43.6982112128
53054.8095703,53.0548095703,-49.8874002868,-44.0126779853,-45.9504915988,-48.3317598945,-44.3872485598
53199.7680664,53.1997680664,-48.2076799478,-43.6576721091,-47.5268545949,-46.7348698951,-44.982823223
53344.7265625,53.3447265625,-47.7510273539,-44.7821728669,-47.371681173,-46.8308855031,-43.905941551
53489.6850586,53.4896850586,-48.0162894691,-45.0917368705,-46.1758631818,-47.3639169759,-42.646096088
53634.6435547,53.6346435547,-48.548929789,-44.2829050099,-46.1428858606,-46.478777693,-43.6018422144
53779.6020508,53.7796020508,-49.7209446024,-45.6445993055,-47.4035409515,-45.6150473323,-44.2787882595
53924.5605469,53.9245605469,-48.9641359238,-46.0033391366,-47.0102651549,-46.2045751137,-43.8054360429
54069.519043,54.069519043,-48.8008927503,-44.7842742845,-45.9427793073,-47.4232777444,-43.5281815184
54214.4775391,54.2144775391,-49.2426158094,-44.3767346779,-44.8630227429,-47.4409821019,-44.6046249651
54359.4360352,54.3594360352,-49.0924356916,-43.6132587466,-45.5363897766,-47.0087017417,-43.8480845318
54504.3945312,54.5043945312,-49.0186293189,-44.6199126953,-47.2601197017,-46.1414094316,-45.0826385176
54649.3530273,54.6493530273,-50.8102187392,-44.4778841541,-46.3190867411,-45.6170425044,-45.4648167154
54794.3115234,54.7943115234,-48.7460793768,-44.3632826558,-46.1990067845,-46.1166368833,-43.782842088
54939.2700195,54.9392700195,-48.5977458693,-45.001026732,-45.5147736702,-46.096450207,-42.6436696877
55084.2285156,55.0842285156,-49.0745725575,-45.2779437595,-44.5609046984,-46.0468710756,-43.0408705166
55229.1870117,55.2291870117,-49.1056294933,-45.1204303362,-45.3122177228,-46.8670972085,-44.2559505999
55374.1455078,55.3741455078,-49.9299674432,-44.2765147183,-46.6738946061,-46.4568543637,-45.6133740991
55519.1040039,55.5191040039,-49.5726343575,-43.549763684,-46.2172053519,-46.106935411,-44.8162464241
55664.0625,55.6640625,-50.428471818,-44.8569934459,-46.044242331,-45.8492443343,-44.10217877
55809.0209961,55.8090209961,-50.7044397093,-45.4585431045,-46.2263607159,-46.3954811627,-44.3343980068
55953.9794922,55.9539794922,-51.2961868232,-44.7674296943,-46.0795305865,-47.4988900012,-45.4659542692
56098.9379883,56.0989379883,-49.8735228006,-44.8879460564,-46.035049763,-45.6824878621,-44.8661012505
56243.8964844,56.2438964844,-48.1225906861,-44.0483509407,-47.2810968474,-45.9377974939,-44.002016867
56388.8549805,56.3888549805,-48.901629985,-44.0370015106,-46.9793501612,-46.0676173154,-43.9659233429
56533.8134766,56.5338134766,-49.5550184431,-44.0731298708,-46.3062766852,-44.7105021335,-44.9550620595
56678.7719727,56.6787719727,-49.4860223403,-43.2908210175,-45.3250578454,-44.3305247657,-44.8832937915
56823.7304688,56.8237304688,-48.598404035,-43.541319771,-44.8722984037,-45.4268368969,-43.307867711
56968.6889648,56.9686889648,-48.3060529763,-44.6544049574,-46.3479468781,-46.0855229757,-43.1557741279
57113.6474609,57.1136474609,-48.3426782742,-45.6700597849,-46.4466757038,-45.2179041816,-43.9855385529
57258.605957,57.258605957,-49.5320742732,-46.0254749841,-45.3337462483,-45.44313157,-44.7139285333
57403.5644531,57.4035644531,-49.7399789505,-46.3834014475,-45.8927877189,-46.5319834939,-44.7131898777
57548.5229492,57.5485229492,-49.5439663797,-45.4903781392,-46.5866259997,-46.6127298788,-43.9433651419
57693.4814453,57.6934814453,-50.0734177085,-45.9193695185,-46.3905678809,-47.3084922766,-43.9507485633
57838.4399414,57.8384399414,-49.7039663445,-45.5562137411,-46.4084512229,-46.9064021665,-43.8917562631
57983.3984375,57.9833984375,-48.7272876796,-45.6612800614,-46.0599864938,-46.7755396898,-44.5575151734
58128.3569336,58.1283569336,-48.3935730757,-45.2702802439,-45.5894021949,-47.4251687657,-44.6836182887
58273.3154297,58.2733154297,-48.3211873478,-44.5220188344,-45.8235486798,-47.1275349479,-43.6364310195
58418.2739258,58.4182739258,-48.7826409394,-44.4307056362,-46.3143746019,-46.1130521422,-43.7016629272
58563.2324219,58.5632324219,-49.0833781388,-44.7776301517,-45.5987103942,-45.451538396,-44.3394124967
58708.190918,58.708190918,-49.7855659087,-43.2478549595,-45.8463666161,-47.5520312023,-44.9936017345
58853.1494141,58.8531494141,-49.5709374184,-44.303418367,-46.5730696005,-46.6175503332,-45.1154809705
58998.1079102,58.9981079102,-49.416703298,-44.6974669735,-46.2665842483,-47.1144600435,-44.1899764711
59143.0664062,59.1430664062,-47.7977758507,-45.5350306214,-46.3037160961,-47.6889929693,-43.0071045594
59288.0249023,59.2880249023,-48.1427256984,-44.5976206873,-45.2780144486,-46.456200919,-42.8003161507
59432.9833984,59.4329833984,-49.0955666988,-43.2381906469,-45.6171087754,-45.993442316,-43.7284265082
59577.9418945,59.5779418945,-49.9945377211,-44.2014308697,-46.4190462274,-46.0161430833,-45.8371461533
59722.9003906,59.7229003906,-48.7233919532,-44.1399821708,-46.1663252173,-44.8354223795,-45.6621550863
59867.8588867,59.8678588867,-49.4787038456,-43.6534581953,-45.4260805762,-46.0409595659,-45.0060790645
60012.8173828,60.0128173828,-50.0165720043,-44.8499818458,-45.4285610028,-47.846785998,-44.4137200382
60157.7758789,60.1577758789,-50.3472765341,-45.3747699349,-46.0653480086,-46.7546052005,-45.2564629881
60302.734375,60.302734375,-49.4106438696,-44.5743167424,-46.0368424792,-46.7447711293,-44.5856570746
60447.6928711,60.4476928711,-48.7925293563,-44.3901132556,-47.039718006,-46.7458526345,-43.3916073612
60592.6513672,60.5926513672,-49.0737562632,-45.3992299648,-45.6431677977,-47.8432276121,-43.4343628981
60737.6098633,60.7376098633,-49.1952040631,-45.349908962,-46.073865848,-47.4213675413,-44.3390354889
60882.5683594,60.8825683594,-49.0747900468,-43.4154263526,-46.2158504772,-47.9353585763,-44.4074361043
61027.5268555,61.0275268555,-49.9924118634,-43.1429707,-45.2329390215,-48.9357129534,-44.3901083307
61172.4853516,61.1724853516,-50.2545233402,-43.9610176836,-46.533447341,-46.8498147854,-44.4959721956
61317.4438477,61.3174438477,-50.0805206442,-44.726366357,-46.9380811655,-46.9598695323,-44.0097978357
61462.4023438,61.4624023438,-48.792259909,-45.2801942897,-46.9472763536,-46.725715144,-44.4031341717
61607.3608398,61.6073608398,-48.2531114144,-45.1001428501,-46.5563791644,-46.278084059,-45.5145986408
61752.3193359,61.7523193359,-48.9737607148,-44.6765799603,-45.6383643086,-46.5740192889,-46.1797382095
61897.277832,61.897277832,-49.5933129935,-45.7753241095,-45.5345901891,-46.5455370043,-44.4596098533
62042.2363281,62.0422363281,-48.8854654461,-45.9103834647,-44.8650921196,-45.4504870357,-43.929122795
62187.1948242,62.1871948242,-48.0277166841,-46.9661877924,-46.359945606,-45.2549892563,-43.8192211903
62332.1533203,62.3321533203,-50.0904500895,-46.0536402953,-47.2630450282,-46.0477883821,-43.7191667125
62477.1118164,62.4771118164,-50.8019272765,-45.5918723514,-46.9270435901,-46.6827602385,-44.1174954407
62622.0703125,62.6220703125,-51.2286271474,-44.5706177306,-45.8203648477,-46.3328968589,-44.6664312553
62767.0288086,62.7670288086,-49.6226584263,-45.2904587993,-45.8300597536,-46.8229153564,-44.2412174783
62911.9873047,62.9119873047,-48.7350865123,-45.9161946028,-46.4273506445,-45.5131988839,-44.7541480112
63056.9458008,63.0569458008,-49.3661566044,-44.9617387357,-45.9813019539,-46.0724285424,-44.6807667235
63201.9042969,63.2019042969,-48.7400602391,-43.9110187628,-47.3783031487,-46.6851297957,-43.8863121201
63346.862793,63.346862793,-49.2391742154,-45.768599383,-47.3695042372,-46.793759768,-44.1767851988
63491.8212891,63.4918212891,-50.5929881739,-45.755925466,-46.6276552821,-46.7179019918,-43.598365532
63636.7797852,63.6367797852,-50.1498671683,-45.359235479,-44.2188572204,-47.0287151072,-44.7272109165
63781.7382812,63.7817382812,-49.4235695835,-44.3011133674,-45.6656596605,-46.0990112116,-44.8939004175
63926.6967773,63.9266967773,-49.2314427734,-44.921364159,-45.0862461899,-45.696315511,-43.1410092575
64071.6552734,64.0716552734,-49.6620137182,-44.900489779,-45.0407465675,-46.3834930995,-44.8469225499
64216.6137695,64.2166137695,-49.7431934577,-43.7214935795,-46.2822944653,-46.1221109545,-44.6684167285
64361.5722656,64.3615722656,-49.9660866069,-43.8755324212,-47.6969741644,-45.9014853232,-43.4386449552
64506.5307617,64.5065307617,-49.8189572615,-45.5587178348,-46.931523255,-45.8183992971,-43.0465587164
64651.4892578,64.6514892578,-49.0615572055,-44.6220602988,-46.1238466482,-46.1511215985,-43.813985563
64796.4477539,64.7964477539,-49.4451036191,-43.933572986,-45.8197421307,-46.353096987,-44.6134694266
64941.40625,64.94140625,-49.7317066437,-45.1696788494,-47.6483676836,-46.3310918348,-43.49970247
65086.3647461,65.0863647461,-49.9217389755,-45.6497418679,-46.1000496802,-46.5971338618,-44.4185739102
65231.3232422,65.2313232422,-49.5164504614,-45.551269386,-45.6766857733,-45.8520549211,-44.4798359582
65376.2817383,65.3762817383,-49.1010408908,-44.1953190484,-45.513256208,-47.050370482,-44.2909288692
65521.2402344,65.5212402344,-48.9214733115,-45.9050718773,-46.0768786316,-47.1843203267,-44.3553113966
65666.1987305,65.6661987305,-48.9078834026,-45.8820068843,-45.2123892514,-46.9025887523,-44.4074405391
65811.1572266,65.8111572266,-48.8086165058,-45.6908173109,-45.3284880655,-47.3231587413,-43.7703747915
65956.1157227,65.9561157227,-49.0714633711,-44.3852335978,-46.3104575593,-46.5793598984,-45.0707302484
66101.0742188,66.1010742188,-49.0714676266,-44.4597935269,-45.9917772321,-46.5043033515,-44.8742864833
66246.0327148,66.2460327148,-50.1241422831,-45.2457848838,-44.8901087536,-47.2354954174,-43.6918315658
66390.9912109,66.3909912109,-49.5069268651,-44.565531646,-46.4080308794,-47.0036866754,-44.8889266606
66535.949707,66.535949707,-49.9124230166,-43.8143416702,-45.8765078377,-47.5721039644,-45.5767495277
66680.9082031,66.6809082031,-50.1450498642,-44.7275037275,-45.5535159054,-48.0830338524,-44.7140631957
66825.8666992,66.8258666992,-50.8355813293,-45.3748176394,-46.1781766172,-46.8027963799,-43.9233850764
66970.8251953,66.9708251953,-48.9979510166,-44.7178070757,-47.0136394201,-46.2345861946,-44.6886241994
67115.7836914,67.1157836914,-49.7122292708,-45.0308916563,-46.4471069568,-48.3879203326,-44.0616825376
67260.7421875,67.2607421875,-50.0007048531,-44.9700136601,-45.559109643,-46.7340491283,-43.8835922857
67405.7006836,67.4057006836,-49.1537169745,-45.2391127999,-46.0449075898,-47.30648109,-44.4177099944
67550.6591797,67.5506591797,-49.8976945717,-45.0410269696,-45.8797870591,-46.6991553019,-45.3488585152
67695.6176758,67.6956176758,-49.5114815814,-45.207213423,-46.0316096564,-45.6627474957,-45.2505395518
67840.5761719,67.8405761719,-50.0348165032,-44.8869872721,-46.3636084907,-45.3281554377,-44.4348445295
67985.534668,67.985534668,-51.2535812658,-44.6934802594,-46.0881983062,-46.2509119492,-43.6528198652
68130.4931641,68.1304931641,-50.5673553483,-45.2408914181,-46.1013651899,-47.6295734493,-43.1861573652
68275.4516602,68.2754516602,-49.8922050862,-45.561795681,-47.0581865272,-47.0876931075,-43.612980117
68420.4101562,68.4204101562,-48.535651271,-45.3371131093,-46.9534576705,-46.1352824987,-44.5590957821
68565.3686523,68.5653686523,-49.0553122238,-44.0878344742,-46.4155592214,-45.764305127,-44.7128493807
68710.3271484,68.7103271484,-48.8411377596,-43.3425898993,-45.898385131,-46.3810667914,-44.6249821052
68855.2856445,68.8552856445,-48.6660122391,-45.0874675418,-47.7046859734,-46.394506649,-45.2533702643
69000.2441406,69.0002441406,-50.4610498276,-45.9539456787,-48.3273921622,-45.8406127611,-44.0219057221
69145.2026367,69.1452026367,-49.4798993752,-45.2754269024,-46.3464318189,-47.2885895657,-43.9878152818
69290.1611328,69.2901611328,-49.3609997996,-43.6090402299,-45.0047059737,-46.8897814268,-44.7072143689
69435.1196289,69.4351196289,-49.2479573438,-43.3565735468,-45.2175657284,-46.4541204748,-44.6043385866
69580.078125,69.580078125,-48.5774988061,-44.7579051303,-46.2333780706,-45.9460562665,-44.3862495795
69725.0366211,69.7250366211,-48.8875974689,-45.4902267583,-46.0583784585,-46.3759107706,-44.107002055
69869.9951172,69.8699951172,-49.2509590249,-45.3165693785,-46.1186086654,-47.2086559097,-44.2257659564
70014.9536133,70.0149536133,-48.2239646612,-44.3202125154,-45.492376843,-46.8212134435,-44.3632262205
70159.9121094,70.1599121094,-48.6038260712,-45.1411001799,-45.9405128878,-45.4603872357,-44.6949888138
70304.8706055,70.3048706055,-49.5485868385,-44.7918544078,-46.0236636781,-46.7307802173,-45.3026853425
70449.8291016,70.4498291016,-49.6214257816,-44.2802257842,-45.4140952477,-47.0311147724,-45.1135812927
70594.7875977,70.5947875977,-50.2848778848,-45.3988382281,-45.2167088509,-46.9988032848,-44.9012332341
70739.7460938,70.7397460938,-51.2975286275,-43.7435484715,-45.7234418933,-47.7558913486,-44.8171134563
70884.7045898,70.8847045898,-49.5471324416,-44.9547026335,-46.8513206803,-46.7803830802,-45.2247393221
71029.6630859,71.0296630859,-48.8727756169,-44.4228986077,-46.7364816298,-46.2156377104,-45.2247919562
71174.621582,71.174621582,-49.0420375282,-44.1200562212,-45.1206846169,-46.4169820955,-43.9216515002
71319.5800781,71.3195800781,-50.1860108676,-44.0159267992,-45.423423136,-45.4450399437,-43.6257939634
71464.5385742,71.4645385742,-51.0813442245,-42.9138384407,-46.1778683275,-45.7005407297,-43.9385881416
71609.4970703,71.6094970703,-49.4128322837,-43.6334656671,-47.7627765325,-46.7802485334,-44.2711807896
71754.4555664,71.7544555664,-47.9123850196,-44.2343361091,-46.8931306499,-46.2540281025,-44.0052650507
71899.4140625,71.8994140625,-47.7697598941,-43.1247541837,-46.5949511505,-46.8825676634,-44.2101431003
72044.3725586,72.0443725586,-47.8484365483,-43.0006566157,-45.3716347787,-45.6484243991,-44.8591801863
72189.3310547,72.1893310547,-48.5043732405,-44.0413471633,-45.9638090895,-45.6707209043,-45.8465872743
72334.2895508,72.3342895508,-49.8166102741,-45.0918657847,-47.3557306496,-45.7947568484,-45.2859923136
72479.2480469,72.4792480469,-51.3636155506,-45.1666985997,-46.1360570993,-46.2832468634,-44.6133983706
72624.206543,72.624206543,-49.8196886974,-44.7475625773,-45.6417172875,-47.4923203783,-44.6174466336
72769.1650391,72.7691650391,-48.6695033739,-43.0965306702,-45.3902898423,-48.1339441733,-45.4688198702
72914.1235352,72.9141235352,-50.0686774333,-44.185227344,-45.4814254683,-45.5648089231,-45.5079099716
73059.0820312,73.0590820312,-49.2445825428,-45.7386402989,-45.035531395,-44.8549636826,-44.8469645643
73204.0405273,73.2040405273,-49.6343629623,-45.4367040363,-44.8836798998,-45.3997664727,-43.2789607997
73348.9990234,73.3489990234,-49.0152828648,-44.7462556607,-44.825878426,-44.9985861809,-42.6520018785
73493.9575195,73.4939575195,-49.2608869484,-45.4004199421,-45.5370036112,-45.486271654,-43.6071782421
73638.9160156,73.6389160156,-50.3889435033,-44.7421550581,-46.3511598155,-46.5760802847,-44.1178788396
73783.8745117,73.7838745117,-48.7418666587,-44.9448187567,-46.8959624527,-47.0168583882,-44.6420336681
73928.8330078,73.9288330078,-48.7109293801,-45.2510514452,-46.7409556852,-46.0771556228,-45.2191779838
74073.7915039,74.0737915039,-48.6858178347,-44.8893134347,-45.545894292,-46.6625794701,-43.8272196766
74218.75,74.21875,-49.1598779972,-44.7782429118,-46.35154781,-47.015916663,-43.9087715567
74363.7084961,74.3637084961,-50.6561625709,-44.7994133112,-46.4193795697,-47.4160242778,-44.7519457338
74508.6669922,74.5086669922,-48.4498088438,-44.5482206216,-46.320199135,-48.0004100597,-45.5132149297
74653.6254883,74.6536254883,-48.7650295797,-44.2234434811,-45.2106004747,-48.7867976734,-45.1600938225
74798.5839844,74.7985839844,-49.8409286461,-45.1362951556,-44.5918889915,-46.6797565044,-43.6520475442
74943.5424805,74.9435424805,-50.7105519699,-45.0993648316,-45.2195192916,-45.8436739803,-43.1653523624
75088.5009766,75.0885009766,-49.5489467567,-44.4997011798,-46.1205926725,-45.9157162817,-44.460663701
75233.4594727,75.2334594727,-51.3352081482,-43.5315897683,-46.8416676315,-46.7637728891,-44.7439093937
75378.4179688,75.3784179688,-49.8679967045,-44.3996523282,-46.5214078576,-46.360161558,-44.6814597264
75523.3764648,75.5233764648,-49.9328169922,-44.9164282613,-47.2321614003,-46.4654080477,-44.6332109003
75668.3349609,75.6683349609,-51.1368057325,-44.227462755,-45.6852069006,-47.1493694716,-44.5544698591
75813.293457,75.813293457,-49.9234604056,-43.6304081073,-45.8289648257,-46.1846590294,-44.3430205197
75958.2519531,75.9582519531,-49.4626223979,-43.3576502517,-46.7982708234,-45.8186254192,-44.9108377383
76103.2104492,76.1032104492,-49.5676776119,-43.7818570552,-47.1442225288,-46.1448594531,-44.5954923083
76248.1689453,76.2481689453,-48.6925130952,-45.440264984,-46.8893953381,-46.5449310085,-44.8973712753
76393.1274414,76.3931274414,-49.7908279149,-44.1912756825,-45.3114615578,-46.2587448039,-44.573442787
76538.0859375,76.5380859375,-49.7431179348,-44.7926274285,-44.7462628913,-46.163070959,-46.4896052672
76683.0444336,76.6830444336,-49.5909109845,-45.9646984138,-44.9767779894,-46.2382986995,-45.3380132063
76828.0029297,76.8280029297,-49.1652615343,-44.7487713057,-44.389167645,-46.3853090087,-45.1884752551
76972.9614258,76.9729614258,-49.7849720955,-46.3266394828,-44.3805662748,-46.3966563204,-45.1828059059
77117.9199219,77.1179199219,-48.3831911486,-45.5853803512,-44.912673614,-46.423114537,-44.9158663256
77262.878418,77.262878418,-48.8214567681,-45.4589829262,-44.9615096031,-47.3168844792,-44.4087325069
77407.8369141,77.4078369141,-49.0508110178,-44.4172155531,-44.4954018891,-46.3530075349,-44.2577965206
77552.7954102,77.5527954102,-47.9839747497,-46.0853189041,-44.748994551,-46.3583915232,-43.5444134479
77697.7539062,77.6977539062,-49.8756090669,-45.4168503481,-45.300797547,-45.4615664181,-43.3306995878
77842.7124023,77.8427124023,-51.5143559139,-44.2055570951,-45.4396508507,-44.4508387658,-42.4291196126
77987.6708984,77.9876708984,-50.2433678784,-44.7721279538,-46.5321967689,-45.8547487127,-44.3947471111
78132.6293945,78.1326293945,-49.517485989,-44.0068784972,-46.5489532375,-46.3245399465,-44.9475084609
78277.5878906,78.2775878906,-50.0996923564,-43.3531277366,-45.9808686625,-46.5094170284,-44.5558771584
78422.5463867,78.4225463867,-50.8722400741,-44.4093039694,-45.7564188488,-47.5325464499,-44.8380668601
78567.5048828,78.5675048828,-50.742121636,-45.8513053956,-45.6691882864,-45.936379277,-44.2173676345
78712.4633789,78.7124633789,-50.6795755795,-46.2829329729,-46.4721258849,-45.2531572678,-44.6839156344
78857.421875,78.857421875,-51.3793399515,-46.379950682,-46.0339719952,-46.166378557,-44.5341278186
79002.3803711,79.0023803711,-51.5629800786,-44.717544782,-45.3744988378,-46.7915603464,-42.8258170108
79147.3388672,79.1473388672,-50.2004808279,-45.1841881541,-45.9696122688,-46.6348002534,-43.7017172441
79292.2973633,79.2922973633,-48.1471029013,-44.4997721126,-45.2824991827,-47.2092938648,-43.5788410247
79437.2558594,79.4372558594,-50.3735237266,-45.0352315664,-45.7254192316,-46.5401791072,-43.553036854
79582.2143555,79.5822143555,-52.6835565236,-44.4868981437,-45.416926419,-45.9750891503,-44.1277997368
79727.1728516,79.7271728516,-51.2694103829,-45.2822276962,-45.2328791163,-46.1069692079,-43.8507552341
79872.1313477,79.8721313477,-49.9369930394,-44.478535417,-45.1614398159,-47.6674513729,-44.0530603521
80017.0898438,80.0170898438,-50.9064093514,-43.9681700449,-44.4578475693,-46.2593987439,-44.8925743962
80162.0483398,80.1620483398,-50.0306503946,-44.5093233976,-45.4249125507,-45.3559557586,-44.691332245
80307.0068359,80.3070068359,-49.5327742321,-44.8981690014,-47.1002924205,-46.6255765196,-44.0427780245
80451.965332,80.451965332,-50.2782811033,-43.9971188231,-47.9959799021,-46.8150294797,-43.8391806495
80596.9238281,80.5969238281,-49.4270190091,-43.9688513349,-46.658819365,-47.2208961714,-44.5726020673
80741.8823242,80.7418823242,-49.3607979242,-45.0338296442,-46.5545589099,-47.0862956835,-43.6835405594
80886.8408203,80.8868408203,-50.1632687396,-45.5261835969,-45.9999121956,-45.679398901,-44.8569696846
81031.7993164,81.0317993164,-49.9401449389,-44.5747400441,-45.6077235876,-46.5243149327,-45.6876484767
81176.7578125,81.1767578125,-48.8469321621,-44.6459665578,-45.4338937938,-47.6456960762,-44.0855950266
81321.7163086,81.3217163086,-48.5803074742,-46.4995550748,-44.923663937,-48.1112640273,-43.3899671718
81466.6748047,81.4666748047,-50.2855932289,-45.5980756226,-45.9297154962,-47.0859029128,-44.4451169488
81611.6333008,81.6116333008,-49.24908934,-44.2120182401,-45.2370443843,-47.5797297534,-46.1243496252
81756.5917969,81.7565917969,-48.3242053202,-44.8282354321,-45.8320396617,-46.7885454873,-45.9853665092
81901.550293,81.901550293,-51.1326207066,-43.6171785291,-45.5017837432,-46.3150791893,-44.5740173369
82046.5087891,82.0465087891,-49.8487339252,-42.9105031989,-46.2587133407,-45.669270244,-44.8604235089
82191.4672852,82.1914672852,-49.2034174452,-43.2010659339,-45.9859494639,-47.1502434102,-44.1482924143
82336.4257812,82.3364257812,-49.9905429556,-45.4181172303,-45.9210643974,-45.9960574463,-42.9622611289
82481.3842773,82.4813842773,-50.9591267784,-45.2716429992,-45.8886014446,-46.1698145393,-43.7982547821
82626.3427734,82.6263427734,-50.9750074003,-44.4377890875,-45.4894875029,-45.4625981037,-45.1647793337
82771.3012695,82.7713012695,-49.6801977464,-44.7054476646,-45.953439335,-45.8267344448,-45.5314002383
82916.2597656,82.9162597656,-48.7454605036,-44.4966089301,-45.5592311787,-45.6980158457,-45.9413989347
83061.2182617,83.0612182617,-48.6145705176,-44.0015418138,-45.3484328788,-46.0810794218,-43.7829195228
83206.1767578,83.2061767578,-49.1603594202,-43.641080202,-46.9376954404,-46.8669956525,-43.8639217447
83351.1352539,83.3511352539,-49.8863343892,-44.3292629684,-45.8129631505,-47.5208101104,-43.8328304552
83496.09375,83.49609375,-50.3553416223,-45.0454977083,-45.7673970976,-47.9968335444,-44.4854930833
83641.0522461,83.6410522461,-51.5107157964,-44.8694752057,-47.1835243127,-47.6259962964,-44.9348144465
83786.0107422,83.7860107422,-51.2885063179,-45.3555387485,-46.9830406084,-46.7374932829,-46.1046154776
83930.9692383,83.9309692383,-49.0350819156,-44.1499773752,-45.7110471076,-46.5849656342,-44.4761402065
84075.9277344,84.0759277344,-50.1516863337,-44.2717305612,-45.5774787527,-47.1602998226,-43.1573303297
84220.8862305,84.2208862305,-50.1413833557,-44.2489194096,-45.5988252205,-45.8577613015,-43.9703299046
84365.8447266,84.3658447266,-48.895995765,-44.7452200262,-46.1554482029,-46.0888150429,-45.4016047816
84510.8032227,84.5108032227,-49.9553226841,-43.6184764198,-45.9029875127,-47.7620781781,-45.6974193373
84655.7617188,84.6557617188,-50.4999215546,-43.2818403181,-45.5423916822,-47.2911122782,-45.3761964411
84800.7202148,84.8007202148,-49.9141223324,-44.5581304694,-45.4659483295,-44.8019799989,-44.3396486875
84945.6787109,84.9456787109,-50.8202350476,-46.6295388895,-46.0418475476,-45.3968478498,-43.2929428303
85090.637207,85.090637207,-50.8265564058,-46.371450135,-46.5138508257,-46.3167979704,-42.5370552733
85235.5957031,85.2355957031,-50.172412339,-45.4934774536,-46.5696115583,-46.3732741215,-43.5444416612
85380.5541992,85.3805541992,-48.7435484534,-44.7465483788,-45.5390529648,-46.2814343299,-45.0512883634
85525.5126953,85.5255126953,-47.9578915185,-45.1879673344,-45.7154906415,-47.1443780793,-45.1290499778
85670.4711914,85.6704711914,-49.0261465453,-46.0115068341,-44.8741356912,-46.7150783719,-44.4524835247
85815.4296875,85.8154296875,-48.6473822983,-44.8280467028,-45.8647175365,-46.8916930551,-44.4729471087
85960.3881836,85.9603881836,-49.2661647437,-44.6606887902,-45.8545371577,-46.3669306788,-44.6043255504
86105.3466797,86.1053466797,-49.6910895438,-43.4038776474,-45.3011537267,-47.5151949195,-44.6588723773
86250.3051758,86.2503051758,-49.6460849811,-44.4789746776,-44.3382255581,-47.3865774378,-44.9798027371
86395.2636719,86.3952636719,-49.2357149115,-44.9871526364,-45.2570047197,-46.6270210064,-45.4229694998
86540.222168,86.540222168,-48.5379739521,-45.4200857823,-45.8060782169,-45.7782948749,-43.9508845334
86685.1806641,86.6851806641,-48.0358026243,-46.4065811264,-45.6354886182,-45.6251580098,-44.1055118915
86830.1391602,86.8301391602,-48.5813086946,-44.847967931,-45.5770588996,-45.4055379684,-43.0560540807
86975.0976562,86.9750976562,-49.3306401736,-45.052327937,-45.080448691,-46.0254647368,-44.3679228853
87120.0561523,87.1200561523,-49.3224420347,-46.1040047451,-44.9005374522,-47.3521048144,-46.2972961446
87265.0146484,87.2650146484,-48.7902081668,-45.1856961407,-45.6174690037,-47.3145390348,-45.3464773623
87409.9731445,87.4099731445,-48.7094545099,-43.4790284462,-46.3386078356,-47.9581645339,-46.0299515279
87554.9316406,87.5549316406,-49.4806092907,-44.0037510855,-45.5014732827,-48.1599967541,-43.8960122221
87699.8901367,87.6998901367,-49.4314365572,-44.7294432627,-45.2087628011,-46.6971836919,-43.7597398614
87844.8486328,87.8448486328,-49.167793545,-43.700722977,-45.1173088837,-46.6080819552,-44.0399265203
87989.8071289,87.9898071289,-48.8596807011,-45.3487127993,-45.9894768235,-45.992223959,-43.9907442858
88134.765625,88.134765625,-48.8847557552,-44.6452144267,-46.2230699543,-45.9826416024,-43.2786111907
88279.7241211,88.2797241211,-50.2404770735,-45.9665678765,-45.1532699906,-46.3218192681,-43.8332911993
88424.6826172,88.4246826172,-49.1296374829,-46.3081468469,-45.5519257875,-46.854285462,-44.4855986269
88569.6411133,88.5696411133,-50.2544772199,-44.9196575752,-46.4586521831,-47.2429909099,-44.337886736
88714.5996094,88.7145996094,-50.5701928263,-44.0655245701,-46.532081644,-48.7477528936,-43.8717060498
88859.5581055,88.8595581055,-49.9920262932,-44.5971539226,-45.4510116569,-47.9501950847,-44.3672946369
89004.5166016,89.0045166016,-49.1284065982,-45.5053029897,-45.5311783241,-47.432826663,-46.0400046556
89149.4750977,89.1494750977,-49.3914630971,-44.8827161891,-45.5452683551,-46.2462639195,-45.3246193947
89294.4335938,89.2944335938,-49.5667190188,-44.0074790821,-45.5470627719,-45.4781564286,-44.4498427411
89439.3920898,89.4393920898,-47.8094320272,-44.7534088842,-46.2918637609,-45.7841607541,-44.5597705306
89584.3505859,89.5843505859,-48.3486864737,-46.1401960199,-46.0850331313,-45.0364983161,-44.4607458379
89729.309082,89.729309082,-49.5753593067,-45.9595026064,-46.3934665534,-45.871576917,-44.3342071592
89874.2675781,89.8742675781,-48.9982482231,-45.9486472954,-46.4886268961,-46.2592519837,-44.3199069004
90019.2260742,90.0192260742,-48.3531540315,-45.1207689495,-46.3721702443,-46.9259524402,-45.1591605128
90164.1845703,90.1641845703,-48.3047218912,-44.7319962787,-45.3678886658,-46.4495673924,-44.695757462
90309.1430664,90.3091430664,-49.7953296773,-45.0309162765,-46.1608459047,-45.7481370631,-45.1398757561
90454.1015625,90.4541015625,-49.3999707493,-45.7367954307,-45.6541575929,-46.8054446032,-44.5928640913
90599.0600586,90.5990600586,-48.8100226501,-45.8921800692,-47.1506703205,-46.8984170516,-44.23322055
90744.0185547,90.7440185547,-48.6724238185,-45.1044910258,-46.9300650997,-47.6319211944,-43.5517397758
90888.9770508,90.8889770508,-49.0631048386,-44.0769883099,-45.9707694864,-46.8002620642,-43.9978837107
91033.9355469,91.0339355469,-49.7923991215,-43.6412308973,-46.5779003793,-46.5369512431,-44.4874187352
91178.894043,91.178894043,-50.5395512075,-44.3389756854,-45.8060238024,-47.0431666135,-44.0629171855
91323.8525391,91.3238525391,-50.0368849738,-44.1195957634,-45.9522957577,-46.3064931933,-45.2087388766
91468.8110352,91.4688110352,-48.6665087115,-44.3516476321,-46.30394383,-45.7618698421,-45.1139995348
91613.7695312,91.6137695312,-49.5812887945,-45.2119586128,-45.7168570962,-45.8300731139,-45.1020776965
91758.7280273,91.7587280273,-50.8364883867,-43.8154658384,-46.22029523,-48.8264424854,-43.9466194575
91903.6865234,91.9036865234,-50.2108971268,-45.0959468689,-45.7933099842,-47.3704693965,-44.2063482663
92048.6450195,92.0486450195,-50.4863603488,-46.4589239508,-45.3879742608,-47.1209439751,-43.1912666522
92193.6035156,92.1936035156,-50.1259212041,-44.7011416161,-45.1272857264,-46.2132224499,-43.2658020868
92338.5620117,92.3385620117,-49.237361207,-43.846121549,-45.6490822739,-46.0737243538,-43.3039779538
92483.5205078,92.4835205078,-47.7785620616,-43.3529895323,-47.0698530077,-47.0399509838,-45.0001583334
92628.4790039,92.6284790039,-47.7671132338,-44.3787821994,-46.4829038414,-45.7959588174,-45.6934518298
92773.4375,92.7734375,-47.5447019849,-44.9507091867,-44.261733398,-44.8622650394,-44.5170331022
92918.3959961,92.9183959961,-49.0547442795,-44.7076264605,-44.5558060854,-44.793746249,-42.9813558643
93063.3544922,93.0633544922,-50.3144257084,-43.932125476,-46.0767092775,-45.7401472786,-43.446277567
93208.3129883,93.2083129883,-49.2915126614,-43.6924011127,-45.4780642342,-46.4119102673,-46.3919968305
93353.2714844,93.3532714844,-48.9528185321,-44.1475564615,-44.8797273274,-46.939689706,-44.2018057816
93498.2299805,93.4982299805,-48.0163072195,-45.448496909,-45.3665042863,-46.6424779394,-43.5697428475
93643.1884766,93.6431884766,-48.4526666463,-46.0405133118,-47.1692604169,-46.00365782,-45.3358838277
93788.1469727,93.7881469727,-48.9991070989,-46.1222540873,-46.7611976737,-46.497796343,-44.8730510622
93933.1054688,93.9331054688,-49.8023078302,-44.9517303503,-45.4515104141,-47.8325441573,-43.0869263657
94078.0639648,94.0780639648,-48.9878951438,-44.506536521,-46.4523107847,-48.2446953866,-42.1725360415
94223.0224609,94.2230224609,-48.2046972219,-43.7855572166,-46.3739450805,-46.605016787,-43.20689134
94367.980957,94.367980957,-48.8646514429,-44.2486607584,-46.0919607978,-45.7236030428,-44.6497276817
94512.9394531,94.5129394531,-48.943014343,-44.9430811814,-46.4498902321,-45.9101480435,-43.7416222714
94657.8979492,94.6578979492,-49.7511052402,-45.4956552735,-45.5950479397,-47.1090496002,-44.2506937876
94802.8564453,94.8028564453,-50.0286652914,-44.622369138,-45.3371605205,-46.5445702955,-44.2155908288
94947.8149414,94.9478149414,-49.3368877383,-43.8794019332,-45.9971960224,-46.1664748898,-44.1223471743
95092.7734375,95.0927734375,-49.6946773341,-44.6848016855,-46.877574117,-46.5106309325,-44.3926162882
95237.7319336,95.2377319336,-49.429455128,-44.7033437251,-46.423406862,-46.5583711931,-45.9823972026
95382.6904297,95.3826904297,-49.1993301951,-44.0675512982,-45.1856252082,-46.9384285176,-45.4039848455
95527.6489258,95.5276489258,-49.2399042876,-44.1931720052,-45.4484975831,-46.6840942108,-44.3258501571
95672.6074219,95.6726074219,-50.0411333815,-45.724946996,-45.9581834273,-46.5366487878,-44.6535978531
95817.565918,95.817565918,-49.3253174647,-45.0029894125,-45.5413411094,-47.3782401904,-44.3833113462
95962.5244141,95.9625244141,-48.8266193315,-44.85936092,-46.1717978809,-46.2727487739,-44.0580407532
96107.4829102,96.1074829102,-49.1246814565,-45.4237107826,-46.3587992484,-45.9027269861,-44.3953859415
96252.4414062,96.2524414062,-50.4471344695,-46.3025428483,-45.2238454445,-46.1663952715,-44.6176553421
96397.3999023,96.3973999023,-50.3169527878,-45.8499502275,-45.2167976654,-45.8765405104,-45.1497823707
96542.3583984,96.5423583984,-48.9074317058,-45.9416915115,-45.140968083,-45.5413507153,-46.0716828246
96687.3168945,96.6873168945,-48.6988200081,-45.4710347043,-45.2812563997,-46.8404278192,-45.3439303505
96832.2753906,96.8322753906,-49.8083360676,-46.0197331285,-45.6511624917,-47.2129652927,-44.8511536043
96977.2338867,96.9772338867,-49.9165591877,-46.7225435714,-47.06491147,-47.7197954299,-45.0525364176
97122.1923828,97.1221923828,-50.1637426841,-45.1968206102,-46.1793953793,-47.6002782836,-46.3819933582
97267.1508789,97.2671508789,-50.8440006199,-44.3370777886,-45.6945881584,-47.3749668066,-44.9387803545
97412.109375,97.412109375,-49.7108924991,-44.1375059139,-46.2088401942,-47.7156672254,-44.9721616479
97557.0678711,97.5570678711,-50.7663355145,-45.2590183196,-47.0834932068,-47.530570998,-45.2072946158
97702.0263672,97.7020263672,-50.1155436994,-44.971127599,-47.0019758346,-46.931737949,-44.6252021604
97846.9848633,97.8469848633,-49.0374376518,-45.319035298,-46.8002916476,-46.596994052,-45.3751541617
97991.9433594,97.9919433594,-49.4225225899,-45.4062907559,-46.8523854028,-45.774597687,-45.0284183368
98136.9018555,98.1369018555,-49.7704977376,-46.1443474001,-46.9893501888,-45.7382013606,-45.1517388331
98281.8603516,98.2818603516,-49.5984561256,-45.6470867959,-46.2957413427,-46.3681895846,-44.1902824386
98426.8188477,98.4268188477,-49.4594249275,-44.494026464,-45.9666220147,-46.9692905437,-44.3698872725
98571.7773438,98.5717773438,-48.5918722207,-44.5754261232,-45.1922593815,-46.7241967979,-44.3229992414
98716.7358398,98.7167358398,-49.350241114,-46.4279390811,-46.1018317681,-45.7877253397,-44.5534367656
98861.6943359,98.8616943359,-49.5548999257,-46.0078543562,-47.0440650575,-46.6669887849,-44.0592552087
99006.652832,99.006652832,-48.6754265539,-44.7811462353,-47.3215389949,-47.4494477047,-45.6288041535
99151.6113281,99.1516113281,-49.744483047,-44.0242420029,-45.4229499247,-46.3494898214,-45.1331031595
99296.5698242,99.2965698242,-49.6269466589,-44.97424321,-45.8314363256,-46.5628999574,-45.3454721535
99441.5283203,99.4415283203,-50.6626933172,-44.8374906131,-45.1792862451,-47.0486118458,-46.0360411945
99586.4868164,99.5864868164,-50.7198542979,-44.9521603402,-46.0493165268,-46.7635346903,-43.846246169
99731.4453125,99.7314453125,-50.9786858117,-45.0511247946,-45.6841562851,-46.1127039786,-44.2139985161
99876.4038086,99.8764038086,-49.4556785785,-44.0531680554,-44.9682874545,-46.3116560042,-43.5529645273
