Offset_Hz,Frequency_Hz,TwoTapDelaySamples,NormalizedFirAttenuation_dB
-99876.4038086,75900123.596191406,8,-47.6840411355
-99731.4453125,75900268.5546875,8,-47.6966567374
-99586.4868164,75900413.513183594,8,-47.7092906895
-99441.5283203,75900558.471679688,8,-47.7219430451
-99296.5698242,75900703.430175781,8,-47.7346138582
-99151.6113281,75900848.388671875,8,-47.7473031825
-99006.652832,75900993.347167969,8,-47.7600110722
-98861.6943359,75901138.305664062,8,-47.7727375817
-98716.7358398,75901283.264160156,8,-47.7854827657
-98571.7773438,75901428.22265625,8,-47.7982466791
-98426.8188477,75901573.181152344,8,-47.811029377
-98281.8603516,75901718.139648438,8,-47.8238309147
-98136.9018555,75901863.098144531,8,-47.836651348
-97991.9433594,75902008.056640625,8,-47.8494907325
-97846.9848633,75902153.015136719,8,-47.8623491245
-97702.0263672,75902297.973632812,8,-47.8752265803
-97557.0678711,75902442.932128906,8,-47.8881231565
-97412.109375,75902587.890625,8,-47.90103891
-97267.1508789,75902732.849121094,8,-47.9139738979
-97122.1923828,75902877.807617188,8,-47.9269281775
-96977.2338867,75903022.766113281,8,-47.9399018066
-96832.2753906,75903167.724609375,8,-47.9528948429
-96687.3168945,75903312.683105469,8,-47.9659073447
-96542.3583984,75903457.641601562,8,-47.9789393704
-96397.3999023,75903602.600097656,8,-47.9919909785
-96252.4414062,75903747.55859375,8,-48.0050622282
-96107.4829102,75903892.517089844,8,-48.0181531784
-95962.5244141,75904037.475585938,8,-48.0312638889
-95817.565918,75904182.434082031,8,-48.0443944192
-95672.6074219,75904327.392578125,8,-48.0575448294
-95527.6489258,75904472.351074219,8,-48.0707151798
-95382.6904297,75904617.309570312,8,-48.0839055309
-95237.7319336,75904762.268066406,8,-48.0971159437
-95092.7734375,75904907.2265625,8,-48.1103464791
-94947.8149414,75905052.185058594,8,-48.1235971986
-94802.8564453,75905197.143554688,8,-48.136868164
-94657.8979492,75905342.102050781,8,-48.150159437
-94512.9394531,75905487.060546875,8,-48.16347108
-94367.980957,75905632.019042969,8,-48.1768031556
-94223.0224609,75905776.977539062,8,-48.1901557265
-94078.0639648,75905921.936035156,8,-48.2035288558
-93933.1054688,75906066.89453125,8,-48.216922607
-93788.1469727,75906211.853027344,8,-48.2303370437
-93643.1884766,75906356.811523438,8,-48.24377223
-93498.2299805,75906501.770019531,8,-48.2572282301
-93353.2714844,75906646.728515625,8,-48.2707051086
-93208.3129883,75906791.687011719,8,-48.2842029304
-93063.3544922,75906936.645507812,8,-48.2977217607
-92918.3959961,75907081.604003906,8,-48.311261665
-92773.4375,75907226.5625,8,-48.3248227091
-92628.4790039,75907371.520996094,8,-48.3384049591
-92483.5205078,75907516.479492188,8,-48.3520084815
-92338.5620117,75907661.437988281,8,-48.365633343
-92193.6035156,75907806.396484375,8,-48.3792796105
-92048.6450195,75907951.354980469,8,-48.3929473516
-91903.6865234,75908096.313476562,8,-48.4066366338
-91758.7280273,75908241.271972656,8,-48.4203475253
-91613.7695312,75908386.23046875,8,-48.4340800942
-91468.8110352,75908531.188964844,8,-48.4478344093
-91323.8525391,75908676.147460938,8,-48.4616105396
-91178.894043,75908821.105957031,8,-48.4754085543
-91033.9355469,75908966.064453125,8,-48.4892285231
-90888.9770508,75909111.022949219,8,-48.503070516
-90744.0185547,75909255.981445312,8,-48.5169346033
-90599.0600586,75909400.939941406,8,-48.5308208556
-90454.1015625,75909545.8984375,8,-48.5447293439
-90309.1430664,75909690.856933594,8,-48.5586601396
-90164.1845703,75909835.815429688,8,-48.5726133142
-90019.2260742,75909980.773925781,8,-48.5865889399
-89874.2675781,75910125.732421875,8,-48.600587089
-89729.309082,75910270.690917969,8,-48.6146078341
-89584.3505859,75910415.649414062,8,-48.6286512485
-89439.3920898,75910560.607910156,8,-48.6427174054
-89294.4335938,75910705.56640625,8,-48.6568063787
-89149.4750977,75910850.524902344,8,-48.6709182425
-89004.5166016,75910995.483398438,8,-48.6850530713
-88859.5581055,75911140.441894531,8,-48.6992109399
-88714.5996094,75911285.400390625,8,-48.7133919237
-88569.6411133,75911430.358886719,8,-48.7275960982
-88424.6826172,75911575.317382812,8,-48.7418235394
-88279.7241211,75911720.275878906,8,-48.7560743236
-88134.765625,75911865.234375,8,-48.7703485275
-87989.8071289,75912010.192871094,8,-48.7846462283
-87844.8486328,75912155.151367188,8,-48.7989675035
-87699.8901367,75912300.109863281,8,-48.8133124308
-87554.9316406,75912445.068359375,8,-48.8276810886
-87409.9731445,75912590.026855469,8,-48.8420735555
-87265.0146484,75912734.985351562,8,-48.8564899105
-87120.0561523,75912879.943847656,8,-48.870930233
-86975.0976562,75913024.90234375,8,-48.885394603
-86830.1391602,75913169.860839844,8,-48.8998831006
-86685.1806641,75913314.819335938,8,-48.9143958064
-86540.222168,75913459.777832031,8,-48.9289328014
-86395.2636719,75913604.736328125,8,-48.9434941672
-86250.3051758,75913749.694824219,8,-48.9580799855
-86105.3466797,75913894.653320312,8,-48.9726903387
-85960.3881836,75914039.611816406,8,-48.9873253093
-85815.4296875,75914184.5703125,8,-49.0019849805
-85670.4711914,75914329.528808594,8,-49.0166694359
-85525.5126953,75914474.487304688,8,-49.0313787593
-85380.5541992,75914619.445800781,8,-49.0461130351
-85235.5957031,75914764.404296875,8,-49.0608723481
-85090.637207,75914909.362792969,8,-49.0756567836
-84945.6787109,75915054.321289062,8,-49.0904664273
-84800.7202148,75915199.279785156,8,-49.1053013651
-84655.7617188,75915344.23828125,8,-49.1201616837
-84510.8032227,75915489.196777344,8,-49.1350474701
-84365.8447266,75915634.155273438,8,-49.1499588118
-84220.8862305,75915779.113769531,8,-49.1648957965
-84075.9277344,75915924.072265625,8,-49.1798585127
-83930.9692383,75916069.030761719,8,-49.1948470492
-83786.0107422,75916213.989257812,8,-49.2098614952
-83641.0522461,75916358.947753906,8,-49.2249019404
-83496.09375,75916503.90625,8,-49.2399684752
-83351.1352539,75916648.864746094,8,-49.25506119
-83206.1767578,75916793.823242188,8,-49.2701801761
-83061.2182617,75916938.781738281,8,-49.2853255251
-82916.2597656,75917083.740234375,8,-49.3004973291
-82771.3012695,75917228.698730469,8,-49.3156956806
-82626.3427734,75917373.657226562,8,-49.3309206728
-82481.3842773,75917518.615722656,8,-49.3461723991
-82336.4257812,75917663.57421875,8,-49.3614509537
-82191.4672852,75917808.532714844,8,-49.3767564311
-82046.5087891,75917953.491210938,8,-49.3920889263
-81901.550293,75918098.449707031,8,-49.4074485349
-81756.5917969,75918243.408203125,8,-49.4228353529
-81611.6333008,75918388.366699219,8,-49.438249477
-81466.6748047,75918533.325195312,8,-49.4536910041
-81321.7163086,75918678.283691406,8,-49.469160032
-81176.7578125,75918823.2421875,8,-49.4846566587
-81031.7993164,75918968.200683594,8,-49.500180983
-80886.8408203,75919113.159179688,8,-49.5157331039
-80741.8823242,75919258.117675781,8,-49.5313131212
-80596.9238281,75919403.076171875,8,-49.5469211352
-80451.965332,75919548.034667969,8,-49.5625572466
-80307.0068359,75919692.993164062,8,-49.5782215569
-80162.0483398,75919837.951660156,8,-49.5939141678
-80017.0898438,75919982.91015625,8,-49.6096351819
-79872.1313477,75920127.868652344,8,-49.6253847021
-79727.1728516,75920272.827148438,8,-49.641162832
-79582.2143555,75920417.785644531,8,-49.6569696758
-79437.2558594,75920562.744140625,8,-49.6728053381
-79292.2973633,75920707.702636719,8,-49.6886699242
-79147.3388672,75920852.661132812,8,-49.7045635399
-79002.3803711,75920997.619628906,8,-49.7204862918
-78857.421875,75921142.578125,8,-49.7364382868
-78712.4633789,75921287.536621094,8,-49.7524196324
-78567.5048828,75921432.495117188,8,-49.7684304371
-78422.5463867,75921577.453613281,8,-49.7844708094
-78277.5878906,75921722.412109375,8,-49.8005408589
-78132.6293945,75921867.370605469,8,-49.8166406955
-77987.6708984,75922012.329101562,8,-49.8327704299
-77842.7124023,75922157.287597656,8,-49.8489301734
-77697.7539062,75922302.24609375,8,-49.8651200378
-77552.7954102,75922447.204589844,8,-49.8813401355
-77407.8369141,75922592.163085938,8,-49.8975905798
-77262.878418,75922737.121582031,8,-49.9138714844
-77117.9199219,75922882.080078125,8,-49.9301829637
-76972.9614258,75923027.038574219,8,-49.9465251327
-76828.0029297,75923171.997070312,8,-49.9628981072
-76683.0444336,75923316.955566406,8,-49.9793020034
-76538.0859375,75923461.9140625,8,-49.9957369385
-76393.1274414,75923606.872558594,8,-50.0122030301
-76248.1689453,75923751.831054688,8,-50.0287003965
-76103.2104492,75923896.789550781,8,-50.0452291569
-75958.2519531,75924041.748046875,8,-50.0617894308
-75813.293457,75924186.706542969,8,-50.0783813387
-75668.3349609,75924331.665039062,8,-50.0950050017
-75523.3764648,75924476.623535156,8,-50.1116605415
-75378.4179688,75924621.58203125,8,-50.1283480807
-75233.4594727,75924766.540527344,8,-50.1450677424
-75088.5009766,75924911.499023438,8,-50.1618196506
-74943.5424805,75925056.457519531,8,-50.1786039298
-74798.5839844,75925201.416015625,8,-50.1954207055
-74653.6254883,75925346.374511719,8,-50.2122701036
-74508.6669922,75925491.333007812,8,-50.229152251
-74363.7084961,75925636.291503906,8,-50.2460672753
-74218.75,75925781.25,8,-50.2630153047
-74073.7915039,75925926.208496094,8,-50.2799964684
-73928.8330078,75926071.166992188,8,-50.2970108961
-73783.8745117,75926216.125488281,8,-50.3140587183
-73638.9160156,75926361.083984375,8,-50.3311400665
-73493.9575195,75926506.042480469,8,-50.3482550728
-73348.9990234,75926651.000976562,8,-50.36540387
-73204.0405273,75926795.959472656,8,-50.3825865919
-73059.0820312,75926940.91796875,8,-50.3998033729
-72914.1235352,75927085.876464844,8,-50.4170543483
-72769.1650391,75927230.834960938,8,-50.4343396543
-72624.206543,75927375.793457031,8,-50.4516594277
-72479.2480469,75927520.751953125,8,-50.4690138063
-72334.2895508,75927665.710449219,8,-50.4864029286
-72189.3310547,75927810.668945312,8,-50.5038269341
-72044.3725586,75927955.627441406,8,-50.5212859629
-71899.4140625,75928100.5859375,8,-50.5387801561
-71754.4555664,75928245.544433594,8,-50.5563096558
-71609.4970703,75928390.502929688,8,-50.5738746046
-71464.5385742,75928535.461425781,8,-50.5914751462
-71319.5800781,75928680.419921875,8,-50.6091114252
-71174.621582,75928825.378417969,8,-50.626783587
-71029.6630859,75928970.336914062,8,-50.6444917779
-70884.7045898,75929115.295410156,8,-50.6622361451
-70739.7460938,75929260.25390625,8,-50.6800168367
-70594.7875977,75929405.212402344,8,-50.6978340018
-70449.8291016,75929550.170898438,8,-50.7156877903
-70304.8706055,75929695.129394531,8,-50.733578353
-70159.9121094,75929840.087890625,8,-50.7515058418
-70014.9536133,75929985.046386719,8,-50.7694704094
-69869.9951172,75930130.004882812,8,-50.7874722095
-69725.0366211,75930274.963378906,8,-50.8055113967
-69580.078125,75930419.921875,8,-50.8235881267
-69435.1196289,75930564.880371094,8,-50.8417025561
-69290.1611328,75930709.838867188,8,-50.8598548424
-69145.2026367,75930854.797363281,8,-50.8780451442
-69000.2441406,75930999.755859375,8,-50.8962736211
-68855.2856445,75931144.714355469,8,-50.9145404336
-68710.3271484,75931289.672851562,8,-50.9328457433
-68565.3686523,75931434.631347656,8,-50.9511897128
-68420.4101562,75931579.58984375,8,-50.9695725057
-68275.4516602,75931724.548339844,8,-50.9879942868
-68130.4931641,75931869.506835938,8,-51.0064552217
-67985.534668,75932014.465332031,8,-51.0249554774
-67840.5761719,75932159.423828125,8,-51.0434952215
-67695.6176758,75932304.382324219,8,-51.062074623
-67550.6591797,75932449.340820312,8,-51.0806938521
-67405.7006836,75932594.299316406,8,-51.0993530797
-67260.7421875,75932739.2578125,8,-51.1180524781
-67115.7836914,75932884.216308594,8,-51.1367922206
-66970.8251953,75933029.174804688,8,-51.1555724818
-66825.8666992,75933174.133300781,8,-51.1743934371
-66680.9082031,75933319.091796875,8,-51.1932552634
-66535.949707,75933464.050292969,8,-51.2121581386
-66390.9912109,75933609.008789062,8,-51.2311022416
-66246.0327148,75933753.967285156,8,-51.2500877527
-66101.0742188,75933898.92578125,8,-51.2691148533
-65956.1157227,75934043.884277344,8,-51.2881837261
-65811.1572266,75934188.842773438,8,-51.3072945549
-65666.1987305,75934333.801269531,8,-51.3264475246
-65521.2402344,75934478.759765625,8,-51.3456428216
-65376.2817383,75934623.718261719,8,-51.3648806333
-65231.3232422,75934768.676757812,8,-51.3841611486
-65086.3647461,75934913.635253906,8,-51.4034845573
-64941.40625,75935058.59375,8,-51.4228510507
-64796.4477539,75935203.552246094,8,-51.4422608215
-64651.4892578,75935348.510742188,8,-51.4617140635
-64506.5307617,75935493.469238281,8,-51.4812109718
-64361.5722656,75935638.427734375,8,-51.500751743
-64216.6137695,75935783.386230469,8,-51.5203365747
-64071.6552734,75935928.344726562,8,-51.5399656662
-63926.6967773,75936073.303222656,8,-51.5596392179
-63781.7382812,75936218.26171875,8,-51.5793574317
-63636.7797852,75936363.220214844,8,-51.5991205109
-63491.8212891,75936508.178710938,8,-51.6189286601
-63346.862793,75936653.137207031,8,-51.6387820853
-63201.9042969,75936798.095703125,8,-51.6586809939
-63056.9458008,75936943.054199219,8,-51.678625595
-62911.9873047,75937088.012695312,8,-51.6986160986
-62767.0288086,75937232.971191406,8,-51.7186527167
-62622.0703125,75937377.9296875,8,-51.7387356626
-62477.1118164,75937522.888183594,8,-51.7588651508
-62332.1533203,75937667.846679688,8,-51.7790413976
-62187.1948242,75937812.805175781,8,-51.7992646209
-62042.2363281,75937957.763671875,8,-51.8195350398
-61897.277832,75938102.722167969,8,-51.8398528751
-61752.3193359,75938247.680664062,8,-51.8602183492
-61607.3608398,75938392.639160156,8,-51.880631686
-61462.4023438,75938537.59765625,8,-51.901093111
-61317.4438477,75938682.556152344,8,-51.9216028514
-61172.4853516,75938827.514648438,8,-51.9421611357
-61027.5268555,75938972.473144531,8,-51.9627681944
-60882.5683594,75939117.431640625,8,-51.9834242595
-60737.6098633,75939262.390136719,8,-52.0041295645
-60592.6513672,75939407.348632812,8,-52.0248843448
-60447.6928711,75939552.307128906,8,-52.0456888374
-60302.734375,75939697.265625,8,-52.0665432811
-60157.7758789,75939842.224121094,8,-52.0874479162
-60012.8173828,75939987.182617188,8,-52.1084029849
-59867.8588867,75940132.141113281,8,-52.1294087312
-59722.9003906,75940277.099609375,8,-52.1504654008
-59577.9418945,75940422.058105469,8,-52.1715732412
-59432.9833984,75940567.016601562,8,-52.1927325016
-59288.0249023,75940711.975097656,8,-52.2139434333
-59143.0664062,75940856.93359375,8,-52.2352062892
-58998.1079102,75941001.892089844,8,-52.2565213241
-58853.1494141,75941146.850585938,8,-52.2778887948
-58708.190918,75941291.809082031,8,-52.2993089599
-58563.2324219,75941436.767578125,8,-52.3207820799
-58418.2739258,75941581.726074219,8,-52.3423084174
-58273.3154297,75941726.684570312,8,-52.3638882367
-58128.3569336,75941871.643066406,8,-52.3855218042
-57983.3984375,75942016.6015625,8,-52.4072093884
-57838.4399414,75942161.560058594,8,-52.4289512597
-57693.4814453,75942306.518554688,8,-52.4507476905
-57548.5229492,75942451.477050781,8,-52.4725989554
-57403.5644531,75942596.435546875,8,-52.494505331
-57258.605957,75942741.394042969,8,-52.5164670958
-57113.6474609,75942886.352539062,8,-52.5384845308
-56968.6889648,75943031.311035156,8,-52.5605579189
-56823.7304688,75943176.26953125,8,-52.5826875452
-56678.7719727,75943321.228027344,8,-52.604873697
-56533.8134766,75943466.186523438,8,-52.6271166638
-56388.8549805,75943611.145019531,8,-52.6494167373
-56243.8964844,75943756.103515625,8,-52.6717742116
-56098.9379883,75943901.062011719,8,-52.6941893828
-55953.9794922,75944046.020507812,8,-52.7166625496
-55809.0209961,75944190.979003906,8,-52.7391940128
-55664.0625,75944335.9375,8,-52.7617840756
-55519.1040039,75944480.895996094,8,-52.7844330437
-55374.1455078,75944625.854492188,8,-52.8071412251
-55229.1870117,75944770.812988281,8,-52.8299089302
-55084.2285156,75944915.771484375,8,-52.8527364718
-54939.2700195,75945060.729980469,8,-52.8756241653
-54794.3115234,75945205.688476562,8,-52.8985723286
-54649.3530273,75945350.646972656,8,-52.921581282
-54504.3945312,75945495.60546875,8,-52.9446513484
-54359.4360352,75945640.563964844,8,-52.9677828533
-54214.4775391,75945785.522460938,8,-52.990976125
-54069.519043,75945930.480957031,8,-53.014231494
-53924.5605469,75946075.439453125,8,-53.0375492938
-53779.6020508,75946220.397949219,8,-53.0609298605
-53634.6435547,75946365.356445312,8,-53.0843735329
-53489.6850586,75946510.314941406,8,-53.1078806527
-53344.7265625,75946655.2734375,8,-53.1314515641
-53199.7680664,75946800.231933594,8,-53.1550866143
-53054.8095703,75946945.190429688,8,-53.1787861534
-52909.8510742,75947090.148925781,8,-53.2025505341
-52764.8925781,75947235.107421875,8,-53.2263801124
-52619.934082,75947380.065917969,8,-53.2502752469
-52474.9755859,75947525.024414062,8,-53.2742362992
-52330.0170898,75947669.982910156,8,-53.2982636342
-52185.0585938,75947814.94140625,8,-53.3223576195
-52040.1000977,75947959.899902344,8,-53.3465186259
-51895.1416016,75948104.858398438,8,-53.3707470273
-51750.1831055,75948249.816894531,8,-53.3950432008
-51605.2246094,75948394.775390625,8,-53.4194075265
-51460.2661133,75948539.733886719,8,-53.4438403879
-51315.3076172,75948684.692382812,8,-53.4683421716
-51170.3491211,75948829.650878906,8,-53.4929132677
-51025.390625,75948974.609375,8,-53.5175540692
-50880.4321289,75949119.567871094,8,-53.5422649729
-50735.4736328,75949264.526367188,8,-53.5670463788
-50590.5151367,75949409.484863281,8,-53.5918986903
-50445.5566406,75949554.443359375,8,-53.6168223143
-50300.5981445,75949699.401855469,8,-53.6418176613
-50155.6396484,75949844.360351562,8,-53.6668851452
-50010.6811523,75949989.318847656,8,-53.6920251837
-49865.7226562,75950134.27734375,8,-53.7172381979
-49720.7641602,75950279.235839844,8,-53.7425246128
-49575.8056641,75950424.194335938,8,-53.7678848569
-49430.847168,75950569.152832031,8,-53.7933193627
-49285.8886719,75950714.111328125,8,-53.8188285663
-49140.9301758,75950859.069824219,8,-53.8444129078
-48995.9716797,75951004.028320312,8,-53.8700728311
-48851.0131836,75951148.986816406,8,-53.8958087841
-48706.0546875,75951293.9453125,8,-53.9216212188
-48561.0961914,75951438.903808594,8,-53.947510591
-48416.1376953,75951583.862304688,8,-53.9734773607
-48271.1791992,75951728.820800781,8,-53.9995219921
-48126.2207031,75951873.779296875,8,-54.0256449536
-47981.262207,75952018.737792969,8,-54.0518467177
-47836.3037109,75952163.696289062,8,-54.0781277613
-47691.3452148,75952308.654785156,8,-54.1044885656
-47546.3867188,75952453.61328125,8,-54.1309296162
-47401.4282227,75952598.571777344,8,-54.1574514032
-47256.4697266,75952743.530273438,8,-54.1840544211
-47111.5112305,75952888.488769531,8,-54.2107391691
-46966.5527344,75953033.447265625,8,-54.2375061508
-46821.5942383,75953178.405761719,8,-54.2643558747
-46676.6357422,75953323.364257812,8,-54.2912888538
-46531.6772461,75953468.322753906,8,-54.3183056062
-46386.71875,75953613.28125,8,-54.3454066546
-46241.7602539,75953758.239746094,8,-54.3725925267
-46096.8017578,75953903.198242188,8,-54.399863755
-45951.8432617,75954048.156738281,8,-54.4272208773
-45806.8847656,75954193.115234375,8,-54.4546644364
-45661.9262695,75954338.073730469,8,-54.4821949802
-45516.9677734,75954483.032226562,8,-54.5098130618
-45372.0092773,75954627.990722656,8,-54.5375192398
-45227.0507812,75954772.94921875,8,-54.5653140778
-45082.0922852,75954917.907714844,8,-54.5931981453
-44937.1337891,75955062.866210938,8,-54.6211720169
-44792.175293,75955207.824707031,8,-54.6492362729
-44647.2167969,75955352.783203125,8,-54.6773914993
-44502.2583008,75955497.741699219,8,-54.7056382878
-44357.2998047,75955642.700195312,8,-54.7339772358
-44212.3413086,75955787.658691406,8,-54.7624089468
-44067.3828125,75955932.6171875,8,-54.7909340299
-43922.4243164,75956077.575683594,8,-54.8195531005
-43777.4658203,75956222.534179688,8,-54.8482667799
-43632.5073242,75956367.492675781,8,-54.8770756958
-43487.5488281,75956512.451171875,8,-54.9059804821
-43342.590332,75956657.409667969,8,-54.9349817789
-43197.6318359,75956802.368164062,8,-54.9640802328
-43052.6733398,75956947.326660156,8,-54.993276497
-42907.7148438,75957092.28515625,8,-55.0225712314
-42762.7563477,75957237.243652344,8,-55.0519651023
-42617.7978516,75957382.202148438,8,-55.081458783
-42472.8393555,75957527.160644531,8,-55.1110529536
-42327.8808594,75957672.119140625,8,-55.1407483013
-42182.9223633,75957817.077636719,8,-55.1705455203
-42037.9638672,75957962.036132812,8,-55.2004453118
-41893.0053711,75958106.994628906,8,-55.2304483846
-41748.046875,75958251.953125,8,-55.2605554545
-41603.0883789,75958396.911621094,8,-55.2907672452
-41458.1298828,75958541.870117188,8,-55.3210844875
-41313.1713867,75958686.828613281,8,-55.3515079202
-41168.2128906,75958831.787109375,8,-55.3820382899
-41023.2543945,75958976.745605469,8,-55.4126763508
-40878.2958984,75959121.704101562,8,-55.4434228656
-40733.3374023,75959266.662597656,8,-55.4742786046
-40588.3789062,75959411.62109375,8,-55.5052443467
-40443.4204102,75959556.579589844,8,-55.536320879
-40298.4619141,75959701.538085938,8,-55.5675089972
-40153.503418,75959846.496582031,8,-55.5988095054
-40008.5449219,75959991.455078125,8,-55.6302232166
-39863.5864258,75960136.413574219,8,-55.6617509527
-39718.6279297,75960281.372070312,8,-55.6933935444
-39573.6694336,75960426.330566406,8,-55.7251518315
-39428.7109375,75960571.2890625,8,-55.7570266633
-39283.7524414,75960716.247558594,8,-55.7890188983
-39138.7939453,75960861.206054688,8,-55.8211294045
-38993.8354492,75961006.164550781,8,-55.8533590596
-38848.8769531,75961151.123046875,8,-55.8857087512
-38703.918457,75961296.081542969,8,-55.9181793766
-38558.9599609,75961441.040039062,8,-55.9507718436
-38414.0014648,75961585.998535156,8,-55.9834870699
-38269.0429688,75961730.95703125,8,-56.0163259837
-38124.0844727,75961875.915527344,8,-56.0492895239
-37979.1259766,75962020.874023438,8,-56.08237864
-37834.1674805,75962165.832519531,8,-56.1155942925
-37689.2089844,75962310.791015625,8,-56.1489374528
-37544.2504883,75962455.749511719,8,-56.1824091036
-37399.2919922,75962600.708007812,8,-56.2160102391
-37254.3334961,75962745.666503906,8,-56.2497418649
-37109.375,75962890.625,8,-56.2836049986
-36964.4165039,75963035.583496094,8,-56.3176006696
-36819.4580078,75963180.541992188,8,-56.3517299195
-36674.4995117,75963325.500488281,8,-56.385993802
-36529.5410156,75963470.458984375,8,-56.4203933836
-36384.5825195,75963615.417480469,8,-56.4549297435
-36239.6240234,75963760.375976562,8,-56.4896039736
-36094.6655273,75963905.334472656,8,-56.5244171792
-35949.7070312,75964050.29296875,8,-56.5593704788
-35804.7485352,75964195.251464844,8,-56.5944650044
-35659.7900391,75964340.209960938,8,-56.6297019019
-35514.831543,75964485.168457031,8,-56.6650823311
-35369.8730469,75964630.126953125,8,-56.7006074662
-35224.9145508,75964775.085449219,8,-56.7362784957
-35079.9560547,75964920.043945312,8,-56.7720966229
-34934.9975586,75965065.002441406,8,-56.8080630659
-34790.0390625,75965209.9609375,8,-56.8441790582
-34645.0805664,75965354.919433594,8,-56.8804458485
-34500.1220703,75965499.877929688,8,-56.9168647016
-34355.1635742,75965644.836425781,8,-56.9534368978
-34210.2050781,75965789.794921875,8,-56.990163734
-34065.246582,75965934.753417969,8,-57.0270465235
-33920.2880859,75966079.711914062,8,-57.0640865964
-33775.3295898,75966224.670410156,8,-57.1012852998
-33630.3710938,75966369.62890625,8,-57.1386439983
-33485.4125977,75966514.587402344,8,-57.1761640742
-33340.4541016,75966659.545898438,8,-57.2138469277
-33195.4956055,75966804.504394531,8,-57.2516939774
-33050.5371094,75966949.462890625,8,-57.2897066605
-32905.5786133,75967094.421386719,8,-57.327886433
-32760.6201172,75967239.379882812,8,-57.3662347703
-32615.6616211,75967384.338378906,8,-57.4047531676
-32470.703125,75967529.296875,8,-57.4434431398
-32325.7446289,75967674.255371094,8,-57.4823062223
-32180.7861328,75967819.213867188,8,-57.5213439711
-32035.8276367,75967964.172363281,8,-57.5605579634
-31890.8691406,75968109.130859375,8,-57.5999497977
-31745.9106445,75968254.089355469,8,-57.6395210946
-31600.9521484,75968399.047851562,8,-57.6792734966
-31455.9936523,75968544.006347656,8,-57.7192086691
-31311.0351562,75968688.96484375,8,-57.7593283005
-31166.0766602,75968833.923339844,8,-57.7996341028
-31021.1181641,75968978.881835938,8,-57.8401278118
-30876.159668,75969123.840332031,8,-57.8808111879
-30731.2011719,75969268.798828125,8,-57.921686016
-30586.2426758,75969413.757324219,8,-57.9627541066
-30441.2841797,75969558.715820312,8,-58.004017296
-30296.3256836,75969703.674316406,8,-58.0454774467
-30151.3671875,75969848.6328125,8,-58.087136448
-30006.4086914,75969993.591308594,8,-58.1289962165
-29861.4501953,75970138.549804688,8,-58.1710586968
-29716.4916992,75970283.508300781,8,-58.2133258617
-29571.5332031,75970428.466796875,8,-58.255799713
-29426.574707,75970573.425292969,8,-58.2984822821
-29281.6162109,75970718.383789062,8,-58.3413756304
-29136.6577148,75970863.342285156,8,-58.38448185
-28991.6992188,75971008.30078125,8,-58.4278030643
-28846.7407227,75971153.259277344,8,-58.4713414286
-28701.7822266,75971298.217773438,8,-58.515099131
-28556.8237305,75971443.176269531,8,-58.5590783924
-28411.8652344,75971588.134765625,8,-58.6032814681
-28266.9067383,75971733.093261719,8,-58.6477106477
-28121.9482422,75971878.051757812,8,-58.6923682561
-27976.9897461,75972023.010253906,8,-58.7372566544
-27832.03125,75972167.96875,8,-58.7823782405
-27687.0727539,75972312.927246094,8,-58.8277354497
-27542.1142578,75972457.885742188,8,-58.8733307558
-27397.1557617,75972602.844238281,8,-58.9191666717
-27252.1972656,75972747.802734375,8,-58.9652457503
-27107.2387695,75972892.761230469,8,-59.0115705853
-26962.2802734,75973037.719726562,8,-59.0581438123
-26817.3217773,75973182.678222656,8,-59.1049681093
-26672.3632812,75973327.63671875,8,-59.152046198
-26527.4047852,75973472.595214844,8,-59.1993808445
-26382.4462891,75973617.553710938,8,-59.2469748605
-26237.487793,75973762.512207031,8,-59.2948311039
-26092.5292969,75973907.470703125,8,-59.3429524805
-25947.5708008,75974052.429199219,8,-59.3913419443
-25802.6123047,75974197.387695312,8,-59.4400024991
-25657.6538086,75974342.346191406,8,-59.4889371996
-25512.6953125,75974487.3046875,8,-59.5381491522
-25367.7368164,75974632.263183594,8,-59.5876415165
-25222.7783203,75974777.221679688,8,-59.6374175065
-25077.8198242,75974922.180175781,8,-59.6874803915
-24932.8613281,75975067.138671875,8,-59.737833498
-24787.902832,75975212.097167969,8,-59.7884802105
-24642.9443359,75975357.055664062,8,-59.839423973
-24497.9858398,75975502.014160156,8,-59.8906682907
-24353.0273438,75975646.97265625,8,-59.9422167309
-24208.0688477,75975791.931152344,8,-59.9940729251
-24063.1103516,75975936.889648438,8,-60.0462405699
-23918.1518555,75976081.848144531,8,-60.0987234293
-23773.1933594,75976226.806640625,8,-60.1515253355
-23628.2348633,75976371.765136719,8,-60.2046501914
-23483.2763672,75976516.723632812,8,-60.2581019717
-23338.3178711,75976661.682128906,8,-60.3118847251
-23193.359375,75976806.640625,8,-60.366002576
-23048.4008789,75976951.599121094,8,-60.4204597261
-22903.4423828,75977096.557617188,8,-60.4752604569
-22758.4838867,75977241.516113281,8,-60.5304091315
-22613.5253906,75977386.474609375,8,-60.5859101963
-22468.5668945,75977531.433105469,8,-60.6417681838
-22323.6083984,75977676.391601562,8,-60.6979877144
-22178.6499023,75977821.350097656,8,-60.7545734988
-22033.6914062,75977966.30859375,8,-60.8115303404
-21888.7329102,75978111.267089844,8,-60.8688631377
-21743.7744141,75978256.225585938,8,-60.9265768868
-21598.815918,75978401.184082031,8,-60.9846766842
-21453.8574219,75978546.142578125,8,-61.0431677291
-21308.8989258,75978691.101074219,8,-61.1020553267
-21163.9404297,75978836.059570312,8,-61.1613448907
-21018.9819336,75978981.018066406,8,-61.2210419466
-20874.0234375,75979125.9765625,8,-61.2811521343
-20729.0649414,75979270.935058594,8,-61.341681212
-20584.1064453,75979415.893554688,8,-61.4026350589
-20439.1479492,75979560.852050781,8,-61.4640196787
-20294.1894531,75979705.810546875,8,-61.5258412036
-20149.230957,75979850.769042969,8,-61.5881058976
-20004.2724609,75979995.727539062,8,-61.6508201603
-19859.3139648,75980140.686035156,8,-61.7139905309
-19714.3554688,75980285.64453125,8,-61.7776236924
-19569.3969727,75980430.603027344,8,-61.8417264758
-19424.4384766,75980575.561523438,8,-61.9063058645
-19279.4799805,75980720.520019531,8,-61.9713689985
-19134.5214844,75980865.478515625,8,-62.03692318
-18989.5629883,75981010.437011719,8,-62.1029758773
-18844.6044922,75981155.395507812,8,-62.1695347307
-18699.6459961,75981300.354003906,8,-62.2366075574
-18554.6875,75981445.3125,8,-62.3042023571
-18409.7290039,75981590.270996094,8,-62.3723273177
-18264.7705078,75981735.229492188,8,-62.4409908213
-18119.8120117,75981880.187988281,8,-62.5102014504
-17974.8535156,75982025.146484375,8,-62.5799679944
-17829.8950195,75982170.104980469,8,-62.650299456
-17684.9365234,75982315.063476562,8,-62.7212050586
-17539.9780273,75982460.021972656,8,-62.7926942531
-17395.0195312,75982604.98046875,8,-62.864776726
-17250.0610352,75982749.938964844,8,-62.9374624066
-17105.1025391,75982894.897460938,8,-63.0107614761
-16960.144043,75983039.855957031,8,-63.084684375
-16815.1855469,75983184.814453125,8,-63.1592418133
-16670.2270508,75983329.772949219,8,-63.2344447788
-16525.2685547,75983474.731445312,8,-63.3103045472
-16380.3100586,75983619.689941406,8,-63.3868326925
-16235.3515625,75983764.6484375,8,-63.464041097
-16090.3930664,75983909.606933594,8,-63.5419419631
-15945.4345703,75984054.565429688,8,-63.6205478242
-15800.4760742,75984199.523925781,8,-63.6998715572
-15655.5175781,75984344.482421875,8,-63.779926395
-15510.559082,75984489.440917969,8,-63.8607259398
-15365.6005859,75984634.399414062,8,-63.9422841772
-15220.6420898,75984779.357910156,8,-64.0246154901
-15075.6835938,75984924.31640625,8,-64.1077346747
-14930.7250977,75985069.274902344,8,-64.1916569558
-14785.7666016,75985214.233398438,8,-64.276398004
-14640.8081055,75985359.191894531,8,-64.361973953
-14495.8496094,75985504.150390625,8,-64.4484014182
-14350.8911133,75985649.108886719,8,-64.5356975159
-14205.9326172,75985794.067382812,8,-64.6238798838
-14060.9741211,75985939.025878906,8,-64.7129667022
-13916.015625,75986083.984375,8,-64.8029767167
-13771.0571289,75986228.942871094,8,-64.8939292618
-13626.0986328,75986373.901367188,8,-64.9858442857
-13481.1401367,75986518.859863281,8,-65.0787423769
-13336.1816406,75986663.818359375,8,-65.1726447915
-13191.2231445,75986808.776855469,8,-65.2675734824
-13046.2646484,75986953.735351562,8,-65.3635511307
-12901.3061523,75987098.693847656,8,-65.4606011773
-12756.3476562,75987243.65234375,8,-65.5587478579
-12611.3891602,75987388.610839844,8,-65.6580162395
-12466.4306641,75987533.569335938,8,-65.758432258
-12321.472168,75987678.527832031,8,-65.8600227597
-12176.5136719,75987823.486328125,8,-65.9628155439
-12031.5551758,75987968.444824219,8,-66.066839409
-11886.5966797,75988113.403320312,8,-66.1721242003
-11741.6381836,75988258.361816406,8,-66.2787008619
-11596.6796875,75988403.3203125,8,-66.3866014913
-11451.7211914,75988548.278808594,8,-66.495859397
-11306.7626953,75988693.237304688,8,-66.6065091609
-11161.8041992,75988838.195800781,8,-66.7185867032
-11016.8457031,75988983.154296875,8,-66.832129353
-10871.887207,75989128.112792969,8,-66.947175923
-10726.9287109,75989273.071289062,8,-67.0637667884
-10581.9702148,75989418.029785156,8,-67.181943973
-10437.0117188,75989562.98828125,8,-67.3017512393
-10292.0532227,75989707.946777344,8,-67.4232341861
-10147.0947266,75989852.905273438,8,-67.5464403528
-10002.1362305,75989997.863769531,8,-67.6714193312
-9857.17773438,75990142.822265625,8,-67.7982228846
-9712.21923828,75990287.780761719,8,-67.9269050777
-9567.26074219,75990432.739257812,8,-68.057522414
-9422.30224609,75990577.697753906,8,-68.1901339852
-9277.34375,75990722.65625,8,-68.3248016317
-9132.38525391,75990867.614746094,8,-68.4615901157
-8987.42675781,75991012.573242188,8,-68.6005673083
-8842.46826172,75991157.531738281,8,-68.7418043916
-8697.50976562,75991302.490234375,8,-68.8853760779
-8552.55126953,75991447.448730469,8,-69.0313608465
-8407.59277344,75991592.407226562,8,-69.179841202
-8262.63427734,75991737.365722656,8,-69.3309039539
-8117.67578125,75991882.32421875,8,-69.4846405213
-7972.71728516,75992027.282714844,8,-69.6411472658
-7827.75878906,75992172.241210938,8,-69.8005258535
-7682.80029297,75992317.199707031,8,-69.9628836524
-7537.84179688,75992462.158203125,8,-70.1283341663
-7392.88330078,75992607.116699219,8,-70.2969975117
-7247.92480469,75992752.075195312,8,-70.4690009417
-7102.96630859,75992897.033691406,8,-70.6444794227
-6958.0078125,75993041.9921875,8,-70.8235762707
-6813.04931641,75993186.950683594,8,-71.0064438545
-6668.09082031,75993331.909179688,8,-71.1932443748
-6523.13232422,75993476.867675781,8,-71.3841507282
-6378.17382812,75993621.826171875,8,-71.5793474693
-6233.21533203,75993766.784667969,8,-71.7790318829
-6088.25683594,75993911.743164062,8,-71.9834151822
-5943.29833984,75994056.701660156,8,-72.1927238514
-5798.33984375,75994201.66015625,8,-72.407201155
-5653.38134766,75994346.618652344,8,-72.627108837
-5508.42285156,75994491.577148438,8,-72.8527290411
-5363.46435547,75994636.535644531,8,-73.0843664882
-5218.50585938,75994781.494140625,8,-73.3223509504
-5073.54736328,75994926.452636719,8,-73.5670400751
-4928.58886719,75995071.411132812,8,-73.8188226177
-4783.63037109,75995216.369628906,8,-74.0781221575
-4638.671875,75995361.328125,8,-74.3454013853
-4493.71337891,75995506.286621094,8,-74.6211670717
-4348.75488281,75995651.245117188,8,-74.9059758508
-4203.79638672,75995796.203613281,8,-75.2004409842
-4058.83789062,75995941.162109375,8,-75.5052403123
-3913.87939453,75996086.120605469,8,-75.8211256531
-3768.92089844,75996231.079101562,8,-76.1489339742
-3623.96240234,75996376.037597656,8,-76.4896007575
-3479.00390625,75996520.99609375,8,-76.8441760941
-3334.04541016,75996665.954589844,8,-77.2138442056
-3189.08691406,75996810.913085938,8,-77.5999473071
-3044.12841797,75996955.871582031,8,-78.0040150267
-2899.16992188,75997100.830078125,8,-78.4278010059
-2754.21142578,75997245.788574219,8,-78.8733288981
-2609.25292969,75997390.747070312,8,-79.3429508132
-2464.29443359,75997535.705566406,8,-79.8394224859
-2319.3359375,75997680.6640625,8,-80.3660012586
-2174.37744141,75997825.622558594,8,-80.926575729
-2029.41894531,75997970.581054688,8,-81.5258401951
-1884.46044922,75998115.539550781,8,-82.1695338611
-1739.50195312,75998260.498046875,8,-82.864775985
-1594.54345703,75998405.456542969,8,-83.6205472015
-1449.58496094,75998550.415039062,8,-84.4484009036
-1304.62646484,75998695.373535156,8,-85.3635507138
-1159.66796875,75998840.33203125,8,-86.3866011619
-1014.70947266,75998985.290527344,8,-87.5464401006
-869.750976562,75999130.249023438,8,-88.8853758926
-724.792480469,75999275.207519531,8,-90.4690008129
-579.833984375,75999420.166015625,8,-92.4072010727
-434.875488281,75999565.124511719,8,-94.9059758044
-289.916992188,75999710.083007812,8,-98.4278009853
-144.958496094,75999855.041503906,8,-104.448400898
0,76000000,8,-160
144.958496094,76000144.958496094,8,-104.448400898
289.916992188,76000289.916992188,8,-98.4278009855
434.875488281,76000434.875488281,8,-94.9059758045
579.833984375,76000579.833984375,8,-92.4072010728
724.792480469,76000724.792480469,8,-90.469000813
869.750976562,76000869.750976562,8,-88.8853758927
1014.70947266,76001014.709472656,8,-87.5464401007
1159.66796875,76001159.66796875,8,-86.386601162
1304.62646484,76001304.626464844,8,-85.3635507139
1449.58496094,76001449.584960938,8,-84.4484009037
1594.54345703,76001594.543457031,8,-83.6205472016
1739.50195312,76001739.501953125,8,-82.864775985
1884.46044922,76001884.460449219,8,-82.1695338611
2029.41894531,76002029.418945312,8,-81.5258401951
2174.37744141,76002174.377441406,8,-80.926575729
2319.3359375,76002319.3359375,8,-80.3660012586
2464.29443359,76002464.294433594,8,-79.8394224859
2609.25292969,76002609.252929688,8,-79.3429508132
2754.21142578,76002754.211425781,8,-78.8733288981
2899.16992188,76002899.169921875,8,-78.4278010059
3044.12841797,76003044.128417969,8,-78.0040150267
3189.08691406,76003189.086914062,8,-77.5999473071
3334.04541016,76003334.045410156,8,-77.2138442056
3479.00390625,76003479.00390625,8,-76.8441760941
3623.96240234,76003623.962402344,8,-76.4896007575
3768.92089844,76003768.920898438,8,-76.1489339741
3913.87939453,76003913.879394531,8,-75.8211256532
4058.83789062,76004058.837890625,8,-75.5052403124
4203.79638672,76004203.796386719,8,-75.2004409842
4348.75488281,76004348.754882812,8,-74.9059758508
4493.71337891,76004493.713378906,8,-74.6211670717
4638.671875,76004638.671875,8,-74.3454013853
4783.63037109,76004783.630371094,8,-74.0781221575
4928.58886719,76004928.588867188,8,-73.8188226177
5073.54736328,76005073.547363281,8,-73.5670400751
5218.50585938,76005218.505859375,8,-73.3223509504
5363.46435547,76005363.464355469,8,-73.0843664882
5508.42285156,76005508.422851562,8,-72.8527290412
5653.38134766,76005653.381347656,8,-72.627108837
5798.33984375,76005798.33984375,8,-72.407201155
5943.29833984,76005943.298339844,8,-72.1927238514
6088.25683594,76006088.256835938,8,-71.9834151822
6233.21533203,76006233.215332031,8,-71.779031883
6378.17382812,76006378.173828125,8,-71.5793474693
6523.13232422,76006523.132324219,8,-71.3841507282
6668.09082031,76006668.090820312,8,-71.1932443748
6813.04931641,76006813.049316406,8,-71.0064438545
6958.0078125,76006958.0078125,8,-70.8235762707
7102.96630859,76007102.966308594,8,-70.6444794227
7247.92480469,76007247.924804688,8,-70.4690009417
7392.88330078,76007392.883300781,8,-70.2969975117
7537.84179688,76007537.841796875,8,-70.1283341663
7682.80029297,76007682.800292969,8,-69.9628836524
7827.75878906,76007827.758789062,8,-69.8005258535
7972.71728516,76007972.717285156,8,-69.6411472658
8117.67578125,76008117.67578125,8,-69.4846405213
8262.63427734,76008262.634277344,8,-69.3309039539
8407.59277344,76008407.592773438,8,-69.179841202
8552.55126953,76008552.551269531,8,-69.0313608465
8697.50976562,76008697.509765625,8,-68.8853760779
8842.46826172,76008842.468261719,8,-68.7418043916
8987.42675781,76008987.426757812,8,-68.6005673083
9132.38525391,76009132.385253906,8,-68.4615901157
9277.34375,76009277.34375,8,-68.3248016317
9422.30224609,76009422.302246094,8,-68.1901339852
9567.26074219,76009567.260742188,8,-68.057522414
9712.21923828,76009712.219238281,8,-67.9269050777
9857.17773438,76009857.177734375,8,-67.7982228847
10002.1362305,76010002.136230469,8,-67.6714193312
10147.0947266,76010147.094726562,8,-67.5464403528
10292.0532227,76010292.053222656,8,-67.4232341861
10437.0117188,76010437.01171875,8,-67.3017512393
10581.9702148,76010581.970214844,8,-67.181943973
10726.9287109,76010726.928710938,8,-67.0637667884
10871.887207,76010871.887207031,8,-66.947175923
11016.8457031,76011016.845703125,8,-66.832129353
11161.8041992,76011161.804199219,8,-66.7185867032
11306.7626953,76011306.762695312,8,-66.6065091609
11451.7211914,76011451.721191406,8,-66.495859397
11596.6796875,76011596.6796875,8,-66.3866014913
11741.6381836,76011741.638183594,8,-66.2787008619
11886.5966797,76011886.596679688,8,-66.1721242003
12031.5551758,76012031.555175781,8,-66.066839409
12176.5136719,76012176.513671875,8,-65.962815544
12321.472168,76012321.472167969,8,-65.8600227597
12466.4306641,76012466.430664062,8,-65.758432258
12611.3891602,76012611.389160156,8,-65.6580162395
12756.3476562,76012756.34765625,8,-65.5587478579
12901.3061523,76012901.306152344,8,-65.4606011773
13046.2646484,76013046.264648438,8,-65.3635511307
13191.2231445,76013191.223144531,8,-65.2675734824
13336.1816406,76013336.181640625,8,-65.1726447915
13481.1401367,76013481.140136719,8,-65.0787423769
13626.0986328,76013626.098632812,8,-64.9858442857
13771.0571289,76013771.057128906,8,-64.8939292618
13916.015625,76013916.015625,8,-64.8029767167
14060.9741211,76014060.974121094,8,-64.7129667022
14205.9326172,76014205.932617188,8,-64.6238798838
14350.8911133,76014350.891113281,8,-64.5356975159
14495.8496094,76014495.849609375,8,-64.4484014182
14640.8081055,76014640.808105469,8,-64.361973953
14785.7666016,76014785.766601562,8,-64.276398004
14930.7250977,76014930.725097656,8,-64.1916569558
15075.6835938,76015075.68359375,8,-64.1077346747
15220.6420898,76015220.642089844,8,-64.0246154901
15365.6005859,76015365.600585938,8,-63.9422841772
15510.559082,76015510.559082031,8,-63.8607259398
15655.5175781,76015655.517578125,8,-63.779926395
15800.4760742,76015800.476074219,8,-63.6998715572
15945.4345703,76015945.434570312,8,-63.6205478242
16090.3930664,76016090.393066406,8,-63.5419419631
16235.3515625,76016235.3515625,8,-63.464041097
16380.3100586,76016380.310058594,8,-63.3868326925
16525.2685547,76016525.268554688,8,-63.3103045472
16670.2270508,76016670.227050781,8,-63.2344447788
16815.1855469,76016815.185546875,8,-63.1592418133
16960.144043,76016960.144042969,8,-63.084684375
17105.1025391,76017105.102539062,8,-63.0107614761
17250.0610352,76017250.061035156,8,-62.9374624066
17395.0195312,76017395.01953125,8,-62.864776726
17539.9780273,76017539.978027344,8,-62.7926942531
17684.9365234,76017684.936523438,8,-62.7212050586
17829.8950195,76017829.895019531,8,-62.650299456
17974.8535156,76017974.853515625,8,-62.5799679944
18119.8120117,76018119.812011719,8,-62.5102014504
18264.7705078,76018264.770507812,8,-62.4409908213
18409.7290039,76018409.729003906,8,-62.3723273177
18554.6875,76018554.6875,8,-62.3042023571
18699.6459961,76018699.645996094,8,-62.2366075574
18844.6044922,76018844.604492188,8,-62.1695347307
18989.5629883,76018989.562988281,8,-62.1029758773
19134.5214844,76019134.521484375,8,-62.03692318
19279.4799805,76019279.479980469,8,-61.9713689985
19424.4384766,76019424.438476562,8,-61.9063058645
19569.3969727,76019569.396972656,8,-61.8417264758
19714.3554688,76019714.35546875,8,-61.7776236924
19859.3139648,76019859.313964844,8,-61.7139905309
20004.2724609,76020004.272460938,8,-61.6508201603
20149.230957,76020149.230957031,8,-61.5881058976
20294.1894531,76020294.189453125,8,-61.5258412036
20439.1479492,76020439.147949219,8,-61.4640196787
20584.1064453,76020584.106445312,8,-61.4026350589
20729.0649414,76020729.064941406,8,-61.341681212
20874.0234375,76020874.0234375,8,-61.2811521344
21018.9819336,76021018.981933594,8,-61.2210419466
21163.9404297,76021163.940429688,8,-61.1613448907
21308.8989258,76021308.898925781,8,-61.1020553267
21453.8574219,76021453.857421875,8,-61.0431677291
21598.815918,76021598.815917969,8,-60.9846766842
21743.7744141,76021743.774414062,8,-60.9265768868
21888.7329102,76021888.732910156,8,-60.8688631377
22033.6914062,76022033.69140625,8,-60.8115303404
22178.6499023,76022178.649902344,8,-60.7545734988
22323.6083984,76022323.608398438,8,-60.6979877144
22468.5668945,76022468.566894531,8,-60.6417681838
22613.5253906,76022613.525390625,8,-60.5859101963
22758.4838867,76022758.483886719,8,-60.5304091315
22903.4423828,76022903.442382812,8,-60.4752604569
23048.4008789,76023048.400878906,8,-60.4204597261
23193.359375,76023193.359375,8,-60.366002576
23338.3178711,76023338.317871094,8,-60.3118847251
23483.2763672,76023483.276367188,8,-60.2581019717
23628.2348633,76023628.234863281,8,-60.2046501914
23773.1933594,76023773.193359375,8,-60.1515253355
23918.1518555,76023918.151855469,8,-60.0987234293
24063.1103516,76024063.110351562,8,-60.0462405699
24208.0688477,76024208.068847656,8,-59.9940729251
24353.0273438,76024353.02734375,8,-59.942216731
24497.9858398,76024497.985839844,8,-59.8906682907
24642.9443359,76024642.944335938,8,-59.839423973
24787.902832,76024787.902832031,8,-59.7884802105
24932.8613281,76024932.861328125,8,-59.737833498
25077.8198242,76025077.819824219,8,-59.6874803915
25222.7783203,76025222.778320312,8,-59.6374175065
25367.7368164,76025367.736816406,8,-59.5876415165
25512.6953125,76025512.6953125,8,-59.5381491522
25657.6538086,76025657.653808594,8,-59.4889371996
25802.6123047,76025802.612304688,8,-59.4400024991
25947.5708008,76025947.570800781,8,-59.3913419443
26092.5292969,76026092.529296875,8,-59.3429524805
26237.487793,76026237.487792969,8,-59.2948311039
26382.4462891,76026382.446289062,8,-59.2469748605
26527.4047852,76026527.404785156,8,-59.1993808445
26672.3632812,76026672.36328125,8,-59.152046198
26817.3217773,76026817.321777344,8,-59.1049681093
26962.2802734,76026962.280273438,8,-59.0581438123
27107.2387695,76027107.238769531,8,-59.0115705853
27252.1972656,76027252.197265625,8,-58.9652457503
27397.1557617,76027397.155761719,8,-58.9191666717
27542.1142578,76027542.114257812,8,-58.8733307558
27687.0727539,76027687.072753906,8,-58.8277354497
27832.03125,76027832.03125,8,-58.7823782405
27976.9897461,76027976.989746094,8,-58.7372566544
28121.9482422,76028121.948242188,8,-58.6923682561
28266.9067383,76028266.906738281,8,-58.6477106477
28411.8652344,76028411.865234375,8,-58.6032814681
28556.8237305,76028556.823730469,8,-58.5590783924
28701.7822266,76028701.782226562,8,-58.515099131
28846.7407227,76028846.740722656,8,-58.4713414286
28991.6992188,76028991.69921875,8,-58.4278030643
29136.6577148,76029136.657714844,8,-58.38448185
29281.6162109,76029281.616210938,8,-58.3413756304
29426.574707,76029426.574707031,8,-58.2984822821
29571.5332031,76029571.533203125,8,-58.255799713
29716.4916992,76029716.491699219,8,-58.2133258617
29861.4501953,76029861.450195312,8,-58.1710586968
30006.4086914,76030006.408691406,8,-58.1289962165
30151.3671875,76030151.3671875,8,-58.087136448
30296.3256836,76030296.325683594,8,-58.0454774467
30441.2841797,76030441.284179688,8,-58.004017296
30586.2426758,76030586.242675781,8,-57.9627541066
30731.2011719,76030731.201171875,8,-57.921686016
30876.159668,76030876.159667969,8,-57.8808111879
31021.1181641,76031021.118164062,8,-57.8401278119
31166.0766602,76031166.076660156,8,-57.7996341028
31311.0351562,76031311.03515625,8,-57.7593283005
31455.9936523,76031455.993652344,8,-57.7192086691
31600.9521484,76031600.952148438,8,-57.6792734966
31745.9106445,76031745.910644531,8,-57.6395210946
31890.8691406,76031890.869140625,8,-57.5999497977
32035.8276367,76032035.827636719,8,-57.5605579634
32180.7861328,76032180.786132812,8,-57.5213439711
32325.7446289,76032325.744628906,8,-57.4823062223
32470.703125,76032470.703125,8,-57.4434431398
32615.6616211,76032615.661621094,8,-57.4047531676
32760.6201172,76032760.620117188,8,-57.3662347703
32905.5786133,76032905.578613281,8,-57.327886433
33050.5371094,76033050.537109375,8,-57.2897066605
33195.4956055,76033195.495605469,8,-57.2516939774
33340.4541016,76033340.454101562,8,-57.2138469277
33485.4125977,76033485.412597656,8,-57.1761640742
33630.3710938,76033630.37109375,8,-57.1386439983
33775.3295898,76033775.329589844,8,-57.1012852998
33920.2880859,76033920.288085938,8,-57.0640865964
34065.246582,76034065.246582031,8,-57.0270465235
34210.2050781,76034210.205078125,8,-56.990163734
34355.1635742,76034355.163574219,8,-56.9534368978
34500.1220703,76034500.122070312,8,-56.9168647016
34645.0805664,76034645.080566406,8,-56.8804458485
34790.0390625,76034790.0390625,8,-56.8441790582
34934.9975586,76034934.997558594,8,-56.8080630659
35079.9560547,76035079.956054688,8,-56.7720966229
35224.9145508,76035224.914550781,8,-56.7362784957
35369.8730469,76035369.873046875,8,-56.7006074662
35514.831543,76035514.831542969,8,-56.6650823311
35659.7900391,76035659.790039062,8,-56.6297019019
35804.7485352,76035804.748535156,8,-56.5944650044
35949.7070312,76035949.70703125,8,-56.5593704788
36094.6655273,76036094.665527344,8,-56.5244171792
36239.6240234,76036239.624023438,8,-56.4896039736
36384.5825195,76036384.582519531,8,-56.4549297435
36529.5410156,76036529.541015625,8,-56.4203933836
36674.4995117,76036674.499511719,8,-56.385993802
36819.4580078,76036819.458007812,8,-56.3517299195
36964.4165039,76036964.416503906,8,-56.3176006696
37109.375,76037109.375,8,-56.2836049987
37254.3334961,76037254.333496094,8,-56.2497418649
37399.2919922,76037399.291992188,8,-56.2160102391
37544.2504883,76037544.250488281,8,-56.1824091036
37689.2089844,76037689.208984375,8,-56.1489374528
37834.1674805,76037834.167480469,8,-56.1155942925
37979.1259766,76037979.125976562,8,-56.08237864
38124.0844727,76038124.084472656,8,-56.0492895239
38269.0429688,76038269.04296875,8,-56.0163259837
38414.0014648,76038414.001464844,8,-55.9834870699
38558.9599609,76038558.959960938,8,-55.9507718436
38703.918457,76038703.918457031,8,-55.9181793766
38848.8769531,76038848.876953125,8,-55.8857087512
38993.8354492,76038993.835449219,8,-55.8533590596
39138.7939453,76039138.793945312,8,-55.8211294045
39283.7524414,76039283.752441406,8,-55.7890188983
39428.7109375,76039428.7109375,8,-55.7570266633
39573.6694336,76039573.669433594,8,-55.7251518315
39718.6279297,76039718.627929688,8,-55.6933935444
39863.5864258,76039863.586425781,8,-55.6617509527
40008.5449219,76040008.544921875,8,-55.6302232166
40153.503418,76040153.503417969,8,-55.5988095054
40298.4619141,76040298.461914062,8,-55.5675089972
40443.4204102,76040443.420410156,8,-55.536320879
40588.3789062,76040588.37890625,8,-55.5052443467
40733.3374023,76040733.337402344,8,-55.4742786046
40878.2958984,76040878.295898438,8,-55.4434228656
41023.2543945,76041023.254394531,8,-55.4126763508
41168.2128906,76041168.212890625,8,-55.3820382899
41313.1713867,76041313.171386719,8,-55.3515079202
41458.1298828,76041458.129882812,8,-55.3210844875
41603.0883789,76041603.088378906,8,-55.2907672452
41748.046875,76041748.046875,8,-55.2605554545
41893.0053711,76041893.005371094,8,-55.2304483846
42037.9638672,76042037.963867188,8,-55.2004453118
42182.9223633,76042182.922363281,8,-55.1705455203
42327.8808594,76042327.880859375,8,-55.1407483014
42472.8393555,76042472.839355469,8,-55.1110529536
42617.7978516,76042617.797851562,8,-55.081458783
42762.7563477,76042762.756347656,8,-55.0519651023
42907.7148438,76042907.71484375,8,-55.0225712314
43052.6733398,76043052.673339844,8,-54.9932764971
43197.6318359,76043197.631835938,8,-54.9640802328
43342.590332,76043342.590332031,8,-54.9349817789
43487.5488281,76043487.548828125,8,-54.9059804821
43632.5073242,76043632.507324219,8,-54.8770756959
43777.4658203,76043777.465820312,8,-54.8482667799
43922.4243164,76043922.424316406,8,-54.8195531005
44067.3828125,76044067.3828125,8,-54.7909340299
44212.3413086,76044212.341308594,8,-54.7624089468
44357.2998047,76044357.299804688,8,-54.7339772358
44502.2583008,76044502.258300781,8,-54.7056382878
44647.2167969,76044647.216796875,8,-54.6773914993
44792.175293,76044792.175292969,8,-54.6492362729
44937.1337891,76044937.133789062,8,-54.6211720169
45082.0922852,76045082.092285156,8,-54.5931981453
45227.0507812,76045227.05078125,8,-54.5653140778
45372.0092773,76045372.009277344,8,-54.5375192398
45516.9677734,76045516.967773438,8,-54.5098130618
45661.9262695,76045661.926269531,8,-54.4821949802
45806.8847656,76045806.884765625,8,-54.4546644364
45951.8432617,76045951.843261719,8,-54.4272208773
46096.8017578,76046096.801757812,8,-54.399863755
46241.7602539,76046241.760253906,8,-54.3725925267
46386.71875,76046386.71875,8,-54.3454066546
46531.6772461,76046531.677246094,8,-54.3183056062
46676.6357422,76046676.635742188,8,-54.2912888538
46821.5942383,76046821.594238281,8,-54.2643558747
46966.5527344,76046966.552734375,8,-54.2375061508
47111.5112305,76047111.511230469,8,-54.2107391691
47256.4697266,76047256.469726562,8,-54.1840544211
47401.4282227,76047401.428222656,8,-54.1574514032
47546.3867188,76047546.38671875,8,-54.1309296162
47691.3452148,76047691.345214844,8,-54.1044885656
47836.3037109,76047836.303710938,8,-54.0781277613
47981.262207,76047981.262207031,8,-54.0518467177
48126.2207031,76048126.220703125,8,-54.0256449536
48271.1791992,76048271.179199219,8,-53.9995219921
48416.1376953,76048416.137695312,8,-53.9734773607
48561.0961914,76048561.096191406,8,-53.947510591
48706.0546875,76048706.0546875,8,-53.9216212188
48851.0131836,76048851.013183594,8,-53.8958087841
48995.9716797,76048995.971679688,8,-53.8700728311
49140.9301758,76049140.930175781,8,-53.8444129078
49285.8886719,76049285.888671875,8,-53.8188285663
49430.847168,76049430.847167969,8,-53.7933193627
49575.8056641,76049575.805664062,8,-53.7678848569
49720.7641602,76049720.764160156,8,-53.7425246128
49865.7226562,76049865.72265625,8,-53.7172381979
50010.6811523,76050010.681152344,8,-53.6920251837
50155.6396484,76050155.639648438,8,-53.6668851452
50300.5981445,76050300.598144531,8,-53.6418176613
50445.5566406,76050445.556640625,8,-53.6168223143
50590.5151367,76050590.515136719,8,-53.5918986903
50735.4736328,76050735.473632812,8,-53.5670463788
50880.4321289,76050880.432128906,8,-53.5422649729
51025.390625,76051025.390625,8,-53.5175540692
51170.3491211,76051170.349121094,8,-53.4929132677
51315.3076172,76051315.307617188,8,-53.4683421716
51460.2661133,76051460.266113281,8,-53.4438403879
51605.2246094,76051605.224609375,8,-53.4194075265
51750.1831055,76051750.183105469,8,-53.3950432008
51895.1416016,76051895.141601562,8,-53.3707470273
52040.1000977,76052040.100097656,8,-53.3465186259
52185.0585938,76052185.05859375,8,-53.3223576195
52330.0170898,76052330.017089844,8,-53.2982636342
52474.9755859,76052474.975585938,8,-53.2742362992
52619.934082,76052619.934082031,8,-53.2502752469
52764.8925781,76052764.892578125,8,-53.2263801124
52909.8510742,76052909.851074219,8,-53.2025505341
53054.8095703,76053054.809570312,8,-53.1787861534
53199.7680664,76053199.768066406,8,-53.1550866143
53344.7265625,76053344.7265625,8,-53.1314515641
53489.6850586,76053489.685058594,8,-53.1078806527
53634.6435547,76053634.643554688,8,-53.0843735329
53779.6020508,76053779.602050781,8,-53.0609298605
53924.5605469,76053924.560546875,8,-53.0375492938
54069.519043,76054069.519042969,8,-53.014231494
54214.4775391,76054214.477539062,8,-52.990976125
54359.4360352,76054359.436035156,8,-52.9677828533
54504.3945312,76054504.39453125,8,-52.9446513484
54649.3530273,76054649.353027344,8,-52.921581282
54794.3115234,76054794.311523438,8,-52.8985723286
54939.2700195,76054939.270019531,8,-52.8756241653
55084.2285156,76055084.228515625,8,-52.8527364718
55229.1870117,76055229.187011719,8,-52.8299089302
55374.1455078,76055374.145507812,8,-52.8071412251
55519.1040039,76055519.104003906,8,-52.7844330437
55664.0625,76055664.0625,8,-52.7617840756
55809.0209961,76055809.020996094,8,-52.7391940128
55953.9794922,76055953.979492188,8,-52.7166625496
56098.9379883,76056098.937988281,8,-52.6941893828
56243.8964844,76056243.896484375,8,-52.6717742116
56388.8549805,76056388.854980469,8,-52.6494167373
56533.8134766,76056533.813476562,8,-52.6271166638
56678.7719727,76056678.771972656,8,-52.604873697
56823.7304688,76056823.73046875,8,-52.5826875452
56968.6889648,76056968.688964844,8,-52.5605579189
57113.6474609,76057113.647460938,8,-52.5384845308
57258.605957,76057258.605957031,8,-52.5164670958
57403.5644531,76057403.564453125,8,-52.494505331
57548.5229492,76057548.522949219,8,-52.4725989554
57693.4814453,76057693.481445312,8,-52.4507476905
57838.4399414,76057838.439941406,8,-52.4289512597
57983.3984375,76057983.3984375,8,-52.4072093884
58128.3569336,76058128.356933594,8,-52.3855218042
58273.3154297,76058273.315429688,8,-52.3638882367
58418.2739258,76058418.273925781,8,-52.3423084174
58563.2324219,76058563.232421875,8,-52.3207820799
58708.190918,76058708.190917969,8,-52.2993089599
58853.1494141,76058853.149414062,8,-52.2778887948
58998.1079102,76058998.107910156,8,-52.2565213241
59143.0664062,76059143.06640625,8,-52.2352062892
59288.0249023,76059288.024902344,8,-52.2139434333
59432.9833984,76059432.983398438,8,-52.1927325016
59577.9418945,76059577.941894531,8,-52.1715732412
59722.9003906,76059722.900390625,8,-52.1504654008
59867.8588867,76059867.858886719,8,-52.1294087312
60012.8173828,76060012.817382812,8,-52.1084029849
60157.7758789,76060157.775878906,8,-52.0874479162
60302.734375,76060302.734375,8,-52.0665432811
60447.6928711,76060447.692871094,8,-52.0456888374
60592.6513672,76060592.651367188,8,-52.0248843448
60737.6098633,76060737.609863281,8,-52.0041295645
60882.5683594,76060882.568359375,8,-51.9834242595
61027.5268555,76061027.526855469,8,-51.9627681944
61172.4853516,76061172.485351562,8,-51.9421611357
61317.4438477,76061317.443847656,8,-51.9216028514
61462.4023438,76061462.40234375,8,-51.901093111
61607.3608398,76061607.360839844,8,-51.880631686
61752.3193359,76061752.319335938,8,-51.8602183492
61897.277832,76061897.277832031,8,-51.8398528751
62042.2363281,76062042.236328125,8,-51.8195350398
62187.1948242,76062187.194824219,8,-51.7992646209
62332.1533203,76062332.153320312,8,-51.7790413976
62477.1118164,76062477.111816406,8,-51.7588651508
62622.0703125,76062622.0703125,8,-51.7387356626
62767.0288086,76062767.028808594,8,-51.7186527167
62911.9873047,76062911.987304688,8,-51.6986160986
63056.9458008,76063056.945800781,8,-51.678625595
63201.9042969,76063201.904296875,8,-51.6586809939
63346.862793,76063346.862792969,8,-51.6387820853
63491.8212891,76063491.821289062,8,-51.6189286601
63636.7797852,76063636.779785156,8,-51.5991205109
63781.7382812,76063781.73828125,8,-51.5793574317
63926.6967773,76063926.696777344,8,-51.5596392179
64071.6552734,76064071.655273438,8,-51.5399656662
64216.6137695,76064216.613769531,8,-51.5203365747
64361.5722656,76064361.572265625,8,-51.500751743
64506.5307617,76064506.530761719,8,-51.4812109718
64651.4892578,76064651.489257812,8,-51.4617140635
64796.4477539,76064796.447753906,8,-51.4422608215
64941.40625,76064941.40625,8,-51.4228510507
65086.3647461,76065086.364746094,8,-51.4034845573
65231.3232422,76065231.323242188,8,-51.3841611486
65376.2817383,76065376.281738281,8,-51.3648806333
65521.2402344,76065521.240234375,8,-51.3456428216
65666.1987305,76065666.198730469,8,-51.3264475246
65811.1572266,76065811.157226562,8,-51.3072945549
65956.1157227,76065956.115722656,8,-51.2881837261
66101.0742188,76066101.07421875,8,-51.2691148533
66246.0327148,76066246.032714844,8,-51.2500877527
66390.9912109,76066390.991210938,8,-51.2311022416
66535.949707,76066535.949707031,8,-51.2121581386
66680.9082031,76066680.908203125,8,-51.1932552634
66825.8666992,76066825.866699219,8,-51.1743934371
66970.8251953,76066970.825195312,8,-51.1555724818
67115.7836914,76067115.783691406,8,-51.1367922206
67260.7421875,76067260.7421875,8,-51.1180524781
67405.7006836,76067405.700683594,8,-51.0993530797
67550.6591797,76067550.659179688,8,-51.0806938521
67695.6176758,76067695.617675781,8,-51.062074623
67840.5761719,76067840.576171875,8,-51.0434952215
67985.534668,76067985.534667969,8,-51.0249554774
68130.4931641,76068130.493164062,8,-51.0064552217
68275.4516602,76068275.451660156,8,-50.9879942868
68420.4101562,76068420.41015625,8,-50.9695725057
68565.3686523,76068565.368652344,8,-50.9511897128
68710.3271484,76068710.327148438,8,-50.9328457433
68855.2856445,76068855.285644531,8,-50.9145404336
69000.2441406,76069000.244140625,8,-50.8962736211
69145.2026367,76069145.202636719,8,-50.8780451442
69290.1611328,76069290.161132812,8,-50.8598548424
69435.1196289,76069435.119628906,8,-50.8417025561
69580.078125,76069580.078125,8,-50.8235881267
69725.0366211,76069725.036621094,8,-50.8055113967
69869.9951172,76069869.995117188,8,-50.7874722095
70014.9536133,76070014.953613281,8,-50.7694704094
70159.9121094,76070159.912109375,8,-50.7515058418
70304.8706055,76070304.870605469,8,-50.733578353
70449.8291016,76070449.829101562,8,-50.7156877903
70594.7875977,76070594.787597656,8,-50.6978340018
70739.7460938,76070739.74609375,8,-50.6800168367
70884.7045898,76070884.704589844,8,-50.6622361451
71029.6630859,76071029.663085938,8,-50.6444917779
71174.621582,76071174.621582031,8,-50.626783587
71319.5800781,76071319.580078125,8,-50.6091114252
71464.5385742,76071464.538574219,8,-50.5914751462
71609.4970703,76071609.497070312,8,-50.5738746046
71754.4555664,76071754.455566406,8,-50.5563096558
71899.4140625,76071899.4140625,8,-50.5387801562
72044.3725586,76072044.372558594,8,-50.5212859629
72189.3310547,76072189.331054688,8,-50.5038269341
72334.2895508,76072334.289550781,8,-50.4864029286
72479.2480469,76072479.248046875,8,-50.4690138063
72624.206543,76072624.206542969,8,-50.4516594277
72769.1650391,76072769.165039062,8,-50.4343396543
72914.1235352,76072914.123535156,8,-50.4170543483
73059.0820312,76073059.08203125,8,-50.3998033729
73204.0405273,76073204.040527344,8,-50.3825865919
73348.9990234,76073348.999023438,8,-50.36540387
73493.9575195,76073493.957519531,8,-50.3482550728
73638.9160156,76073638.916015625,8,-50.3311400665
73783.8745117,76073783.874511719,8,-50.3140587183
73928.8330078,76073928.833007812,8,-50.2970108961
74073.7915039,76074073.791503906,8,-50.2799964684
74218.75,76074218.75,8,-50.2630153047
74363.7084961,76074363.708496094,8,-50.2460672753
74508.6669922,76074508.666992188,8,-50.229152251
74653.6254883,76074653.625488281,8,-50.2122701036
74798.5839844,76074798.583984375,8,-50.1954207055
74943.5424805,76074943.542480469,8,-50.1786039298
75088.5009766,76075088.500976562,8,-50.1618196506
75233.4594727,76075233.459472656,8,-50.1450677424
75378.4179688,76075378.41796875,8,-50.1283480807
75523.3764648,76075523.376464844,8,-50.1116605415
75668.3349609,76075668.334960938,8,-50.0950050017
75813.293457,76075813.293457031,8,-50.0783813387
75958.2519531,76075958.251953125,8,-50.0617894308
76103.2104492,76076103.210449219,8,-50.0452291569
76248.1689453,76076248.168945312,8,-50.0287003965
76393.1274414,76076393.127441406,8,-50.0122030301
76538.0859375,76076538.0859375,8,-49.9957369385
76683.0444336,76076683.044433594,8,-49.9793020034
76828.0029297,76076828.002929688,8,-49.9628981072
76972.9614258,76076972.961425781,8,-49.9465251327
77117.9199219,76077117.919921875,8,-49.9301829637
77262.878418,76077262.878417969,8,-49.9138714844
77407.8369141,76077407.836914062,8,-49.8975905798
77552.7954102,76077552.795410156,8,-49.8813401355
77697.7539062,76077697.75390625,8,-49.8651200378
77842.7124023,76077842.712402344,8,-49.8489301734
77987.6708984,76077987.670898438,8,-49.8327704299
78132.6293945,76078132.629394531,8,-49.8166406955
78277.5878906,76078277.587890625,8,-49.8005408589
78422.5463867,76078422.546386719,8,-49.7844708094
78567.5048828,76078567.504882812,8,-49.7684304371
78712.4633789,76078712.463378906,8,-49.7524196324
78857.421875,76078857.421875,8,-49.7364382868
79002.3803711,76079002.380371094,8,-49.7204862918
79147.3388672,76079147.338867188,8,-49.7045635399
79292.2973633,76079292.297363281,8,-49.6886699242
79437.2558594,76079437.255859375,8,-49.6728053381
79582.2143555,76079582.214355469,8,-49.6569696758
79727.1728516,76079727.172851562,8,-49.641162832
79872.1313477,76079872.131347656,8,-49.6253847021
80017.0898438,76080017.08984375,8,-49.6096351819
80162.0483398,76080162.048339844,8,-49.5939141678
80307.0068359,76080307.006835938,8,-49.5782215569
80451.965332,76080451.965332031,8,-49.5625572466
80596.9238281,76080596.923828125,8,-49.5469211352
80741.8823242,76080741.882324219,8,-49.5313131212
80886.8408203,76080886.840820312,8,-49.5157331039
81031.7993164,76081031.799316406,8,-49.500180983
81176.7578125,76081176.7578125,8,-49.4846566587
81321.7163086,76081321.716308594,8,-49.469160032
81466.6748047,76081466.674804688,8,-49.4536910041
81611.6333008,76081611.633300781,8,-49.438249477
81756.5917969,76081756.591796875,8,-49.4228353529
81901.550293,76081901.550292969,8,-49.4074485349
82046.5087891,76082046.508789062,8,-49.3920889263
82191.4672852,76082191.467285156,8,-49.3767564311
82336.4257812,76082336.42578125,8,-49.3614509537
82481.3842773,76082481.384277344,8,-49.3461723991
82626.3427734,76082626.342773438,8,-49.3309206728
82771.3012695,76082771.301269531,8,-49.3156956806
82916.2597656,76082916.259765625,8,-49.3004973291
83061.2182617,76083061.218261719,8,-49.2853255251
83206.1767578,76083206.176757812,8,-49.2701801761
83351.1352539,76083351.135253906,8,-49.25506119
83496.09375,76083496.09375,8,-49.2399684752
83641.0522461,76083641.052246094,8,-49.2249019404
83786.0107422,76083786.010742188,8,-49.2098614952
83930.9692383,76083930.969238281,8,-49.1948470492
84075.9277344,76084075.927734375,8,-49.1798585127
84220.8862305,76084220.886230469,8,-49.1648957965
84365.8447266,76084365.844726562,8,-49.1499588118
84510.8032227,76084510.803222656,8,-49.1350474701
84655.7617188,76084655.76171875,8,-49.1201616837
84800.7202148,76084800.720214844,8,-49.1053013651
84945.6787109,76084945.678710938,8,-49.0904664273
85090.637207,76085090.637207031,8,-49.0756567836
85235.5957031,76085235.595703125,8,-49.0608723481
85380.5541992,76085380.554199219,8,-49.0461130351
85525.5126953,76085525.512695312,8,-49.0313787593
85670.4711914,76085670.471191406,8,-49.0166694359
85815.4296875,76085815.4296875,8,-49.0019849805
85960.3881836,76085960.388183594,8,-48.9873253093
86105.3466797,76086105.346679688,8,-48.9726903387
86250.3051758,76086250.305175781,8,-48.9580799855
86395.2636719,76086395.263671875,8,-48.9434941672
86540.222168,76086540.222167969,8,-48.9289328014
86685.1806641,76086685.180664062,8,-48.9143958064
86830.1391602,76086830.139160156,8,-48.8998831006
86975.0976562,76086975.09765625,8,-48.885394603
87120.0561523,76087120.056152344,8,-48.870930233
87265.0146484,76087265.014648438,8,-48.8564899105
87409.9731445,76087409.973144531,8,-48.8420735555
87554.9316406,76087554.931640625,8,-48.8276810886
87699.8901367,76087699.890136719,8,-48.8133124308
87844.8486328,76087844.848632812,8,-48.7989675035
87989.8071289,76087989.807128906,8,-48.7846462283
88134.765625,76088134.765625,8,-48.7703485275
88279.7241211,76088279.724121094,8,-48.7560743236
88424.6826172,76088424.682617188,8,-48.7418235394
88569.6411133,76088569.641113281,8,-48.7275960982
88714.5996094,76088714.599609375,8,-48.7133919237
88859.5581055,76088859.558105469,8,-48.6992109399
89004.5166016,76089004.516601562,8,-48.6850530713
89149.4750977,76089149.475097656,8,-48.6709182425
89294.4335938,76089294.43359375,8,-48.6568063787
89439.3920898,76089439.392089844,8,-48.6427174054
89584.3505859,76089584.350585938,8,-48.6286512485
89729.309082,76089729.309082031,8,-48.6146078341
89874.2675781,76089874.267578125,8,-48.600587089
90019.2260742,76090019.226074219,8,-48.5865889399
90164.1845703,76090164.184570312,8,-48.5726133142
90309.1430664,76090309.143066406,8,-48.5586601396
90454.1015625,76090454.1015625,8,-48.5447293439
90599.0600586,76090599.060058594,8,-48.5308208556
90744.0185547,76090744.018554688,8,-48.5169346033
90888.9770508,76090888.977050781,8,-48.503070516
91033.9355469,76091033.935546875,8,-48.4892285231
91178.894043,76091178.894042969,8,-48.4754085543
91323.8525391,76091323.852539062,8,-48.4616105396
91468.8110352,76091468.811035156,8,-48.4478344093
91613.7695312,76091613.76953125,8,-48.4340800942
91758.7280273,76091758.728027344,8,-48.4203475253
91903.6865234,76091903.686523438,8,-48.4066366338
92048.6450195,76092048.645019531,8,-48.3929473516
92193.6035156,76092193.603515625,8,-48.3792796105
92338.5620117,76092338.562011719,8,-48.365633343
92483.5205078,76092483.520507812,8,-48.3520084815
92628.4790039,76092628.479003906,8,-48.3384049591
92773.4375,76092773.4375,8,-48.3248227091
92918.3959961,76092918.395996094,8,-48.311261665
93063.3544922,76093063.354492188,8,-48.2977217607
93208.3129883,76093208.312988281,8,-48.2842029304
93353.2714844,76093353.271484375,8,-48.2707051086
93498.2299805,76093498.229980469,8,-48.2572282301
93643.1884766,76093643.188476562,8,-48.24377223
93788.1469727,76093788.146972656,8,-48.2303370437
93933.1054688,76093933.10546875,8,-48.216922607
94078.0639648,76094078.063964844,8,-48.2035288558
94223.0224609,76094223.022460938,8,-48.1901557265
94367.980957,76094367.980957031,8,-48.1768031556
94512.9394531,76094512.939453125,8,-48.16347108
94657.8979492,76094657.897949219,8,-48.150159437
94802.8564453,76094802.856445312,8,-48.136868164
94947.8149414,76094947.814941406,8,-48.1235971986
95092.7734375,76095092.7734375,8,-48.1103464791
95237.7319336,76095237.731933594,8,-48.0971159437
95382.6904297,76095382.690429688,8,-48.0839055309
95527.6489258,76095527.648925781,8,-48.0707151798
95672.6074219,76095672.607421875,8,-48.0575448294
95817.565918,76095817.565917969,8,-48.0443944192
95962.5244141,76095962.524414062,8,-48.0312638889
96107.4829102,76096107.482910156,8,-48.0181531784
96252.4414062,76096252.44140625,8,-48.0050622282
96397.3999023,76096397.399902344,8,-47.9919909785
96542.3583984,76096542.358398438,8,-47.9789393704
96687.3168945,76096687.316894531,8,-47.9659073447
96832.2753906,76096832.275390625,8,-47.9528948429
96977.2338867,76096977.233886719,8,-47.9399018066
97122.1923828,76097122.192382812,8,-47.9269281775
97267.1508789,76097267.150878906,8,-47.9139738979
97412.109375,76097412.109375,8,-47.90103891
97557.0678711,76097557.067871094,8,-47.8881231565
97702.0263672,76097702.026367188,8,-47.8752265803
97846.9848633,76097846.984863281,8,-47.8623491245
97991.9433594,76097991.943359375,8,-47.8494907325
98136.9018555,76098136.901855469,8,-47.836651348
98281.8603516,76098281.860351562,8,-47.8238309147
98426.8188477,76098426.818847656,8,-47.811029377
98571.7773438,76098571.77734375,8,-47.7982466791
98716.7358398,76098716.735839844,8,-47.7854827657
98861.6943359,76098861.694335938,8,-47.7727375817
99006.652832,76099006.652832031,8,-47.7600110722
99151.6113281,76099151.611328125,8,-47.7473031825
99296.5698242,76099296.569824219,8,-47.7346138582
99441.5283203,76099441.528320312,8,-47.7219430451
99586.4868164,76099586.486816406,8,-47.7092906895
99731.4453125,76099731.4453125,8,-47.6966567374
99876.4038086,76099876.403808594,8,-47.6840411355
